{
  "total_return": 7.079568106678107,
  "annualized_return": 40.83031466199757,
  "annualized_volatility": 1.1791234424750934,
  "sharpe_ratio": 34.619203716543716,
  "max_drawdown": 0.0,
  "win_rate": 0.5294117647058824,
  "profit_factor": 0.353300725547435,
  "total_trades": 208,
  "winning_trades": 45,
  "losing_trades": 40,
  "total_commission": 151991.58565347726,
  "total_dividend": 0.0,
  "final_value": 80795681.06678107
}