{
  "total_return": 0.5449690742100562,
  "annualized_return": 29.049832061268653,
  "annualized_volatility": 0.9178254595930114,
  "sharpe_ratio": 31.639819704005266,
  "max_drawdown": 0.0,
  "win_rate": 0.5,
  "profit_factor": 0.2435562731581153,
  "total_trades": 17,
  "winning_trades": 3,
  "losing_trades": 3,
  "total_commission": 12577.516599999999,
  "total_dividend": 0.0,
  "final_value": 15449690.742100563
}