{
  "total_return": 47.22006146779359,
  "annualized_return": 0.7683682105499905,
  "annualized_volatility": 0.3882500126235344,
  "sharpe_ratio": 1.953298611442262,
  "max_drawdown": 0.0,
  "win_rate": 0.743215876873228,
  "profit_factor": 0.9898248716107092,
  "total_trades": 6117,
  "winning_trades": 1835,
  "losing_trades": 634,
  "total_commission": 4154682.7904422716,
  "total_dividend": 57797871.59459998,
  "final_value": 4822006146.779359
}