snapshot	month	rank	code	name	yutai_content	categories	min_invest_yen	yutai_shares	yutai_yield	dividend_yield
2019-09-22	1	1	8609	岡三証券グループ	証券金融サービス	金融サービス	38000.0			
2019-09-22	1	2	9637	オーエス	映画招待券、食事優待券	食事券|教養・娯楽	345000.0			
2019-09-22	1	3	3071	ストリーム	株主優待割引券	暮らし	10000.0		9.9	
2019-09-22	1	4	1766	東建コーポレーション	新米等、宿泊優待券、ゴルフ観戦招待券、ゴルフ場優待券、自社サービス優待	食料品|交通・旅行|暮らし|スポーツ	670000.0			
2019-09-22	1	5	7590	タカショー	プレミアム優待倶楽部ポイント、特別販売カタログ	カタログギフト|ポイントサービス	45000.0		6.55	
2019-09-22	1	6	3246	コーセーアールイー	オリジナル・クオカード	金券|長期保有特典	68000.0			
2019-09-22	1	7	1928	積水ハウス	新潟県魚沼産コシヒカリ	食料品	2102000.0			
2019-09-22	1	8	3418	バルニバービ	優待食事券、株主優待カード	食事券|暮らし|長期保有特典	101000.0		1.98	
2019-09-22	1	9	4334	ユークス	自社製品	教養・娯楽	46000.0		6.47	
2019-09-22	1	10	9829	ながの東急百貨店	買物優待券	暮らし	170000.0			
2019-09-22	1	11	3320	クロスプラス	自社選定商品、クーポン券	ポイントサービス|美容・ファッション|長期保有特典	61000.0		4.86	
2019-09-22	1	12	8562	福島銀行	銀行金融サービス	金融サービス	22000.0			
2019-09-22	1	13	2590	ダイドーグループホールディングス	自社グループ商品詰合せ	食料品	451000.0		1.33	
2019-09-22	1	14	8068	菱洋エレクトロ	ギフト商品、会員限定サービス	暮らし|長期保有特典	925000.0			
2019-09-22	1	15	3169	ミサワ	株主限定商品	暮らし|長期保有特典	49000.0			
2019-09-22	1	16	3193	鳥貴族	優待食事券	食事券	230000.0		0.87	
2019-09-22	1	17	9681	東京ドーム	プロ野球公式戦チケット、自社施設優待券	交通・旅行|教養・娯楽|スポーツ|長期保有特典	519000.0			
2019-09-22	1	18	8013	ナイガイ	自社商品詰め合わせ	美容・ファッション|長期保有特典	38000.0			
2019-09-22	1	19	3421	稲葉製作所	オリジナル図書カード、地域特産品	食料品|金券	145000.0		0.68	
2019-09-22	1	20	6387	サムコ	オリジナル・クオカード	金券|長期保有特典	270000.0		0.36	
2019-09-22	2	1	8267	イオン	株主優待カード、自社グル―プ優待券	金券|暮らし|長期保有特典	199000.0			
2019-09-22	2	2	3048	ビックカメラ	買物優待券	暮らし|長期保有特典	111000.0		2.68	
2019-09-22	2	3	8905	イオンモール	自社商品券、カタログギフト	金券|カタログギフト|長期保有特典|社会貢献	172000.0		1.73	
2019-09-22	2	4	2789	カルラ	食事優待券	食事券	46000.0		2.13	
2019-09-22	2	5	3543	コメダホールディングス	電子マネー「ＫＯＭＥＣＡ」ポイント	食事券|ポイントサービス	201000.0		0.99	
2019-09-22	2	6	8609	岡三証券グループ	証券金融サービス	金融サービス	38000.0			
2019-09-22	2	7	8233	高島屋	株主優待カード	暮らし	130000.0			
2019-09-22	2	8	9861	吉野家ホールディングス	買物優待券	食事券	227000.0		2.63	
2019-09-22	2	9	2930	北の達人コーポレーション	自社商品	食料品	70000.0		4.67	
2019-09-22	2	10	7630	壱番屋	優待食事券	食事券	505000.0		0.39	
2019-09-22	2	11	3073	ＤＤホールディングス	株主優待ポイント、株主優待券、お米	食料品|食事券|ポイントサービス	149000.0		4.01	
2019-09-22	2	12	7545	西松屋チェーン	プリペイド式お買物カード	暮らし|美容・ファッション|長期保有特典	96000.0		2.07	
2019-09-22	2	13	3198	ＳＦＰホールディングス	優待食事券	食事券	218000.0		3.65	
2019-09-22	2	14	1766	東建コーポレーション	新米等、宿泊優待券、ゴルフ観戦招待券、ゴルフ場優待券、自社サービス優待	食料品|交通・旅行|暮らし|スポーツ	670000.0			
2019-09-22	2	15	3063	ジェイグループホールディングス	優待食事券	食事券	71000.0		5.61	
2019-09-22	2	16	3387	クリエイト・レストランツ・ホールディングス	優待食事券	食事券|長期保有特典	178000.0		3.36	
2019-09-22	2	17	8016	オンワードホールディングス	自社グループ製品	美容・ファッション	55000.0			
2019-09-22	2	18	2927	ＡＦＣ－ＨＤアムスライフサイエンス	株主優待割引券・商品引換券	カタログギフト|美容・ファッション	64000.0		6.16	
2019-09-22	2	19	3087	ドトール・日レスホールディングス	株主優待カード	食事券	213000.0		0.46	
2019-09-22	2	20	7514	ヒマラヤ	株主優待割引券	教養・娯楽|スポーツ	81000.0		2.45	
2019-09-22	3	1	7201	日産自動車	株主紹介特典制度	金券|カタログギフト	70000.0		7.04	
2019-09-22	3	2	8591	オリックス	ふるさと優待、株主優待カード	食料品|食事券|交通・旅行|教養・娯楽|スポーツ|長期保有特典	173000.0			
2019-09-22	3	3	3099	三越伊勢丹ホールディングス	株主優待カード	暮らし|長期保有特典	86000.0			
2019-09-22	3	4	7550	ゼンショーホールディングス	優待食事券	食料品|食事券	247000.0		0.8	
2019-09-22	3	5	9980	ＭＲＫホールディングス	商品割引券、RIZAPグループ商品	ポイントサービス|美容・ファッション|長期保有特典	17000.0		23.52	
2019-09-22	3	6	9201	日本航空	株主優待航空割引券	交通・旅行|長期保有特典	337000.0			
2019-09-22	3	7	9873	日本ＫＦＣホールディングス	自社商品割引券	食事券	235000.0		0.42	
2019-09-22	3	8	9904	ベリテ	優待割引カード、自社商品券	暮らし	333000.0		1.5	
2019-09-22	3	9	3397	トリドールホールディングス	株主優待割引券	食事券|長期保有特典	261000.0		3.06	
2019-09-22	3	10	9202	ＡＮＡホールディングス	株主優待航空割引・自社グループ優待券・カレンダー	食事券|交通・旅行|暮らし|スポーツ|カレンダー	374000.0			
2019-09-22	3	11	4765	モーニングスター	自社投資情報サービス、サプリメント優待券	美容・ファッション|金融サービス	37000.0		90.13	
2019-09-22	3	12	7524	マルシェ	優待食事券	食料品|食事券|社会貢献	78000.0		7.66	
2019-09-22	3	13	9831	ヤマダ電機	自社優待割引券	暮らし|長期保有特典	52000.0			
2019-09-22	3	14	9783	ベネッセホールディングス	株主優待カタログ	カタログギフト	283000.0			
2019-09-22	3	15	3591	ワコールホールディングス	自社商品券、カタログ販売商品株主割引	美容・ファッション|長期保有特典	277000.0			
2019-09-22	3	16	3175	エー・ピーカンパニー	株主優待券、全国共通おこめ券	食事券|金券	53000.0		5.56	
2019-09-22	3	17	8601	大和証券グループ本社	株主優待商品、日用雑貨品、寄付	食料品|暮らし|ポイントサービス|教養・娯楽|社会貢献	508000.0		0.78	
2019-09-22	3	18	9005	東急	株主優待乗車証、自社グループ優待券	交通・旅行|暮らし|長期保有特典	419000.0			
2019-09-22	3	19	1808	長谷工コーポレーション	株主優待券、お米割引販売	食料品|暮らし	124000.0			
2019-09-22	3	20	8714	池田泉州ホールディングス	地域特産品、銀行金融サービス	食料品|カタログギフト|金融サービス|長期保有特典	39000.0			
2019-09-22	4	1	6630	ヤーマン	自社商品	美容・ファッション|長期保有特典	71000.0		7.01	
2019-09-22	4	2	8609	岡三証券グループ	証券金融サービス	金融サービス	38000.0			
2019-09-22	4	3	9603	エイチ・アイ・エス	株主優待券、自社施設優待券	交通・旅行|教養・娯楽	275000.0		2.18	
2019-09-22	4	4	3361	トーエル	自社取扱商品	食料品|カレンダー	361000.0		0.83	
2019-09-22	4	5	9444	トーシンホールディングス	自社商品券、自社施設利用無料券	暮らし|スポーツ	57000.0			
2019-09-22	4	6	9279	ギフト	食事優待券	食事券	508000.0			
2019-09-22	4	7	2695	くら寿司	優待食事券 、自社商品詰合せ	食料品|食事券	459000.0		0.54	
2019-09-22	4	8	1766	東建コーポレーション	新米等、宿泊優待券、ゴルフ観戦招待券、ゴルフ場優待券、自社サービス優待	食料品|交通・旅行|暮らし|スポーツ	670000.0			
2019-09-22	4	9	9263	ビジョナリーホールディングス	株主優待割引券、メガネレンズお仕立券	暮らし|美容・ファッション|長期保有特典	3000.0			
2019-09-22	4	10	3329	東和フードサービス	優待食事券	食料品|食事券	167000.0		1.49	
2019-09-22	4	11	3134	Ｈａｍｅｅ	自社グループクーポン	暮らし|ポイントサービス	105000.0		2.83	
2019-09-22	4	12	2198	アイ・ケイ・ケイ	優待食事券、株主優待商品	食料品|食事券	71000.0		2.11	
2019-09-22	4	13	8917	ファースト住建	クオカード	金券|長期保有特典	131000.0			
2019-09-22	4	14	7604	梅の花	株主優待証、優待券	食事券	255000.0			
2019-09-22	4	15	2910	ロック・フィールド	買物優待券、自社工場見学会	食事券|教養・娯楽|長期保有特典	292000.0		0.68	
2019-09-22	4	16	7959	オリバー	ジェフグルメカード	金券|長期保有特典	224000.0		0.89	
2019-09-22	4	17	3476	投資法人みらい	テーマパーク優待券	教養・娯楽	60000.0			
2019-09-22	4	18	3475	グッドコムアセット	プレミアム優待倶楽部ポイント	カタログギフト|ポイントサービス|長期保有特典	177000.0			
2019-09-22	4	19	8562	福島銀行	銀行金融サービス	金融サービス	22000.0			
2019-09-22	4	20	8079	正栄食品工業	自社製品詰合せ、自社通販優待価格割引	食料品	334000.0			
2019-09-22	5	1	8609	岡三証券グループ	証券金融サービス	金融サービス	38000.0			
2019-09-22	5	2	1377	サカタのタネ	カタログギフト	カタログギフト	379000.0			
2019-09-22	5	3	1766	東建コーポレーション	新米等、宿泊優待券、ゴルフ観戦招待券、ゴルフ場優待券、自社サービス優待	食料品|交通・旅行|暮らし|スポーツ	670000.0			
2019-09-22	5	4	6044	三機サービス	クオカード	金券	92000.0		1.07	
2019-09-22	5	5	1419	タマホーム	オリジナル・クオカード	金券|長期保有特典	142000.0		0.7	
2019-09-22	5	6	3472	大江戸温泉リート投資法人	宿泊優待券	暮らし	448000.0		0.44	
2019-09-22	5	7	9765	オオバ	クオカード、チョコレート菓子	食料品|金券|長期保有特典	63000.0			
2019-09-22	5	8	2698	キャンドゥ	株主優待券	暮らし	168000.0		1.19	
2019-09-22	5	9	3201	日本毛織	株主優待割引券、クオカード	金券|暮らし	97000.0		1.02	
2019-09-22	5	10	3075	銚子丸	優待食事券、自社商品	食料品|食事券	125000.0		0.79	
2019-09-22	5	11	8562	福島銀行	銀行金融サービス	金融サービス	22000.0			
2019-09-22	5	12	3349	コスモス薬品	買物優待券、全国共通おこめ券	金券|暮らし|長期保有特典	2171000.0		0.4	
2019-09-22	5	13	3391	ツルハホールディングス	自社商品券、自社商品詰合せ、株主優待カード	食料品|暮らし|長期保有特典	1192000.0		0.21	
2019-09-22	5	14	4825	ウェザーニューズ	自社サービス無料アプリ	暮らし	334000.0			
2019-09-22	5	15	2493	イーサポートリンク	自社飲料水	食料品	95000.0			
2019-09-22	5	16	3148	クリエイトＳＤホールディングス	買物優待券、カタログギフト、全国共通おこめ券	金券|カタログギフト|暮らし	251000.0		0.59	
2019-09-22	5	17	3160	大光	クオカード、自社商品券	金券|暮らし	67000.0		1.47	
2019-09-22	5	18	2722	アイケイ	買物優待券、自社製品	食料品|長期保有特典	41000.0			
2019-09-22	5	19	6634	ネクスグループ	株主優待券	交通・旅行	20000.0			
2019-09-22	5	20	2792	ハニーズホールディングス	自社商品引換券	美容・ファッション	151000.0		0.33	
2019-09-22	6	1	3197	すかいらーくホールディングス	優待食事券	食事券	193000.0		3.09	
2019-09-22	6	2	8304	あおぞら銀行	ＪＴＢナイスギフト	金券	274000.0			
2019-09-22	6	3	2702	日本マクドナルドホールディングス	優待食事券	食事券	509000.0			
2019-09-22	6	4	4221	大倉工業	自社リゾートホテル宿泊割引券	交通・旅行	165000.0		19.37	
2019-09-22	6	5	3196	ホットランド	優待食事券	食事券	115000.0		2.6	
2019-09-22	6	6	9612	ラックランド	東北地方産品、自社ECサイトクーポン	食料品|暮らし	230000.0		4.77	
2019-09-22	6	7	8609	岡三証券グループ	証券金融サービス	金融サービス	38000.0			
2019-09-22	6	8	1431	Ｌｉｂ　Ｗｏｒｋ	クオカード・割引券	金券|長期保有特典	199000.0		2.51	
2019-09-22	6	9	7267	ホンダ	株主優待券、自社工場見学会、オリジナルカレンダー、切手	教養・娯楽|カレンダー|長期保有特典	290000.0			
2019-09-22	6	10	7962	キングジム	自社グループ商品	暮らし	86000.0		2.89	
2019-09-22	6	11	8179	ロイヤルホールディングス	優待食事券	食事券	271000.0		0.36	
2019-09-22	6	12	7177	ＧＭＯフィナンシャルホールディングス	証券金融サービス	金融サービス	59000.0			
2019-09-22	6	13	8909	シノケングループ	オリジナル・クオカード	金券|長期保有特典	91000.0		1.09	
2019-09-22	6	14	2811	カゴメ	自社製品詰合せ、オリジナル記念品	食料品|長期保有特典	276000.0			
2019-09-22	6	15	7272	ヤマハ発動機	株主優待ポイント、オリジナルカレンダー	ポイントサービス|カレンダー|長期保有特典|社会貢献	192000.0			
2019-09-22	6	16	3807	フィスコ	自社サービス無料クーポン（IPOナビ）	金融サービス	17000.0		69.76	
2019-09-22	6	17	3085	アークランドサービスホールディングス	優待食事券	食事券	198000.0		1.11	
2019-09-22	6	18	8165	千趣会	買物優待券	暮らし|長期保有特典	30000.0		6.62	
2019-09-22	6	19	9449	ＧＭＯインターネット	自社グループ割引サービス	暮らし|金融サービス	192000.0			
2019-09-22	6	20	3299	ムゲンエステート	オリジナル・クオカード	金券	61000.0		1.62	
2019-09-22	7	1	8609	岡三証券グループ	証券金融サービス	金融サービス	38000.0			
2019-09-22	7	2	9637	オーエス	映画招待券、食事優待券	食事券|教養・娯楽	345000.0			
2019-09-22	7	3	7810	クロスフォー	自社製品（ジュエリー）	美容・ファッション	33000.0		13.31	
2019-09-22	7	4	6721	ウインテスト	株主優待クーポン	暮らし|長期保有特典	258000.0			
2019-09-22	7	5	1766	東建コーポレーション	新米等、宿泊優待券、ゴルフ観戦招待券、ゴルフ場優待券、自社サービス優待	食料品|交通・旅行|暮らし|スポーツ	670000.0			
2019-09-22	7	6	7590	タカショー	プレミアム優待倶楽部ポイント、特別販売カタログ	カタログギフト|ポイントサービス	45000.0		6.55	
2019-09-22	7	7	3418	バルニバービ	優待食事券、株主優待カード	食事券|暮らし|長期保有特典	101000.0		1.98	
2019-09-22	7	8	3159	丸善ＣＨＩホールディングス	自社商品券、150周年記念商品	暮らし	37000.0		1.31	
2019-09-22	7	9	9829	ながの東急百貨店	買物優待券	暮らし	170000.0			
2019-09-22	7	10	8562	福島銀行	銀行金融サービス	金融サービス	22000.0			
2019-09-22	7	11	2590	ダイドーグループホールディングス	自社グループ商品詰合せ	食料品	451000.0		1.33	
2019-09-22	7	12	2353	日本駐車場開発	自社施設利用無料券	交通・旅行|暮らし|教養・娯楽	176000.0			
2019-09-22	7	13	3539	ジャパンミート	精肉関連商品	食料品	228000.0		0.87	
2019-09-22	7	14	3193	鳥貴族	優待食事券	食事券	230000.0		0.87	
2019-09-22	7	15	3421	稲葉製作所	オリジナル図書カード、地域特産品	食料品|金券	145000.0		0.68	
2019-09-22	7	16	2217	モロゾフ	株主優待券または自社商品、オンラインショップ優待割引	食料品|食事券|長期保有特典	492000.0			
2019-09-22	7	17	2424	ブラス	クオカード・披露宴優待券・優待食事会	金券|暮らし	66000.0		1.49	
2019-09-22	7	18	8617	光世証券	証券金融サービス	金融サービス	61000.0			
2019-09-22	7	19	9632	スバル興業	ＴＯＨＯシネマズ ギフトカード	教養・娯楽|長期保有特典	681000.0		0.29	
2019-09-22	7	20	3458	シーアールイー	クオカード	金券	102000.0		1.46	
2019-09-22	8	1	8267	イオン	株主優待カード、自社グル―プ優待券	金券|暮らし|長期保有特典	199000.0			
2019-09-22	8	2	3048	ビックカメラ	買物優待券	暮らし|長期保有特典	111000.0		2.68	
2019-09-22	8	3	7581	サイゼリヤ	食事券	食事券|長期保有特典	276000.0			
2019-09-22	8	4	2404	鉄人化計画	株主優待カード、優待食事券	食事券|暮らし	36000.0		6.83	
2019-09-22	8	5	3543	コメダホールディングス	電子マネー「ＫＯＭＥＣＡ」ポイント	食事券|ポイントサービス	201000.0		0.99	
2019-09-22	8	6	8609	岡三証券グループ	証券金融サービス	金融サービス	38000.0			
2019-09-22	8	7	7445	ライトオン	買物優待券	美容・ファッション	67000.0		4.41	
2019-09-22	8	8	8233	高島屋	株主優待カード	暮らし	130000.0			
2019-09-22	8	9	9861	吉野家ホールディングス	買物優待券	食事券	227000.0		2.63	
2019-09-22	8	10	7630	壱番屋	優待食事券	食事券	505000.0		0.39	
2019-09-22	8	11	4668	明光ネットワークジャパン	クオカード	金券|長期保有特典	89000.0		1.11	
2019-09-22	8	12	3174	ハピネス・アンド・ディ	株主優待券、オリジナル商品	暮らし|美容・ファッション	99000.0		12.01	
2019-09-22	8	13	7545	西松屋チェーン	プリペイド式お買物カード	暮らし|美容・ファッション|長期保有特典	96000.0		2.07	
2019-09-22	8	14	8904	サンヨーハウジング名古屋	クオカード	金券	87000.0		1.13	
2019-09-22	8	15	7513	コジマ	株主優待券	暮らし	47000.0			
2019-09-22	8	16	3198	ＳＦＰホールディングス	優待食事券	食事券	218000.0		3.65	
2019-09-22	8	17	1766	東建コーポレーション	新米等、宿泊優待券、ゴルフ観戦招待券、ゴルフ場優待券、自社サービス優待	食料品|交通・旅行|暮らし|スポーツ	670000.0			
2019-09-22	8	18	3063	ジェイグループホールディングス	優待食事券	食事券	71000.0		5.61	
2019-09-22	8	19	3387	クリエイト・レストランツ・ホールディングス	優待食事券	食事券|長期保有特典	178000.0		3.36	
2019-09-22	8	20	2927	ＡＦＣ－ＨＤアムスライフサイエンス	株主優待割引券・商品引換券	カタログギフト|美容・ファッション	64000.0		6.16	
2019-09-22	9	1	7201	日産自動車	株主紹介特典制度	金券|カタログギフト	70000.0		7.04	
2019-09-22	9	2	8591	オリックス	ふるさと優待、株主優待カード	食料品|食事券|交通・旅行|教養・娯楽|スポーツ|長期保有特典	173000.0			
2019-09-22	9	3	3099	三越伊勢丹ホールディングス	株主優待カード	暮らし|長期保有特典	86000.0			
2019-09-22	9	4	7550	ゼンショーホールディングス	優待食事券	食料品|食事券	247000.0		0.8	
2019-09-22	9	5	9980	ＭＲＫホールディングス	商品割引券、RIZAPグループ商品	ポイントサービス|美容・ファッション|長期保有特典	17000.0		23.52	
2019-09-22	9	6	9201	日本航空	株主優待航空割引券	交通・旅行|長期保有特典	337000.0			
2019-09-22	9	7	6181	パートナーエージェント	自社サービス利用券、プレミアム優待倶楽部ポイント	カタログギフト|暮らし|ポイントサービス|美容・ファッション	37000.0		80.21	
2019-09-22	9	8	9873	日本ＫＦＣホールディングス	自社商品割引券	食事券	235000.0		0.42	
2019-09-22	9	9	9904	ベリテ	優待割引カード、自社商品券	暮らし	333000.0		1.5	
2019-09-22	9	10	3397	トリドールホールディングス	株主優待割引券	食事券|長期保有特典	261000.0		3.06	
2019-09-22	9	11	7646	ＰＬＡＮＴ	買物優待券、図書カード	金券|暮らし|長期保有特典	73000.0			
2019-09-22	9	12	9202	ＡＮＡホールディングス	株主優待航空割引・自社グループ優待券・カレンダー	食事券|交通・旅行|暮らし|スポーツ|カレンダー	374000.0			
2019-09-22	9	13	4765	モーニングスター	自社投資情報サービス、サプリメント優待券	美容・ファッション|金融サービス	37000.0		90.13	
2019-09-22	9	14	7524	マルシェ	優待食事券	食料品|食事券|社会貢献	78000.0		7.66	
2019-09-22	9	15	9831	ヤマダ電機	自社優待割引券	暮らし|長期保有特典	52000.0			
2019-09-22	9	16	9783	ベネッセホールディングス	株主優待カタログ	カタログギフト	283000.0			
2019-09-22	9	17	3591	ワコールホールディングス	自社商品券、カタログ販売商品株主割引	美容・ファッション|長期保有特典	277000.0			
2019-09-22	9	18	7148	ＦＰＧ	ＵＣギフトカード	金券|長期保有特典	571000.0		0.17	
2019-09-22	9	19	8601	大和証券グループ本社	株主優待商品、日用雑貨品、寄付	食料品|暮らし|ポイントサービス|教養・娯楽|社会貢献	508000.0		0.78	
2019-09-22	9	20	9479	インプレスホールディングス	自社出版物	教養・娯楽	14000.0			
2019-09-22	10	1	1873	日本ハウスホールディングス	自社製品（カレーギフトセット）	食料品	485000.0			
2019-09-22	10	2	4666	パーク２４	自社駐車場チケット	交通・旅行	239000.0		0.83	
2019-09-22	10	3	8609	岡三証券グループ	証券金融サービス	金融サービス	38000.0			
2019-09-22	10	4	9603	エイチ・アイ・エス	株主優待券、自社施設優待券	交通・旅行|教養・娯楽	275000.0		2.18	
2019-09-22	10	5	3361	トーエル	自社取扱商品	食料品|カレンダー	361000.0		0.83	
2019-09-22	10	6	9444	トーシンホールディングス	自社商品券、自社施設利用無料券	暮らし|スポーツ	57000.0			
2019-09-22	10	7	3038	神戸物産	自社グループ商品券	食料品|長期保有特典	490000.0		0.2	
2019-09-22	10	8	9279	ギフト	食事優待券	食事券	508000.0			
2019-09-22	10	9	7856	萩原工業	株主優待品（クオカード、食料品等）	食料品|金券|暮らし|長期保有特典|社会貢献	151000.0		0.66	
2019-09-22	10	10	1766	東建コーポレーション	新米等、宿泊優待券、ゴルフ観戦招待券、ゴルフ場優待券、自社サービス優待	食料品|交通・旅行|暮らし|スポーツ	670000.0			
2019-09-22	10	11	9263	ビジョナリーホールディングス	株主優待割引券、メガネレンズお仕立券	暮らし|美容・ファッション|長期保有特典	3000.0			
2019-09-22	10	12	3329	東和フードサービス	優待食事券	食料品|食事券	167000.0		1.49	
2019-09-22	10	13	3134	Ｈａｍｅｅ	自社グループクーポン	暮らし|ポイントサービス	105000.0		2.83	
2019-09-22	10	14	8917	ファースト住建	クオカード	金券|長期保有特典	131000.0			
2019-09-22	10	15	7604	梅の花	株主優待証、優待券	食事券	255000.0			
2019-09-22	10	16	2301	学情	オリジナル・クオカード	金券	142000.0		0.35	
2019-09-22	10	17	2910	ロック・フィールド	買物優待券、自社工場見学会	食事券|教養・娯楽|長期保有特典	292000.0		0.68	
2019-09-22	10	18	2373	ケア２１	クオカード	金券	162000.0		0.61	
2019-09-22	10	19	7959	オリバー	ジェフグルメカード	金券|長期保有特典	224000.0		0.89	
2019-09-22	10	20	2345	アイスタディ	クオカード	金券|長期保有特典	67000.0			
2019-09-22	11	1	1430	ファーストコーポレーション	クオカード	金券	60000.0		1.66	
2019-09-22	11	2	2809	キユーピー	自社製品詰合せ	食料品|長期保有特典	259000.0			
2019-09-22	11	3	8609	岡三証券グループ	証券金融サービス	金融サービス	38000.0			
2019-09-22	11	4	3377	バイク王＆カンパニー	自社商品購入割引券	暮らし	18000.0		54.64	
2019-09-22	11	5	3244	サムティ	自社保有ビジネス・リゾートホテル割引券・宿泊無料券	交通・旅行	187000.0		3.2	
2019-09-22	11	6	3547	串カツ田中ホールディングス	食事優待券	食事券	216000.0		0.92	
2019-09-22	11	7	1766	東建コーポレーション	新米等、宿泊優待券、ゴルフ観戦招待券、ゴルフ場優待券、自社サービス優待	食料品|交通・旅行|暮らし|スポーツ	670000.0			
2019-09-22	11	8	1419	タマホーム	オリジナル・クオカード	金券|長期保有特典	142000.0		0.7	
2019-09-22	11	9	3472	大江戸温泉リート投資法人	宿泊優待券	暮らし	448000.0		0.44	
2019-09-22	11	10	2769	ヴィレッジヴァンガードコーポレーション	買物優待券	暮らし|長期保有特典	106000.0			
2019-09-22	11	11	5942	日本フイルコン	クオカード、ワイン	食料品|金券|長期保有特典	50000.0		0.98	
2019-09-22	11	12	9765	オオバ	クオカード、チョコレート菓子	食料品|金券|長期保有特典	63000.0			
2019-09-22	11	13	2153	Ｅ・Ｊホールディングス	クオカード	金券	127000.0		0.78	
2019-09-22	11	14	3201	日本毛織	株主優待割引券、クオカード	金券|暮らし	97000.0		1.02	
2019-09-22	11	15	2830	アヲハタ	自社製品詰合せ	食料品	236000.0		0.42	
2019-09-22	11	16	4834	キャリアバンク	図書カード	金券|長期保有特典	91000.0		1.09	
2019-09-22	11	17	3075	銚子丸	優待食事券、自社商品	食料品|食事券	125000.0		0.79	
2019-09-22	11	18	9812	テーオーホールディングス	北海道特産品	食料品	64000.0			
2019-09-22	11	19	8562	福島銀行	銀行金融サービス	金融サービス	22000.0			
2019-09-22	11	20	3349	コスモス薬品	買物優待券、全国共通おこめ券	金券|暮らし|長期保有特典	2171000.0		0.4	
2019-09-22	12	1	4755	楽天	株主優待券	交通・旅行|ポイントサービス|教養・娯楽|スポーツ|金融サービス|長期保有特典	105000.0		1.89	
2019-09-22	12	2	2914	ＪＴ	自社グループ商品、寄付	食料品|長期保有特典|社会貢献	232000.0			
2019-09-22	12	3	3197	すかいらーくホールディングス	優待食事券	食事券	193000.0		3.09	
2019-09-22	12	4	8304	あおぞら銀行	ＪＴＢナイスギフト	金券	274000.0			
2019-09-22	12	5	7172	ジャパンインベストメントアドバイザー	オリジナル・クオカード、新聞購読券	金券|教養・娯楽|長期保有特典	179000.0		5.55	
2019-09-22	12	6	2702	日本マクドナルドホールディングス	優待食事券	食事券	509000.0			
2019-09-22	12	7	4221	大倉工業	自社リゾートホテル宿泊割引券	交通・旅行	165000.0		19.37	
2019-09-22	12	8	3196	ホットランド	優待食事券	食事券	115000.0		2.6	
2019-09-22	12	9	9612	ラックランド	東北地方産品、自社ECサイトクーポン	食料品|暮らし	230000.0		4.77	
2019-09-22	12	10	8609	岡三証券グループ	証券金融サービス	金融サービス	38000.0			
2019-09-22	12	11	1431	Ｌｉｂ　Ｗｏｒｋ	クオカード・割引券	金券|長期保有特典	199000.0		2.51	
2019-09-22	12	12	5301	東海カーボン	カタログギフト	カタログギフト|長期保有特典	110000.0			
2019-09-22	12	13	7267	ホンダ	株主優待券、自社工場見学会、オリジナルカレンダー、切手	教養・娯楽|カレンダー|長期保有特典	290000.0			
2019-09-22	12	14	2503	キリンホールディングス	自社商品詰合せ	食料品|美容・ファッション|社会貢献	225000.0		0.44	
2019-09-22	12	15	3656	ＫＬａｂ	オリジナルクオカード	金券|長期保有特典	602000.0			
2019-09-22	12	16	8179	ロイヤルホールディングス	優待食事券	食事券	271000.0		0.36	
2019-09-22	12	17	7177	ＧＭＯフィナンシャルホールディングス	証券金融サービス	金融サービス	59000.0			
2019-09-22	12	18	2501	サッポロホールディングス	自社商品詰合せ、優待食事割引券	食料品|食事券|長期保有特典|社会貢献	264000.0		0.37	
2019-09-22	12	19	3302	帝国繊維	クオカード、自社製品	金券|暮らし	180000.0		2.22	
2019-09-22	12	20	8909	シノケングループ	オリジナル・クオカード	金券|長期保有特典	91000.0		1.09	
2020-08-04	3	1	8591	オリックス	ふるさと優待、株主優待カード	食料品|食事券|交通・旅行|教養・娯楽|スポーツ|長期保有特典	121000.0			
2020-08-04	3	2	3397	トリドールホールディングス	株主優待割引券	食事券|長期保有特典	117000.0		6.83	
2020-08-04	3	3	9201	日本航空	株主優待航空割引券	交通・旅行|長期保有特典	181000.0			
2020-08-04	3	4	9202	ＡＮＡホールディングス	株主優待航空割引･自社グループ優待券･カレンダー	食事券|交通・旅行|暮らし|スポーツ|カレンダー	228000.0			
2020-08-04	3	5	7616	コロワイド	株主優待ポイント	ポイントサービス	639000.0		6.26	
2020-08-04	3	6	4661	オリエンタルランド	自社レジャー施設優待券	教養・娯楽|長期保有特典	1321000.0		0.56	
2020-08-04	3	7	2928	ＲＩＺＡＰグループ	優待品交換ポイント	カタログギフト|ポイントサービス|長期保有特典	13000.0		14.92	
2020-08-04	3	8	3099	三越伊勢丹ホールディングス	株主優待カード	暮らし|長期保有特典	51000.0			
2020-08-04	3	9	9020	ＪＲ東日本	株主優待割引券、自社施設サービス券、人間ドック割引券	食事券|交通・旅行	644000.0			
2020-08-04	3	10	7201	日産自動車	株主紹介特典制度	金券|カタログギフト	39000.0			
2020-08-04	3	11	6628	オンキヨー	自社グループクーポン	教養・娯楽	4000.0		22.22	
2020-08-04	3	12	9831	ヤマダ電機	自社優待割引券	暮らし|長期保有特典	47000.0			
2020-08-04	3	13	9436	沖縄セルラー電話	カタログギフト	カタログギフト|長期保有特典	419000.0		0.71	
2020-08-04	3	14	3289	東急不動産ホールディングス	カタログギフト、自社リゾートホテル割引券、スポーツ施設優待券、買物優待券	カタログギフト|交通・旅行|暮らし|スポーツ|社会貢献	43000.0			
2020-08-04	3	15	8304	あおぞら銀行	ＪＴＢナイスギフト	金券|金融サービス	176000.0			
2020-08-04	3	16	9433	ＫＤＤＩ	カタログギフト	カタログギフト|長期保有特典	329000.0		0.91	
2020-08-04	3	17	3372	関門海	株主優待券	食事券	31000.0		12.65	
2020-08-04	3	18	3133	海帆	優待食事券または全国共通おこめ券、クオカード	食事券|金券|長期保有特典	36000.0		11.01	
2020-08-04	3	19	2802	味の素	自社商品詰合せ	食料品|長期保有特典|社会貢献	194000.0		0.51	
2020-08-04	3	20	8386	百十四銀行	香川県特産品カタログ	食料品|カタログギフト	181000.0		1.37	
2020-10-21	6	1	3197	すかいらーくホールディングス	優待食事券	食事券	153000.0		2.6	
2020-10-21	6	2	3053	ペッパーフードサービス	株主優待券、自社商品	食料品|食事券	31000.0		6.34	
2020-10-21	6	3	8304	あおぞら銀行	ＪＴＢナイスギフト	金券|金融サービス	175000.0			
2020-10-21	6	4	8165	千趣会	買物優待券	暮らし|長期保有特典	37000.0		5.36	
2020-10-21	6	5	9449	ＧＭＯインターネット	自社グループ割引サービス	暮らし|金融サービス	298000.0			
2020-10-21	6	6	7272	ヤマハ発動機	株主優待ポイント、オリジナルカレンダー	ポイントサービス|カレンダー|長期保有特典|社会貢献	151000.0			
2020-10-21	6	7	2702	日本マクドナルドホールディングス	優待食事券	食事券	508000.0			
2020-10-21	6	8	2675	ダイナックホールディングス	優待食事券	食事券	120000.0		3.32	
2020-10-21	6	9	9612	ラックランド	地方産品、自社ECサイトクーポン	食料品|暮らし	230000.0		5.98	
2020-10-21	6	10	3807	フィスコ	自社サービス無料クーポン（IPOナビ）	金融サービス	12000.0		93.75	
2020-10-21	6	11	8609	岡三証券グループ	証券金融サービス	金融サービス	36000.0			
2020-10-21	6	12	8179	ロイヤルホールディングス	優待食事券	食事券	183000.0		0.54	
2020-10-21	6	13	2752	フジオフードグループ本社	自社オリジナル商品詰合せ	食料品|食事券	144000.0		4.14	
2020-10-21	6	14	9439	エム・エイチ・グループ	割引券、自社グループ商品	美容・ファッション|長期保有特典	19000.0		17.76	
2020-10-21	6	15	9416	ビジョン	自社サービス利用券	暮らし	103000.0		11.59	
2020-10-21	6	16	7267	ホンダ	株主優待券、自社工場見学会、オリジナルカレンダー	教養・娯楽|カレンダー|長期保有特典	256000.0			
2020-10-21	6	17	3196	ホットランド	優待食事券	食事券	121000.0		2.46	
2020-10-21	6	18	7674	ＮＡＴＴＹ　ＳＷＡＮＫＹ	食事券	食事券	250000.0		8.0	
2020-10-21	6	19	3085	アークランドサービスホールディングス	優待食事券	食事券	204000.0		1.07	
2020-10-21	6	20	5959	岡部	オリジナル・クオカード	金券	78000.0		1.26	
2020-10-21	7	1	8609	岡三証券グループ	証券金融サービス	金融サービス	36000.0			
2020-10-21	7	2	3193	鳥貴族	優待食事券	食事券	156000.0		1.27	
2020-10-21	7	3	1766	東建コーポレーション	新米等、宿泊優待券、ゴルフ観戦招待券、ゴルフ場優待券、自社サービス優待	食料品|交通・旅行|暮らし|スポーツ	825000.0			
2020-10-21	7	4	2590	ダイドーグループホールディングス	自社グループ商品詰合せ	食料品	518000.0			
2020-10-21	7	5	7810	クロスフォー	自社製品（ジュエリー）	美容・ファッション	30000.0		15.0	
2020-10-21	7	6	3159	丸善ＣＨＩホールディングス	自社商品券	暮らし	37000.0		1.35	
2020-10-21	7	7	3421	稲葉製作所	オリジナル図書カード、地域特産品	食料品|金券	135000.0		0.73	
2020-10-21	7	8	7590	タカショー	プレミアム優待倶楽部ポイント、特別販売カタログ	カタログギフト|ポイントサービス|カレンダー	69000.0		4.29	
2020-10-21	7	9	8562	福島銀行	銀行金融サービス	金融サービス	22000.0			
2020-10-21	7	10	2217	モロゾフ	株主優待券または自社商品、オンラインショップ優待割引	食料品|食事券|長期保有特典	581000.0			
2020-10-21	7	11	3070	アマガサ	自社運営 EC サイト商品	暮らし|美容・ファッション	34000.0			
2020-10-21	7	12	3418	バルニバービ	優待食事券、株主優待カード	食事券|暮らし|長期保有特典	99000.0		2.01	
2020-10-21	7	13	2353	日本駐車場開発	自社施設利用無料券	交通・旅行|暮らし|教養・娯楽	132000.0			
2020-10-21	7	14	6654	不二電機工業	クオカード	金券|長期保有特典	129000.0		0.77	
2020-10-21	7	15	7682	浜木綿	株主優待券	食事券|長期保有特典	233000.0		1.71	
2020-10-21	7	16	8617	光世証券	証券金融サービス	金融サービス	66000.0			
2020-10-21	7	17	6091	ウエスコホールディングス	四国水族館の入場券	教養・娯楽	42000.0			
2020-10-21	7	18	6040	日本スキー場開発	自社レジャー施設優待券	暮らし|スポーツ	60000.0			
2020-10-21	7	19	3539	ＪＭホールディングス	精肉関連商品	食料品	248000.0		0.8	
2020-10-21	7	20	6721	ウインテスト	株主優待クーポン	暮らし|長期保有特典	342000.0			
2020-10-21	9	1	8591	オリックス	ふるさと優待、株主優待カード	食料品|食事券|交通・旅行|教養・娯楽|スポーツ|長期保有特典	132000.0			
2020-10-21	9	2	3397	トリドールホールディングス	株主優待割引券	食事券|長期保有特典	139000.0		5.74	
2020-10-21	9	3	8103	明和産業	クオカード	金券|長期保有特典	40000.0			
2020-10-21	9	4	9201	日本航空	株主優待航空割引券	交通・旅行|長期保有特典	198000.0			
2020-10-21	9	5	4661	オリエンタルランド	自社レジャー施設優待券	教養・娯楽|長期保有特典	1490000.0		0.49	
2020-10-21	9	6	6181	タメニー	自社サービス利用券、プレミアム優待倶楽部ポイント	カタログギフト|暮らし|ポイントサービス|美容・ファッション	19000.0		152.28	
2020-10-21	9	7	3289	東急不動産ホールディングス	カタログギフト、自社リゾートホテル割引券、スポーツ施設優待券、買物優待券	カタログギフト|交通・旅行|暮らし|スポーツ|社会貢献	47000.0			
2020-10-21	9	8	3133	海帆	優待食事券または全国共通おこめ券、クオカード	食事券|金券|長期保有特典	38000.0		10.28	
2020-10-21	9	9	9202	ＡＮＡホールディングス	株主優待航空割引･自社グループ優待券･カレンダー	食事券|交通・旅行|暮らし|スポーツ|カレンダー	237000.0			
2020-10-21	9	10	4902	コニカミノルタ	オリジナルカレンダー、年賀状印刷割引	暮らし|カレンダー	25000.0			
2020-10-21	9	11	3598	山喜	買物優待券	美容・ファッション	18000.0		10.75	
2020-10-21	9	12	8304	あおぞら銀行	ＪＴＢナイスギフト	金券|金融サービス	175000.0			
2020-10-21	9	13	3099	三越伊勢丹ホールディングス	株主優待カード	暮らし|長期保有特典	53000.0			
2020-10-21	9	14	4765	モーニングスター	自社投資情報サービス、暗号資産（仮想通貨）	美容・ファッション|金融サービス	45000.0		64.43	
2020-10-21	9	15	7201	日産自動車	株主紹介特典制度	金券|カタログギフト	36000.0			
2020-10-21	9	16	7522	ワタミ	優待食事券	食事券	96000.0		6.19	
2020-10-21	9	17	7616	コロワイド	株主優待ポイント	ポイントサービス	813000.0		4.91	
2020-10-21	9	18	3372	関門海	株主優待券	食事券	31000.0		12.61	
2020-10-21	9	19	2340	極楽湯ホールディングス	自社無料入浴券	暮らし|長期保有特典	33000.0			
2020-10-21	9	20	9831	ヤマダホールディングス	自社優待割引券	暮らし|長期保有特典	51000.0			
2020-10-21	11	1	1419	タマホーム	オリジナルクオカード	金券|長期保有特典	149000.0		0.66	
2020-10-21	11	2	3244	サムティ	自社グループホテル宿泊無料券	交通・旅行	345000.0			
2020-10-21	11	3	8923	トーセイ	クオカード	金券	109000.0		0.91	
2020-10-21	11	4	2809	キユーピー	自社製品詰合せ	食料品|長期保有特典	216000.0			
2020-10-21	11	5	8609	岡三証券グループ	証券金融サービス	金融サービス	36000.0			
2020-10-21	11	6	8095	イワキ	自社グループ商品	暮らし|美容・ファッション|長期保有特典|社会貢献	53000.0			
2020-10-21	11	7	3454	ファーストブラザーズ	クオカード	金券|長期保有特典	97000.0		1.02	
2020-10-21	11	8	3547	串カツ田中ホールディングス	食事優待券	食事券	173000.0		1.15	
2020-10-21	11	9	9765	オオバ	クオカード、チョコレート菓子	食料品|金券|長期保有特典	73000.0			
2020-10-21	11	10	3201	日本毛織	株主優待割引券、クオカード	金券|暮らし	102000.0		0.97	
2020-10-21	11	11	3377	バイク王＆カンパニー	自社商品購入割引券	暮らし	36000.0		27.77	
2020-10-21	11	12	2769	ヴィレッジヴァンガードコーポレーション	買物優待券	暮らし|長期保有特典	106000.0			
2020-10-21	11	13	2796	ファーマライズホールディングス	自社グループ商品	暮らし|保育・介護・医療|長期保有特典	75000.0			
2020-10-21	11	14	5942	日本フイルコン	クオカード、ワイン	食料品|金券|長期保有特典	54000.0			
2020-10-21	11	15	1766	東建コーポレーション	新米等、宿泊優待券、ゴルフ観戦招待券、ゴルフ場優待券、自社サービス優待	食料品|交通・旅行|暮らし|スポーツ	825000.0			
2020-10-21	11	16	2830	アヲハタ	自社製品詰合せ	食料品	255000.0		0.39	
2020-10-21	11	17	3075	銚子丸	優待食事券、自社商品	食料品|食事券	118000.0		0.84	
2020-10-21	11	18	3089	テクノアルファ	オリジナルクオカード	金券	108000.0		0.92	
2020-10-21	11	19	6634	ネクスグループ	株主優待券	交通・旅行	18000.0			
2020-10-21	11	20	2734	サーラコーポレーション	株主優待券	食事券	290000.0		0.34	
2020-10-21	12	1	3197	すかいらーくホールディングス	優待食事券	食事券	153000.0		2.6	
2020-10-21	12	2	3053	ペッパーフードサービス	株主優待券、自社商品	食料品|食事券	31000.0		6.34	
2020-10-21	12	3	2914	ＪＴ	自社グループ商品、寄付	食料品|長期保有特典|社会貢献	198000.0			
2020-10-21	12	4	1605	国際石油開発帝石	クオカード、施設見学会	金券|教養・娯楽|長期保有特典|社会貢献	52000.0			
2020-10-21	12	5	2503	キリンホールディングス	自社商品詰合せ	食料品|美容・ファッション|社会貢献	192000.0		0.51	
2020-10-21	12	6	4755	楽天	楽天キャッシュ、国内宿泊クーポン	交通・旅行|ポイントサービス|教養・娯楽|スポーツ|金融サービス|長期保有特典	112000.0		2.22	
2020-10-21	12	7	7172	ジャパンインベストメントアドバイザー	オリジナルクオカード、新聞購読券	金券|教養・娯楽|長期保有特典	138000.0		7.23	
2020-10-21	12	8	8304	あおぞら銀行	ＪＴＢナイスギフト	金券|金融サービス	175000.0			
2020-10-21	12	9	2501	サッポロホールディングス	自社商品詰合せ、優待食事割引券	食料品|食事券|長期保有特典|社会貢献	181000.0		0.55	
2020-10-21	12	10	8165	千趣会	買物優待券	暮らし|長期保有特典	37000.0		5.36	
2020-10-21	12	11	6547	グリーンズ	株主優待券	交通・旅行	50000.0		3.96	
2020-10-21	12	12	9449	ＧＭＯインターネット	自社グループ割引サービス	暮らし|金融サービス	298000.0			
2020-10-21	12	13	6077	Ｎ・フィールド	オリジナルクオカード	金券	74000.0		2.67	
2020-10-21	12	14	7587	ＰＡＬＴＥＫ	クオカード	金券|長期保有特典	57000.0		0.86	
2020-10-21	12	15	7272	ヤマハ発動機	株主優待ポイント、オリジナルカレンダー	ポイントサービス|カレンダー|長期保有特典|社会貢献	151000.0			
2020-10-21	12	16	2702	日本マクドナルドホールディングス	優待食事券	食事券	508000.0			
2020-10-21	12	17	4927	ポーラ・オルビスホールディングス	株主優待ポイント	美容・ファッション|長期保有特典	208000.0		0.71	
2020-10-21	12	18	2193	クックパッド	自社サイトサービス利用クーポン	暮らし|ポイントサービス|長期保有特典	40000.0			
2020-10-21	12	19	2675	ダイナックホールディングス	優待食事券	食事券	120000.0		3.32	
2020-10-21	12	20	9612	ラックランド	地方産品、自社ECサイトクーポン	食料品|暮らし	230000.0		5.98	
2020-10-30	8	1	8267	イオン	株主優待カード、自社グル―プ優待券	金券|暮らし|長期保有特典	266000.0			
2020-10-30	8	2	3387	クリエイト・レストランツ・ホールディングス	優待食事券	食事券|長期保有特典	54000.0		11.0	
2020-10-30	8	3	9861	吉野家ホールディングス	買物優待券	食事券	191000.0		3.13	
2020-10-30	8	4	7581	サイゼリヤ	食事券	食事券|長期保有特典	180000.0			
2020-10-30	8	5	3048	ビックカメラ	買物優待券	暮らし|長期保有特典	115000.0		2.6	
2020-10-30	8	6	3198	ＳＦＰホールディングス	優待食事券	食事券	131000.0		6.1	
2020-10-30	8	7	3543	コメダホールディングス	電子マネー「ＫＯＭＥＣＡ」ポイント	食事券|ポイントサービス	184000.0		1.08	
2020-10-30	8	8	8233	高島屋	株主優待カード	暮らし	77000.0			
2020-10-30	8	9	9418	ＵＳＥＮ－ＮＥＸＴ　ＨＯＬＤＩＮＧＳ	プレミアム優待倶楽部ポイント、コンテンツ配信サービス｢U-NEXT｣	食料品|カタログギフト|交通・旅行|暮らし|ポイントサービス|長期保有特典	133000.0		0.74	
2020-10-30	8	10	3063	ジェイグループホールディングス	優待食事券	食事券	48000.0		8.28	
2020-10-30	8	11	1766	東建コーポレーション	新米等、宿泊優待券、ゴルフ観戦招待券、ゴルフ場優待券、自社サービス優待	食料品|交通・旅行|暮らし|スポーツ	785000.0			
2020-10-30	8	12	8609	岡三証券グループ	証券金融サービス	金融サービス	34000.0			
2020-10-30	8	13	4668	明光ネットワークジャパン	クオカード	金券|長期保有特典	60000.0		0.83	
2020-10-30	8	14	2157	コシダカホールディングス	自社グループ優待券	暮らし|教養・娯楽|長期保有特典	39000.0		5.12	
2020-10-30	8	15	2404	鉄人化計画	株主優待カード、優待食事券	食事券|暮らし	25000.0		9.69	
2020-10-30	8	16	3548	バロックジャパンリミテッド	店舗、通販サイトで利用可能なクーポン	美容・ファッション	63000.0		6.3	
2020-10-30	8	17	3222	ユナイテッド・スーパーマーケット・ホールディングス	買物優待券、優待品	食料品|暮らし	112000.0			
2020-10-30	8	18	7611	ハイデイ日高	優待券、全国共通おこめ券	食事券|金券|長期保有特典	170000.0		0.51	
2020-10-30	8	19	8011	三陽商会	株主優待セール	美容・ファッション	49000.0			
2020-10-30	8	20	7545	西松屋チェーン	プリペイド式お買物カード	暮らし|美容・ファッション|長期保有特典	169000.0		1.18	
2020-11-01	11	1	3244	サムティ	自社グループホテル宿泊無料券	交通・旅行	329000.0			
2020-11-01	11	2	1419	タマホーム	オリジナルクオカード	金券|長期保有特典	137000.0		0.72	
2020-11-01	11	3	2809	キユーピー	自社製品詰合せ	食料品|長期保有特典	213000.0			
2020-11-01	11	4	3472	大江戸温泉リート投資法人	宿泊優待券	暮らし	348000.0		0.57	
2020-11-01	11	5	2830	アヲハタ	自社製品詰合せ	食料品	250000.0		0.39	
2020-11-01	11	6	8095	イワキ	自社グループ商品	暮らし|美容・ファッション|長期保有特典|社会貢献	50000.0			
2020-11-01	11	7	8923	トーセイ	クオカード	金券	104000.0		0.95	
2020-11-01	11	8	3377	バイク王＆カンパニー	自社商品購入割引券	暮らし	31000.0		31.74	
2020-11-01	11	9	3201	日本毛織	株主優待割引券、クオカード	金券|暮らし	101000.0		0.98	
2020-11-01	11	10	9765	オオバ	クオカード、チョコレート菓子	食料品|金券|長期保有特典	72000.0			
2020-11-01	11	11	2769	ヴィレッジヴァンガードコーポレーション	買物優待券	暮らし|長期保有特典	104000.0			
2020-11-01	11	12	3454	ファーストブラザーズ	クオカード	金券|長期保有特典	94000.0		1.06	
2020-11-01	11	13	5942	日本フイルコン	クオカード、ワイン	食料品|金券|長期保有特典	51000.0			
2020-11-01	11	14	3547	串カツ田中ホールディングス	食事優待券	食事券	172000.0		1.16	
2020-11-01	11	15	8609	岡三証券グループ	証券金融サービス	金融サービス	34000.0			
2020-11-01	11	16	7594	マルカ	グルメセット、グルメギフト券	食料品|食事券	211000.0		0.47	
2020-11-01	11	17	3075	銚子丸	優待食事券、自社商品	食料品|食事券	114000.0		0.87	
2020-11-01	11	18	6076	アメイズ	自社ホテル利用割引券	交通・旅行	80000.0			
2020-11-01	11	19	1766	東建コーポレーション	新米等、宿泊優待券、ゴルフ観戦招待券、ゴルフ場優待券、自社サービス優待	食料品|交通・旅行|暮らし|スポーツ	785000.0			
2020-11-01	11	20	4465	ニイタカ	ギフトカード、自社優待商品	金券|交通・旅行|暮らし|長期保有特典|社会貢献	301000.0		0.33	
2021-01-24	1	1	3071	ストリーム	株主優待割引券	暮らし	23000.0		4.29	
2021-01-24	1	2	3421	稲葉製作所	オリジナル図書カード、地域特産品	食料品|金券	139000.0		0.71	
2021-01-24	1	3	3246	コーセーアールイー	クオカード	金券|長期保有特典	66000.0			
2021-01-24	1	4	1928	積水ハウス	新潟県魚沼産コシヒカリ	食料品	2128000.0			
2021-01-24	1	5	6654	不二電機工業	クオカード	金券|長期保有特典	131000.0		0.76	
2021-01-24	1	6	1433	ベステラ	クオカード	金券	177000.0		0.56	
2021-01-24	1	7	7590	タカショー	プレミアム優待倶楽部ポイント、特別販売カタログ	カタログギフト|ポイントサービス|カレンダー	80000.0		3.7	
2021-01-24	1	8	3921	ネオジャパン	クオカード	金券	201000.0		0.49	
2021-01-24	1	9	3458	シーアールイー	クオカード	金券	130000.0		1.14	
2021-01-24	1	10	9632	スバル興業	ＴＯＨＯシネマズ ギフトカード	教養・娯楽|長期保有特典	899000.0		0.22	
2021-01-24	1	11	8013	ナイガイ	自社商品詰め合わせ	美容・ファッション|長期保有特典	33000.0			
2021-01-24	1	12	3070	アマガサ	自社運営 EC サイト商品	暮らし|美容・ファッション	36000.0			
2021-01-24	1	13	3320	クロスプラス	自社選定商品、クーポン券	ポイントサービス|美容・ファッション|長期保有特典	126000.0		2.37	
2021-01-24	1	14	3463	いちごホテルリート投資法人	Ｊリーグ観戦チケット（抽選）	スポーツ	69000.0			
2021-01-24	1	15	2590	ダイドーグループホールディングス	自社グループ商品詰合せ	食料品	509000.0			
2021-01-24	1	16	3169	ミサワ	株主限定商品	暮らし|長期保有特典	73000.0			
2021-01-24	1	17	3193	鳥貴族	優待食事券	食事券	148000.0		1.34	
2021-01-24	1	18	8142	トーホー	買物割引券、自社製品、寄付	食料品|食事券|暮らし|長期保有特典|社会貢献	182000.0			
2021-01-24	1	19	8609	岡三証券グループ	証券金融サービス	金融サービス	40000.0			
2021-01-24	1	20	8068	菱洋エレクトロ	ギフト商品、会員限定サービス	暮らし|長期保有特典	1700000.0			
2021-03-21	3	1	8591	オリックス	ふるさと優待、株主優待カード	食料品|食事券|交通・旅行|教養・娯楽|スポーツ|長期保有特典	197000.0			
2021-03-21	3	2	3397	トリドールホールディングス	株主優待割引券	食事券|長期保有特典	176000.0		4.52	
2021-03-21	3	3	9433	ＫＤＤＩ	カタログギフト	カタログギフト|長期保有特典	350000.0		0.85	
2021-03-21	3	4	6628	オンキヨーホームエンターテイメント	自社グループクーポン	教養・娯楽	0.0		294.11	
2021-03-21	3	5	8897	タカラレーベン	全国共通おこめ券	金券	40000.0		1.09	
2021-03-21	3	6	3289	東急不動産ホールディングス	カタログギフト、自社リゾートホテル割引券、スポーツ施設優待券、買物優待券	カタログギフト|交通・旅行|暮らし|スポーツ|社会貢献	70000.0			
2021-03-21	3	7	3778	さくらインターネット	オリジナルクオカード	金券	78000.0		1.26	
2021-03-21	3	8	2694	ジー・テイスト	自社グループ優待券、優待割引券	食事券|長期保有特典	7000.0		14.08	
2021-03-21	3	9	3175	エー・ピーホールディングス	株主優待券、全国共通おこめ券	食事券|金券	50000.0		5.95	
2021-03-21	3	10	2602	日清オイリオグループ	自社製品	食料品	345000.0		0.43	
2021-03-21	3	11	9202	ＡＮＡホールディングス	株主優待航空割引･自社グループ優待券･カレンダー	食事券|交通・旅行|暮らし|スポーツ|カレンダー	280000.0			
2021-03-21	3	12	8714	池田泉州ホールディングス	地域特産品、銀行金融サービス	食料品|カタログギフト|金融サービス|長期保有特典	40000.0			
2021-03-21	3	13	7550	ゼンショーホールディングス	優待食事券	食料品|食事券	304000.0		0.65	
2021-03-21	3	14	7412	アトム	株主優待ポイント	ポイントサービス	78000.0		5.1	
2021-03-21	3	15	4765	モーニングスター	自社投資情報サービス、暗号資産（仮想通貨）	教養・娯楽|金融サービス	52000.0		55.57	
2021-03-21	3	16	3395	サンマルクホールディングス	株主優待カード	食事券	181000.0			
2021-03-21	3	17	8136	サンリオ	テーマパーク優待券、買物優待券	暮らし|教養・娯楽	188000.0		10.52	
2021-03-21	3	18	7602	カーチスホールディングス	株主優待券	暮らし	25000.0		115.83	
2021-03-21	3	19	7337	ひろぎんホールディングス	地元特産品、招待券	食料品|教養・娯楽|スポーツ|金融サービス	74000.0			
2021-03-21	3	20	7593	ＶＴホールディングス	レンタカー利用割引券、カタログギフト	カタログギフト|交通・旅行	43000.0		91.53	
2021-06-10	6	1	3197	すかいらーくホールディングス	優待食事券	食事券	165000.0		2.42	
2021-06-10	6	2	2206	江崎グリコ	自社グループ製品詰合せ	食料品|長期保有特典	428000.0		0.23	
2021-06-10	6	3	3053	ペッパーフードサービス	株主優待券、自社商品	食料品|食事券	51000.0		3.9	
2021-06-10	6	4	2702	日本マクドナルドホールディングス	優待食事券	食事券	503000.0			
2021-06-10	6	5	8304	あおぞら銀行	ＪＴＢナイスギフト	金券|金融サービス	251000.0			
2021-06-10	6	6	9612	ラックランド	地方産品、自社ECサイトクーポン	食料品|暮らし	267000.0		4.11	
2021-06-10	6	7	3085	アークランドサービスホールディングス	優待食事券	食事券	232000.0		0.94	
2021-06-10	6	8	3474	Ｇ－ＦＡＣＴＯＲＹ	クオカード	金券	52000.0		1.89	
2021-06-10	6	9	2811	カゴメ	自社製品詰合せ、オリジナル記念品	食料品|長期保有特典	297000.0			
2021-06-10	6	10	8165	千趣会	買物優待券	暮らし|長期保有特典	42000.0		4.7	
2021-06-10	6	11	3807	フィスコ	自社サービス無料クーポン（IPOナビ）	金融サービス	18000.0		65.21	
2021-06-10	6	12	9439	エム・エイチ・グループ	公式オンラインストア優待券	美容・ファッション|長期保有特典	22000.0		13.89	
2021-06-10	6	13	4985	アース製薬	自社製品詰合せ	暮らし|長期保有特典	663000.0		0.6	
2021-06-10	6	14	4767	テー・オー・ダブリュー	クオカード	金券|長期保有特典	346000.0			
2021-06-10	6	15	2752	フジオフードグループ本社	自社オリジナル商品詰合せ	食料品|食事券	139000.0		4.29	
2021-06-10	6	16	1431	Ｌｉｂ　Ｗｏｒｋ	クオカード、割引券、優待ポイント	食料品|金券|カタログギフト|交通・旅行|暮らし|ポイントサービス|長期保有特典|プレミアム優待倶楽部	90000.0		2.21	
2021-06-10	6	17	3191	ジョイフル本田	自社商品券、または茨城県産米	食料品|暮らし	136000.0		1.46	
2021-06-10	6	18	7177	ＧＭＯフィナンシャルホールディングス	証券金融サービス	金融サービス	83000.0			
2021-06-10	6	19	3140	イデアインターナショナル	RIZAPグループ商品	カタログギフト	103000.0		8.72	
2021-06-10	6	20	9966	藤久	買物優待券	暮らし	84000.0		5.91	
2021-08-14	8	1	4668	明光ネットワークジャパン	クオカード	金券|長期保有特典	60000.0		0.82	
2021-08-14	8	2	3387	クリエイト・レストランツ・ホールディングス	優待食事券	食事券|長期保有特典	90000.0		4.41	
2021-08-14	8	3	3048	ビックカメラ	買物優待券	暮らし|長期保有特典	110000.0		2.72	
2021-08-14	8	4	3543	コメダホールディングス	プリペイドカード「ＫＯＭＥＣＡ」チャージ	食事券|長期保有特典	205000.0		0.97	
2021-08-14	8	5	9861	吉野家ホールディングス	買物優待券	食事券	206000.0		2.91	
2021-08-14	8	6	2798	ワイズテーブルコーポレーション	株主優待券	食料品|長期保有特典	190000.0		5.24	
2021-08-14	8	7	8267	イオン	株主優待カード、自社グル―プ優待券	金券|暮らし|長期保有特典	306000.0			
2021-08-14	8	8	3063	ジェイグループホールディングス	優待食事券	食事券	54000.0		7.29	
2021-08-14	8	9	2157	コシダカホールディングス	自社グループ優待券	暮らし|教養・娯楽|長期保有特典	58000.0		3.44	
2021-08-14	8	10	3198	ＳＦＰホールディングス	優待食事券	食事券	143000.0		5.59	
2021-08-14	8	11	3222	ユナイテッド・スーパーマーケット・ホールディングス	買物優待券、優待品	食料品|暮らし	109000.0			
2021-08-14	8	12	7581	サイゼリヤ	食事券	食事券|長期保有特典	248000.0			
2021-08-14	8	13	3174	ハピネス・アンド・ディ	株主優待券、優待商品	暮らし|美容・ファッション	95000.0		12.52	
2021-08-14	8	14	7445	ライトオン	買物優待券	美容・ファッション	75000.0		3.95	
2021-08-14	8	15	8904	ＡＶＡＮＴＩＡ	クオカード	金券|長期保有特典	92000.0			
2021-08-14	8	16	2404	鉄人化計画	株主優待カード、優待食事券	食事券|暮らし	31000.0		8.01	
2021-08-14	8	17	3557	ユナイテッド＆コレクティブ	食事優待券	食事券	120000.0		8.29	
2021-08-14	8	18	8200	リンガーハット	優待食事券	食事券|長期保有特典	228000.0		1.31	
2021-08-14	8	19	7607	進和	お米券、新潟県ブランド米	食料品|金券	235000.0		0.37	
2021-08-14	8	20	9978	文教堂グループホールディングス	株主優待カード	暮らし|教養・娯楽	7000.0			
2021-09-03	9	1	2694	焼肉坂井ホールディングス	自社グループ優待券、優待割引券	食事券|長期保有特典	7000.0		14.28	
2021-09-03	9	2	7616	コロワイド	株主優待ポイント	ポイントサービス	863000.0		4.63	
2021-09-03	9	3	8591	オリックス	ふるさと優待、株主優待カード	食料品|食事券|交通・旅行|教養・娯楽|スポーツ|長期保有特典	209000.0			
2021-09-03	9	4	3397	トリドールホールディングス	株主優待割引券	食事券|長期保有特典	236000.0		3.38	
2021-09-03	9	5	6181	タメニー	自社サービス利用券、プレミアム優待倶楽部ポイント	カタログギフト|暮らし|ポイントサービス|美容・ファッション|プレミアム優待倶楽部	11000.0		272.72	
2021-09-03	9	6	9831	ヤマダホールディングス	自社優待割引券	暮らし	47000.0			
2021-09-03	9	7	9202	ＡＮＡホールディングス	株主優待航空割引･自社グループ優待券･カレンダー	食事券|交通・旅行|暮らし|スポーツ|カレンダー	259000.0			
2021-09-03	9	8	8798	アドバンスクリエイト	カタログギフト	カタログギフト|暮らし|社会貢献	99000.0		2.5	
2021-09-03	9	9	8601	大和証券グループ本社	株主優待商品、ホテル宿泊優待、寄付	食料品|交通・旅行|暮らし|教養・娯楽|保育・介護・医療|社会貢献	646000.0		0.61	
2021-09-03	9	10	9904	ベリテ	優待割引カード、自社商品券	暮らし	450000.0		1.11	
2021-09-03	9	11	8005	スクロール	株主優待券、株主優待カタログ	暮らし|美容・ファッション|長期保有特典	91000.0		1.09	
2021-09-03	9	12	7621	うかい	株主優待券、株主優待品	食事券	309000.0		5.82	
2021-09-03	9	13	4765	モーニングスター	自社投資情報サービス、暗号資産（仮想通貨）	教養・娯楽|金融サービス	49000.0		58.74	
2021-09-03	9	14	8207	テンアライド	優待食事券	食事券	31000.0		6.34	
2021-09-03	9	15	9201	日本航空	株主優待航空割引券	交通・旅行|長期保有特典	235000.0			
2021-09-03	9	16	8282	ケーズホールディングス	株主優待券	暮らし|長期保有特典	120000.0		1.66	
2021-09-03	9	17	7885	タカノ	株主優待商品	食料品	73000.0		1.35	
2021-09-03	9	18	4344	ソースネクスト	株主優待ポイント贈呈	暮らし|ポイントサービス|長期保有特典	23000.0		10.87	
2021-09-03	9	19	4320	ＣＥホールディングス	クオカード	金券|社会貢献	57000.0		1.75	
2021-09-03	9	20	3099	三越伊勢丹ホールディングス	株主優待カード	暮らし|長期保有特典	74000.0			
2022-02-13	2	1	8905	イオンモール	自社商品券、カタログギフト	金券|カタログギフト|長期保有特典|社会貢献	167000.0		1.79	
2022-02-13	2	2	3387	クリエイト・レストランツ・ホールディングス	優待食事券	食事券|長期保有特典	76000.0		5.2	
2022-02-13	2	3	3073	ＤＤホールディングス	株主優待券、お米	食料品|食事券	55000.0		10.88	
2022-02-13	2	4	9978	文教堂グループホールディングス	株主優待カード、クオカード	金券|暮らし|教養・娯楽	4000.0		6.97	
2022-02-13	2	5	8267	イオン	株主優待カード、自社グル―プ優待券	金券|暮らし|長期保有特典	263000.0			
2022-02-13	2	6	2930	北の達人コーポレーション	自社商品	美容・ファッション	24000.0		18.27	
2022-02-13	2	7	3050	ＤＣＭホールディングス	買物優待券	暮らし	110000.0		0.45	
2022-02-13	2	8	3141	ウエルシアホールディングス	株主優待券、新潟県産こしひかり、Ｔ ポイント、カタログギフト	食料品|カタログギフト|暮らし|ポイントサービス	314000.0		0.95	
2022-02-13	2	9	3198	ＳＦＰホールディングス	優待食事券	食事券	144000.0		5.52	
2022-02-13	2	10	9861	吉野家ホールディングス	買物優待券	食事券	244000.0		1.63	
2022-02-13	2	11	8016	オンワードホールディングス	自社グループ製品	カタログギフト|美容・ファッション	29000.0			
2022-02-13	2	12	4745	東京個別指導学院	カタログギフト	食料品|金券|カタログギフト|社会貢献	63000.0			
2022-02-13	2	13	7545	西松屋チェーン	プリペイド式お買物カード	暮らし|美容・ファッション|長期保有特典	147000.0		1.35	
2022-02-13	2	14	2685	アダストリア	買物優待券	美容・ファッション|長期保有特典	175000.0		1.7	
2022-02-13	2	15	3543	コメダホールディングス	プリペイドカード「ＫＯＭＥＣＡ」チャージ	食事券|長期保有特典	216000.0		0.92	
2022-02-13	2	16	3048	ビックカメラ	買物優待券	暮らし|長期保有特典	102000.0		2.91	
2022-02-13	2	17	3087	ドトール・日レスホールディングス	株主優待カード	食事券	161000.0		0.62	
2022-02-13	2	18	7520	エコス	株主優待券、ブランド米	食料品|食事券	207000.0			
2022-02-13	2	19	2778	パレモ・ホールディングス	クオカード、カタログギフト	金券|カタログギフト	39000.0		2.5	
2022-02-13	2	20	9979	大庄	優待飲食券	食事券	105000.0		5.71	
2022-04-25	4	1	2695	くら寿司	優待割引券（電子チケット）	食事券	338000.0	100.0		0.59
2022-04-25	4	2	2198	アイ・ケイ・ケイホールディングス	優待食事券、株主優待商品	食料品|食事券	59000.0	100.0	2.53	
2022-04-25	4	3	8609	岡三証券グループ	証券金融サービス	金融サービス	36000.0	100.0		4.09
2022-04-25	4	4	6630	ヤーマン	自社商品・優待割引券	美容・ファッション|長期保有特典	121000.0	100.0	4.1	0.66
2022-04-25	4	5	2375	ギグワークス	こども商品券、またはビットコイン、または寄付	金券|金融サービス|社会貢献	46000.0	100.0	2.16	1.73
2022-04-25	4	6	2593	伊藤園	自社製品詰合せ、自社通信販売製品割引	食料品|暮らし	532000.0	100.0	0.28	0.75
2022-04-25	4	7	2910	ロック・フィールド	買物優待券、自社工場見学会	食事券|教養・娯楽|長期保有特典	147000.0	100.0	0.67	1.35
2022-04-25	4	8	2751	テンポスホールディングス	優待食事券	食事券	236000.0	100.0	3.38	0.33
2022-04-25	4	9	1766	東建コーポレーション	新米等、宿泊優待券、ゴルフ観戦招待券、ゴルフ場優待券、自社サービス優待	食料品|交通・旅行|暮らし|スポーツ	868000.0	100.0		2.53
2022-04-25	4	10	8917	ファースト住建	クオカード、優待品	食料品|金券|長期保有特典	113000.0	100.0		3.8
2022-04-25	4	11	3329	東和フードサービス	優待食事券	食料品|食事券	148000.0	100.0	1.67	0.4
2022-04-25	4	12	9273	コーア商事ホールディングス	クオカード	金券|長期保有特典	88000.0	100.0	1.13	1.13
2022-04-25	4	13	9603	エイチ・アイ・エス	株主優待券、自社施設優待券	交通・旅行|教養・娯楽	226000.0	100.0	2.64	
2022-04-25	4	14	3134	Ｈａｍｅｅ	自社グループクーポン	暮らし|ポイントサービス	109000.0	100.0	2.75	0.91
2022-04-25	4	15	8975	いちごオフィスリート投資法人	Ｊリーグ観戦チケット（抽選）	スポーツ	87000.0	1.0		
2022-04-25	4	16	9444	トーシンホールディングス	自社商品券、自社施設利用無料券	暮らし|スポーツ	65000.0	100.0		3.36
2022-04-25	4	17	9263	ビジョナリーホールディングス	株主優待券	暮らし|美容・ファッション|長期保有特典	16000.0	100.0		
2022-04-25	4	18	7604	梅の花	株主優待証	食事券	105000.0	100.0		
2022-04-25	4	19	7605	フジ・コーポレーション	三菱UFJニコスギフトカード	金券|長期保有特典	226000.0	200.0		1.98
2022-04-25	4	20	9279	ギフトホールディングス	食事優待券	食事券	239000.0	100.0		0.83
2022-05-25	5	1	1377	サカタのタネ	カタログギフト	カタログギフト	442000.0	100.0		0.86
2022-05-25	5	2	9278	ブックオフグループホールディングス	買物優待券、買取アップ券	暮らし|長期保有特典	100000.0	100.0	1.99	0.51
2022-05-25	5	3	8609	岡三証券グループ	証券金融サービス	金融サービス	33000.0	100.0		4.46
2022-05-25	5	4	9265	ヤマシタヘルスケアホールディングス	オリジナルクオカード	金券|長期保有特典	203000.0	100.0	0.24	4.42
2022-05-25	5	5	7921	ＴＡＫＡＲＡ　＆　ＣＯＭＰＡＮＹ	株主優待カタログ	カタログギフト|長期保有特典	188000.0	100.0	0.79	2.86
2022-05-25	5	6	8908	毎日コムネット	会員制サービス利用権	暮らし	69000.0	100.0		4.01
2022-05-25	5	7	3160	大光	クオカード、自社商品券	金券|暮らし	72000.0	100.0	1.38	1.24
2022-05-25	5	8	3201	日本毛織	株主優待割引券、クオカード	金券|カタログギフト|暮らし|長期保有特典	93000.0	100.0	1.07	3.0
2022-05-25	5	9	3139	ラクト・ジャパン	オリジナルクオカード、カタログギフト	食料品|金券|カタログギフト|長期保有特典	202000.0	100.0	0.49	1.58
2022-05-25	5	10	3544	サツドラホールディングス	株主優待カード、自社商品券、北海道名産品	食料品|金券|暮らし	63000.0	100.0	1.56	1.46
2022-05-25	5	11	1419	タマホーム	オリジナルクオカード	金券|長期保有特典	262000.0	100.0	0.38	3.81
2022-05-25	5	12	2678	アスクル	割引クーポン	暮らし	142000.0	100.0		3.44
2022-05-25	5	13	2698	キャンドゥ	株主優待券	暮らし	267000.0	100.0	0.74	0.63
2022-05-25	5	14	3148	クリエイトＳＤホールディングス	買物優待券、カタログギフト、全国共通おこめ券	金券|カタログギフト|暮らし	297000.0	100.0	0.5	1.47
2022-05-25	5	15	3892	岡山製紙	クオカード	金券	85000.0	100.0	0.58	1.86
2022-05-25	5	16	7487	小津産業	クオカード、株主優待商品	金券|暮らし	199000.0	100.0	0.5	1.15
2022-05-25	5	17	2792	ハニーズホールディングス	自社商品引換券	美容・ファッション|長期保有特典	105000.0	100.0		2.83
2022-05-25	5	18	9765	オオバ	クオカード、チョコレート菓子	食料品|金券|長期保有特典|社会貢献	74000.0	100.0		2.0
2022-05-25	5	19	2722	アイケイ	買物優待券、自社製品	食料品|長期保有特典	52000.0	100.0		2.27
2022-05-25	5	20	3391	ツルハホールディングス	自社商品券、自社商品詰合せ、株主優待カード	食料品|暮らし|長期保有特典	679000.0	100.0	0.36	2.45
2022-06-26	1	1	8609	岡三証券グループ	証券金融サービス	金融サービス	33000.0	100.0		4.43
2022-06-26	1	2	7590	タカショー	プレミアム優待倶楽部ポイント、特別販売カタログ	カタログギフト|ポイントサービス|カレンダー|プレミアム優待倶楽部	74000.0	100.0	4.04	3.1
2022-06-26	1	3	7674	ＮＡＴＴＹ　ＳＷＡＮＫＹホールディングス	食事券	食事券	298000.0	100.0	6.71	0.16
2022-06-26	1	4	1766	東建コーポレーション	新米等、宿泊優待券、ゴルフ観戦招待券、ゴルフ場優待券、自社サービス優待	食料品|交通・旅行|暮らし|スポーツ	729000.0	100.0		3.42
2022-06-26	1	5	3193	鳥貴族ホールディングス	優待食事券	食事券	234000.0	100.0	0.85	
2022-06-26	1	6	3421	稲葉製作所	オリジナル図書カード、地域特産品	食料品|金券	135000.0	100.0	0.73	2.36
2022-06-26	1	7	3071	ストリーム	株主優待割引券	暮らし	11000.0	100.0	8.54	2.56
2022-06-26	1	8	3418	バルニバービ	優待食事券、株主優待カード	食事券|暮らし|長期保有特典	99000.0	100.0	2.0	0.75
2022-06-26	1	9	3070	アマガサ	自社EC サイト掲載商品	暮らし|美容・ファッション|長期保有特典	26000.0	100.0		
2022-06-26	1	10	2353	日本駐車場開発	自社施設利用無料券	交通・旅行|暮らし|教養・娯楽	173000.0	1000.0		2.74
2022-06-26	1	11	1928	積水ハウス	新潟県魚沼産コシヒカリ	食料品	2313000.0	1000.0		3.89
2022-06-26	1	12	8562	福島銀行	銀行金融サービス	金融サービス	22000.0	100.0		2.19
2022-06-26	1	13	3458	シーアールイー	クオカード	金券	165000.0	100.0	0.9	1.39
2022-06-26	1	14	2590	ダイドーグループホールディングス	自社グループ商品詰合せ	食料品|長期保有特典	495000.0	100.0		1.21
2022-06-26	1	15	6654	不二電機工業	クオカード	金券|長期保有特典	334000.0	300.0	0.29	2.87
2022-06-26	1	16	8142	トーホー	買物割引券、自社製品、寄付	食料品|食事券|暮らし|長期保有特典|社会貢献	130000.0	100.0		0.38
2022-06-26	1	17	3921	ネオジャパン	クオカード	金券	110000.0	100.0	0.9	1.26
2022-06-26	1	18	9632	スバル興業	ＴＯＨＯシネマズ ギフトカード	教養・娯楽|長期保有特典	883000.0	100.0	0.22	4.07
2022-06-26	1	19	9637	オーエス	映画招待券	教養・娯楽	309000.0	100.0		0.8
2022-06-26	1	20	8068	菱洋エレクトロ	ギフト商品、会員限定サービス	暮らし|長期保有特典	1118000.0	500.0		5.36
2022-06-26	2	1	3073	ＤＤホールディングス	株主優待券、お米	食料品|食事券	61000.0	100.0	9.82	
2022-06-26	2	2	3198	ＳＦＰホールディングス	優待食事券	食事券	159000.0	100.0	5.03	0.62
2022-06-26	2	3	8267	イオン	株主優待カード、自社グル―プ優待券	金券|暮らし|長期保有特典	229000.0	100.0		1.56
2022-06-26	2	4	8905	イオンモール	自社商品券、カタログギフト	金券|カタログギフト|長期保有特典|社会貢献	163000.0	100.0	1.84	3.06
2022-06-26	2	5	7603	マックハウス	株主優待券	美容・ファッション|長期保有特典	39000.0	100.0	5.11	
2022-06-26	2	6	7514	ヒマラヤ	株主優待割引券	教養・娯楽|スポーツ	99000.0	100.0	2.02	2.52
2022-06-26	2	7	8609	岡三証券グループ	証券金融サービス	金融サービス	33000.0	100.0		4.43
2022-06-26	2	8	2884	ヨシムラ・フード・ホールディングス	自社グループ製品	食料品	152000.0	300.0	0.52	
2022-06-26	2	9	9978	文教堂グループホールディングス	株主優待カード、クオカード	金券|暮らし|教養・娯楽	4000.0	100.0	6.66	
2022-06-26	2	10	3543	コメダホールディングス	プリペイドカード「ＫＯＭＥＣＡ」チャージ	食事券|長期保有特典	228000.0	100.0	0.87	2.23
2022-06-26	2	11	3087	ドトール・日レスホールディングス	株主優待カード	食事券	151000.0	100.0	0.66	1.71
2022-06-26	2	12	3387	クリエイト・レストランツ・ホールディングス	優待食事券	食事券|長期保有特典	94000.0	100.0	4.22	0.47
2022-06-26	2	13	9861	吉野家ホールディングス	買物優待券	食事券	250000.0	100.0	1.59	0.4
2022-06-26	2	14	3141	ウエルシアホールディングス	株主優待券、新潟県産こしひかり、Ｔ ポイント、カタログギフト	食料品|カタログギフト|暮らし|ポイントサービス	260000.0	100.0	1.15	1.15
2022-06-26	2	15	3048	ビックカメラ	買物優待券	暮らし|長期保有特典	114000.0	100.0	2.62	1.31
2022-06-26	2	16	3063	ジェイグループホールディングス	優待食事券	食事券	55000.0	100.0	8.99	
2022-06-26	2	17	9843	ニトリホールディングス	自社商品割引	暮らし|長期保有特典	1237000.0	100.0		1.13
2022-06-26	2	18	3548	バロックジャパンリミテッド	店舗、通販サイトで利用可能なクーポン	美容・ファッション	80000.0	100.0	4.97	4.72
2022-06-26	2	19	2930	北の達人コーポレーション	自社商品	美容・ファッション	20000.0	100.0	21.57	1.41
2022-06-26	2	20	3333	あさひ	株主優待券	暮らし	129000.0	100.0	3.08	2.15
2022-06-26	3	1	3397	トリドールホールディングス	株主優待割引券	食事券|長期保有特典	228000.0	100.0	3.49	0.32
2022-06-26	3	2	9104	商船三井	にっぽん丸クルーズ優待券、フェリー割引券	交通・旅行	302000.0	100.0		13.22
2022-06-26	3	3	1375	雪国まいたけ	自社商品	食料品|長期保有特典	89000.0	100.0		3.36
2022-06-26	3	4	8616	東海東京フィナンシャル・ホールディングス	株主優待カタログ、オリジナルクオカード	金券|カタログギフト|長期保有特典	37000.0	100.0		6.46
2022-06-26	3	5	9612	ラックランド	地方産品、自社ECサイトクーポン	食料品|暮らし	300000.0	100.0	3.99	0.83
2022-06-26	3	6	7127	一家ホールディングス	食事優待券	食事券	58000.0	100.0	8.54	
2022-06-26	3	7	8601	大和証券グループ本社	株主優待商品、ホテル宿泊優待、寄付	食料品|交通・旅行|暮らし|教養・娯楽|保育・介護・医療|社会貢献	604000.0	1000.0	0.66	5.46
2022-06-26	3	8	9101	日本郵船	飛鳥クルーズ優待割引券	交通・旅行	914000.0	100.0		15.86
2022-06-26	3	9	8473	ＳＢＩホールディングス	自社商品、または暗号資産XRP	美容・ファッション|金融サービス|長期保有特典	267000.0	100.0	0.74	5.6
2022-06-26	3	10	9202	ＡＮＡホールディングス	株主優待航空割引･自社グループ優待券･カレンダー	食事券|交通・旅行|暮らし|スポーツ|カレンダー|長期保有特典	251000.0	100.0		
2022-06-26	3	11	8591	オリックス	ふるさと優待、株主優待カード※2024年3月末廃止	食料品|食事券|交通・旅行|教養・娯楽|スポーツ|長期保有特典	230000.0	100.0		3.7
2022-06-26	3	12	2694	焼肉坂井ホールディングス	自社グループ優待券、優待割引券	食事券|長期保有特典	6000.0	100.0	15.38	0.76
2022-06-26	3	13	9201	日本航空	株主優待航空割引券	交通・旅行|長期保有特典	238000.0	100.0		
2022-06-26	3	14	5411	ＪＦＥホールディングス	自社工場見学会	教養・娯楽	140000.0	100.0		9.95
2022-06-26	3	15	7550	ゼンショーホールディングス	優待食事券	食料品|食事券	325000.0	100.0	0.61	0.67
2022-06-26	3	16	5401	日本製鉄	Ｊリーグ観戦チケット、自社工場見学	教養・娯楽|スポーツ	1882000.0	1000.0		8.5
2022-06-26	3	17	2928	ＲＩＺＡＰグループ	優待品交換ポイント、優待券	カタログギフト|ポイントサービス|長期保有特典	14000.0	100.0	34.72	
2022-06-26	3	18	9760	進学会ホールディングス	自社グループ受講優待券、クオカード	金券|教養・娯楽	36000.0	100.0	10.89	4.08
2022-06-26	3	19	8609	岡三証券グループ	証券金融サービス	金融サービス	33000.0	100.0		4.43
2022-06-26	3	20	3289	東急不動産ホールディングス	カタログギフト、自社リゾートホテル割引券、スポーツ施設優待券	カタログギフト|交通・旅行|暮らし|スポーツ|長期保有特典|社会貢献	71000.0	100.0		2.39
2022-06-26	4	1	6630	ヤーマン	自社商品・優待割引券	美容・ファッション|長期保有特典	168000.0	100.0	2.96	0.5
2022-06-26	4	2	8609	岡三証券グループ	証券金融サービス	金融サービス	33000.0	100.0		4.43
2022-06-26	4	3	9273	コーア商事ホールディングス	クオカード	金券|長期保有特典	72000.0	100.0	1.37	1.37
2022-06-26	4	4	2375	ギグワークス	こども商品券、またはビットコイン、または寄付	金券|金融サービス|社会貢献	44000.0	100.0	2.27	1.81
2022-06-26	4	5	2695	くら寿司	優待割引券（電子チケット）	食事券	322000.0	100.0		0.62
2022-06-26	4	6	1766	東建コーポレーション	新米等、宿泊優待券、ゴルフ観戦招待券、ゴルフ場優待券、自社サービス優待	食料品|交通・旅行|暮らし|スポーツ	729000.0	100.0		3.42
2022-06-26	4	7	2198	アイ・ケイ・ケイホールディングス	優待食事券、株主優待商品	食料品|食事券	62000.0	100.0	2.41	
2022-06-26	4	8	9603	エイチ・アイ・エス	株主優待券、自社施設優待券	交通・旅行|教養・娯楽	204000.0	100.0	2.93	
2022-06-26	4	9	8079	正栄食品工業	自社製品詰合せ	食料品	362000.0	100.0		1.32
2022-06-26	4	10	8562	福島銀行	銀行金融サービス	金融サービス	22000.0	100.0		2.19
2022-06-26	4	11	2910	ロック・フィールド	買物優待券、自社工場見学会	食事券|教養・娯楽|長期保有特典	143000.0	100.0	0.69	2.78
2022-06-26	4	12	3134	Ｈａｍｅｅ	自社グループクーポン	暮らし|ポイントサービス	101000.0	100.0	2.94	2.2
2022-06-26	4	13	9279	ギフトホールディングス	食事優待券	食事券	218000.0	100.0		0.91
2022-06-26	4	14	2751	テンポスホールディングス	優待食事券	食事券	233000.0	100.0	3.42	0.42
2022-06-26	4	15	9263	ビジョナリーホールディングス	株主優待券	暮らし|美容・ファッション|長期保有特典	12000.0	100.0		
2022-06-26	4	16	7604	梅の花	株主優待証	食事券	100000.0	100.0		
2022-06-26	4	17	2315	ＣＡＩＣＡ　ＤＩＧＩＴＡＬ	暗号資産（ＣＡＩＣＡコイン）進呈	金融サービス	141000.0	1000.0	0.35	
2022-06-26	4	18	2593	伊藤園	自社製品詰合せ、自社通信販売製品割引	食料品|暮らし	556000.0	100.0	0.27	0.71
2022-06-26	4	19	8917	ファースト住建	クオカード、優待品	食料品|金券|長期保有特典	109000.0	100.0		3.93
2022-06-26	4	20	3476	投資法人みらい	ホテル優待	交通・旅行	48000.0	1.0		
2022-06-26	5	1	8609	岡三証券グループ	証券金融サービス	金融サービス	33000.0	100.0		4.43
2022-06-26	5	2	3544	サツドラホールディングス	株主優待カード、自社商品券、北海道名産品	食料品|金券|暮らし	71000.0	100.0	1.39	1.3
2022-06-26	5	3	3391	ツルハホールディングス	自社商品券、自社商品詰合せ、株主優待カード	食料品|暮らし|長期保有特典	746000.0	100.0	0.33	2.23
2022-06-26	5	4	1766	東建コーポレーション	新米等、宿泊優待券、ゴルフ観戦招待券、ゴルフ場優待券、自社サービス優待	食料品|交通・旅行|暮らし|スポーツ	729000.0	100.0		3.42
2022-06-26	5	5	2168	パソナグループ	抽選式株主優待、施設割引	食事券|交通・旅行|教養・娯楽	182000.0	100.0		1.64
2022-06-26	5	6	1419	タマホーム	オリジナルクオカード	金券|長期保有特典	239000.0	100.0	0.41	4.17
2022-06-26	5	7	6634	ネクスグループ	株主優待券	交通・旅行	17000.0	100.0		
2022-06-26	5	8	8562	福島銀行	銀行金融サービス	金融サービス	22000.0	100.0		2.19
2022-06-26	5	9	2678	アスクル	割引クーポン	暮らし	147000.0	100.0		3.31
2022-06-26	5	10	1377	サカタのタネ	カタログギフト	カタログギフト	446000.0	100.0		0.85
2022-06-26	5	11	9278	ブックオフグループホールディングス	買物優待券、買取アップ券	暮らし|長期保有特典	98000.0	100.0	2.02	0.52
2022-06-26	5	12	8908	毎日コムネット	会員制サービス利用権	暮らし	65000.0	100.0		4.28
2022-06-26	5	13	2722	アイケイ	買物優待券、自社製品	食料品|長期保有特典	50000.0	100.0		2.38
2022-06-26	5	14	3349	コスモス薬品	買物優待券、全国共通おこめ券	金券|暮らし|長期保有特典	1281000.0	100.0	0.68	0.54
2022-06-26	5	15	9265	ヤマシタヘルスケアホールディングス	オリジナルクオカード	金券|長期保有特典	184000.0	100.0	0.27	4.86
2022-06-26	5	16	4465	ニイタカ	ギフトカード、自社優待商品	金券|交通・旅行|暮らし|社会貢献	213000.0	100.0	0.46	1.21
2022-06-26	5	17	6150	タケダ機械	プレミアム優待倶楽部ポイント	カタログギフト|ポイントサービス|長期保有特典|プレミアム優待倶楽部	235000.0	100.0	1.27	1.27
2022-06-26	5	18	7921	ＴＡＫＡＲＡ　＆　ＣＯＭＰＡＮＹ	株主優待カタログ	カタログギフト|長期保有特典	182000.0	100.0	0.82	2.96
2022-06-26	5	19	3148	クリエイトＳＤホールディングス	買物優待券、カタログギフト、全国共通おこめ券	金券|カタログギフト|暮らし	293000.0	100.0	0.51	1.5
2022-06-26	5	20	2792	ハニーズホールディングス	自社商品引換券	美容・ファッション|長期保有特典	116000.0	100.0		2.58
2022-06-26	6	1	3197	すかいらーくホールディングス	優待カード	食事券	161000.0	100.0	2.47	0.74
2022-06-26	6	2	3053	ペッパーフードサービス	株主優待カード、自社商品	食料品|食事券	39000.0	100.0	5.02	
2022-06-26	6	3	7177	ＧＭＯフィナンシャルホールディングス	証券金融サービス	金融サービス	79000.0	100.0		6.55
2022-06-26	6	4	2702	日本マクドナルドホールディングス	優待食事券	食事券	507000.0	100.0		0.76
2022-06-26	6	5	2206	江崎グリコ	自社グループ製品詰合せ	食料品|長期保有特典	377000.0	100.0	0.26	1.85
2022-06-26	6	6	9612	ラックランド	地方産品、自社ECサイトクーポン	食料品|暮らし	300000.0	100.0	3.99	0.83
2022-06-26	6	7	3277	サンセイランディック	カタログギフト、クオカード	食料品|カタログギフト|長期保有特典	89000.0	100.0		2.91
2022-06-26	6	8	7813	プラッツ	クオカード	金券|長期保有特典	84000.0	100.0	0.59	3.79
2022-06-26	6	9	8165	千趣会	買物優待券	暮らし|長期保有特典	39000.0	100.0	5.11	1.79
2022-06-26	6	10	3426	アトムリビンテック	クオカード、自社関連商品割引券、寄付	金券|暮らし|長期保有特典|社会貢献	150000.0	100.0		2.2
2022-06-26	6	11	7272	ヤマハ発動機	株主優待ポイント、オリジナルカレンダー	ポイントサービス|スポーツ|カレンダー|長期保有特典|社会貢献	259000.0	100.0		4.43
2022-06-26	6	12	3196	ホットランド	優待食事券	食事券	133000.0	100.0	2.24	0.52
2022-06-26	6	13	3675	クロス・マーケティンググループ	創業20周年記念優待	金券	80000.0	100.0	2.47	0.99
2022-06-26	6	14	1788	三東工業社	クオカード	金券|長期保有特典	287000.0	100.0	0.52	2.08
2022-06-26	6	15	8609	岡三証券グループ	証券金融サービス	金融サービス	33000.0	100.0		4.43
2022-06-26	6	16	9273	コーア商事ホールディングス	クオカード	金券|長期保有特典	72000.0	100.0	1.37	1.37
2022-06-26	6	17	2752	フジオフードグループ本社	自社オリジナル商品詰合せ	食料品|食事券	138000.0	100.0	4.33	0.18
2022-06-26	6	18	3140	ＢＲＵＮＯ	RIZAPグループ商品	カタログギフト	95000.0	100.0	9.41	0.41
2022-06-26	6	19	3807	フィスコ	自社サービス無料クーポン（IPOナビ）	金融サービス	16000.0	100.0	77.64	1.86
2022-06-26	6	20	7532	パン・パシフィック・インターナショナルホールディングス	自社グループ電子マネー・ポイント	ポイントサービス	206000.0	100.0	1.94	0.77
2022-06-26	7	1	7196	Ｃａｓａ	クオカード	金券	86000.0	100.0	1.15	3.47
2022-06-26	7	2	8609	岡三証券グループ	証券金融サービス	金融サービス	33000.0	100.0		4.43
2022-06-26	7	3	3539	ＪＭホールディングス	精肉関連商品	食料品|長期保有特典	157000.0	100.0		1.9
2022-06-26	7	4	7590	タカショー	プレミアム優待倶楽部ポイント、特別販売カタログ	カタログギフト|ポイントサービス|カレンダー|プレミアム優待倶楽部	74000.0	100.0	4.04	3.1
2022-06-26	7	5	3159	丸善ＣＨＩホールディングス	自社商品券	暮らし	38000.0	100.0	1.31	0.52
2022-06-26	7	6	7674	ＮＡＴＴＹ　ＳＷＡＮＫＹホールディングス	食事券	食事券	298000.0	100.0	6.71	0.16
2022-06-26	7	7	4936	アクシージア	自社製品	食料品|美容・ファッション	94000.0	100.0	3.16	
2022-06-26	7	8	2217	モロゾフ	株主優待券または自社商品、オンラインショップ優待割引	食料品|食事券|長期保有特典	359000.0	100.0	0.55	1.25
2022-06-26	7	9	1766	東建コーポレーション	新米等、宿泊優待券、ゴルフ観戦招待券、ゴルフ場優待券、自社サービス優待	食料品|交通・旅行|暮らし|スポーツ	729000.0	100.0		3.42
2022-06-26	7	10	3193	鳥貴族ホールディングス	優待食事券	食事券	234000.0	100.0	0.85	
2022-06-26	7	11	3172	ティーライフ	株主優待券	暮らし	139000.0	100.0	0.71	3.66
2022-06-26	7	12	3421	稲葉製作所	オリジナル図書カード、地域特産品	食料品|金券	135000.0	100.0	0.73	2.36
2022-06-26	7	13	3418	バルニバービ	優待食事券、株主優待カード	食事券|暮らし|長期保有特典	99000.0	100.0	2.0	0.75
2022-06-26	7	14	6091	ウエスコホールディングス	四国・神戸水族館の入場券	教養・娯楽	49000.0	100.0		3.25
2022-06-26	7	15	7850	総合商研	自社グループ商品または北海道特産品、年賀状印刷割引	食料品|暮らし	795000.0	1000.0	0.37	3.77
2022-06-26	7	16	3070	アマガサ	自社EC サイト掲載商品	暮らし|美容・ファッション|長期保有特典	26000.0	100.0		
2022-06-26	7	17	2353	日本駐車場開発	自社施設利用無料券	交通・旅行|暮らし|教養・娯楽	173000.0	1000.0		2.74
2022-06-26	7	18	8562	福島銀行	銀行金融サービス	金融サービス	22000.0	100.0		2.19
2022-06-26	7	19	3458	シーアールイー	クオカード	金券	165000.0	100.0	0.9	1.39
2022-06-26	7	20	2590	ダイドーグループホールディングス	自社グループ商品詰合せ	食料品|長期保有特典	495000.0	100.0		1.21
2022-06-26	8	1	3198	ＳＦＰホールディングス	優待食事券	食事券	159000.0	100.0	5.03	0.62
2022-06-26	8	2	8267	イオン	株主優待カード、自社グル―プ優待券	金券|暮らし|長期保有特典	229000.0	100.0		1.56
2022-06-26	8	3	7603	マックハウス	株主優待券	美容・ファッション|長期保有特典	39000.0	100.0	5.11	
2022-06-26	8	4	7514	ヒマラヤ	株主優待割引券	教養・娯楽|スポーツ	99000.0	100.0	2.02	2.52
2022-06-26	8	5	8609	岡三証券グループ	証券金融サービス	金融サービス	33000.0	100.0		4.43
2022-06-26	8	6	3189	ＡＮＡＰ	オンラインショップ優待割引券	美容・ファッション	36000.0	100.0		
2022-06-26	8	7	2884	ヨシムラ・フード・ホールディングス	自社グループ製品	食料品	152000.0	300.0	0.52	
2022-06-26	8	8	4668	明光ネットワークジャパン	クオカード	金券|長期保有特典	61000.0	100.0	0.81	3.26
2022-06-26	8	9	9978	文教堂グループホールディングス	株主優待カード、クオカード	金券|暮らし|教養・娯楽	4000.0	100.0	6.66	
2022-06-26	8	10	3543	コメダホールディングス	プリペイドカード「ＫＯＭＥＣＡ」チャージ	食事券|長期保有特典	228000.0	100.0	0.87	2.23
2022-06-26	8	11	3387	クリエイト・レストランツ・ホールディングス	優待食事券	食事券|長期保有特典	94000.0	100.0	4.22	0.47
2022-06-26	8	12	7581	サイゼリヤ	食事券	食事券|長期保有特典	265000.0	100.0		0.67
2022-06-26	8	13	9861	吉野家ホールディングス	買物優待券	食事券	250000.0	100.0	1.59	0.4
2022-06-26	8	14	3048	ビックカメラ	買物優待券	暮らし|長期保有特典	114000.0	100.0	2.62	1.31
2022-06-26	8	15	3063	ジェイグループホールディングス	優待食事券	食事券	55000.0	100.0	8.99	
2022-06-26	8	16	3548	バロックジャパンリミテッド	店舗、通販サイトで利用可能なクーポン	美容・ファッション	80000.0	100.0	4.97	4.72
2022-06-26	8	17	2404	鉄人化計画	株主優待カード、優待食事券	食事券|暮らし	32000.0	100.0	7.62	
2022-06-26	8	18	2927	ＡＦＣ－ＨＤアムスライフサイエンス	株主優待割引券・商品引換券	カタログギフト|美容・ファッション	76000.0	100.0	5.26	3.61
2022-06-26	8	19	1766	東建コーポレーション	新米等、宿泊優待券、ゴルフ観戦招待券、ゴルフ場優待券、自社サービス優待	食料品|交通・旅行|暮らし|スポーツ	729000.0	100.0		3.42
2022-06-26	8	20	3557	ユナイテッド＆コレクティブ	食事優待券	食事券	126000.0	100.0	7.89	
2022-06-26	9	1	6181	タメニー	自社サービス利用券、プレミアム優待倶楽部ポイント	カタログギフト|暮らし|ポイントサービス|美容・ファッション|プレミアム優待倶楽部	13000.0	100.0	217.39	
2022-06-26	9	2	3397	トリドールホールディングス	株主優待割引券	食事券|長期保有特典	228000.0	100.0	3.49	0.32
2022-06-26	9	3	9104	商船三井	にっぽん丸クルーズ優待券、フェリー割引券	交通・旅行	302000.0	100.0		13.22
2022-06-26	9	4	9612	ラックランド	地方産品、自社ECサイトクーポン	食料品|暮らし	300000.0	100.0	3.99	0.83
2022-06-26	9	5	7127	一家ホールディングス	食事優待券	食事券	58000.0	100.0	8.54	
2022-06-26	9	6	8601	大和証券グループ本社	株主優待商品、ホテル宿泊優待、寄付	食料品|交通・旅行|暮らし|教養・娯楽|保育・介護・医療|社会貢献	604000.0	1000.0	0.66	5.46
2022-06-26	9	7	9202	ＡＮＡホールディングス	株主優待航空割引･自社グループ優待券･カレンダー	食事券|交通・旅行|暮らし|スポーツ|カレンダー|長期保有特典	251000.0	100.0		
2022-06-26	9	8	8591	オリックス	ふるさと優待、株主優待カード※2024年3月末廃止	食料品|食事券|交通・旅行|教養・娯楽|スポーツ|長期保有特典	230000.0	100.0		3.7
2022-06-26	9	9	2694	焼肉坂井ホールディングス	自社グループ優待券、優待割引券	食事券|長期保有特典	6000.0	100.0	15.38	0.76
2022-06-26	9	10	9201	日本航空	株主優待航空割引券	交通・旅行|長期保有特典	238000.0	100.0		
2022-06-26	9	11	7550	ゼンショーホールディングス	優待食事券	食料品|食事券	325000.0	100.0	0.61	0.67
2022-06-26	9	12	5401	日本製鉄	Ｊリーグ観戦チケット、自社工場見学	教養・娯楽|スポーツ	1882000.0	1000.0		8.5
2022-06-26	9	13	3465	ケイアイスター不動産	クオカード	金券	461000.0	100.0	0.21	5.74
2022-06-26	9	14	8609	岡三証券グループ	証券金融サービス	金融サービス	33000.0	100.0		4.43
2022-06-26	9	15	3289	東急不動産ホールディングス	カタログギフト、自社リゾートホテル割引券、スポーツ施設優待券	カタログギフト|交通・旅行|暮らし|スポーツ|長期保有特典|社会貢献	71000.0	100.0		2.39
2022-06-26	9	16	9831	ヤマダホールディングス	自社優待割引券	暮らし	47000.0	100.0		3.8
2022-06-26	9	17	3563	ＦＯＯＤ　＆　ＬＩＦＥ　ＣＯＭＰＡＮＩＥＳ	株主優待割引券	食事券	291000.0	100.0		0.77
2022-06-26	9	18	8136	サンリオ	テーマパーク優待券、買物優待券	暮らし|教養・娯楽	259000.0	100.0	7.61	0.61
2022-06-26	9	19	4661	オリエンタルランド	自社レジャー施設優待券	教養・娯楽|長期保有特典	1846000.0	100.0	0.4	0.15
2022-06-26	9	20	8698	マネックスグループ	証券金融サービス	金融サービス	43000.0	100.0		3.55
2022-06-26	10	1	8609	岡三証券グループ	証券金融サービス	金融サービス	33000.0	100.0		4.43
2022-06-26	10	2	2375	ギグワークス	こども商品券、またはビットコイン、または寄付	金券|金融サービス|社会貢献	44000.0	100.0	2.27	1.81
2022-06-26	10	3	9251	ＡＢ＆Ｃｏｍｐａｎｙ	オンラインストア優待券	美容・ファッション	73000.0	100.0	10.84	
2022-06-26	10	4	1766	東建コーポレーション	新米等、宿泊優待券、ゴルフ観戦招待券、ゴルフ場優待券、自社サービス優待	食料品|交通・旅行|暮らし|スポーツ	729000.0	100.0		3.42
2022-06-26	10	5	3038	神戸物産	JCB ギフトカード	金券|長期保有特典	332000.0	100.0	0.3	0.6
2022-06-26	10	6	9603	エイチ・アイ・エス	株主優待券、自社施設優待券	交通・旅行|教養・娯楽	204000.0	100.0	2.93	
2022-06-26	10	7	8079	正栄食品工業	自社製品詰合せ	食料品	362000.0	100.0		1.32
2022-06-26	10	8	8562	福島銀行	銀行金融サービス	金融サービス	22000.0	100.0		2.19
2022-06-26	10	9	2910	ロック・フィールド	買物優待券、自社工場見学会	食事券|教養・娯楽|長期保有特典	143000.0	100.0	0.69	2.78
2022-06-26	10	10	3134	Ｈａｍｅｅ	自社グループクーポン	暮らし|ポイントサービス	101000.0	100.0	2.94	2.2
2022-06-26	10	11	7856	萩原工業	株主優待品（クオカード、食料品等）	食料品|金券|暮らし|長期保有特典|社会貢献	107000.0	100.0	0.93	3.36
2022-06-26	10	12	9279	ギフトホールディングス	食事優待券	食事券	218000.0	100.0		0.91
2022-06-26	10	13	9263	ビジョナリーホールディングス	株主優待券	暮らし|美容・ファッション|長期保有特典	12000.0	100.0		
2022-06-26	10	14	9824	泉州電業	オリジナルクオカード	金券|長期保有特典	483000.0	100.0	0.2	1.86
2022-06-26	10	15	7604	梅の花	株主優待証	食事券	100000.0	100.0		
2022-06-26	10	16	2345	クシム	クオカード	金券|金融サービス|長期保有特典	48000.0	100.0		
2022-06-26	10	17	2315	ＣＡＩＣＡ　ＤＩＧＩＴＡＬ	暗号資産（ＣＡＩＣＡコイン）進呈	金融サービス	141000.0	1000.0	0.35	
2022-06-26	10	18	2373	ケア２１	クオカード	金券	70000.0	100.0	1.41	3.52
2022-06-26	10	19	2301	学情	オリジナルクオカード	金券	442000.0	500.0	0.67	4.18
2022-06-26	10	20	7640	トップカルチャー	TSUTAYA ギフト券	教養・娯楽|長期保有特典	126000.0	500.0	0.79	
2022-06-26	11	1	8609	岡三証券グループ	証券金融サービス	金融サービス	33000.0	100.0		4.43
2022-06-26	11	2	8095	アステナホールディングス	自社グループ商品	暮らし|美容・ファッション|長期保有特典|社会貢献	42000.0	100.0		4.2
2022-06-26	11	3	2809	キユーピー	自社製品詰合せ	食料品|長期保有特典	225000.0	100.0		2.08
2022-06-26	11	4	1766	東建コーポレーション	新米等、宿泊優待券、ゴルフ観戦招待券、ゴルフ場優待券、自社サービス優待	食料品|交通・旅行|暮らし|スポーツ	729000.0	100.0		3.42
2022-06-26	11	5	3244	サムティ	自社グループホテル優待カード	交通・旅行	408000.0	200.0		4.4
2022-06-26	11	6	1419	タマホーム	オリジナルクオカード	金券|長期保有特典	239000.0	100.0	0.41	4.17
2022-06-26	11	7	6634	ネクスグループ	株主優待券	交通・旅行	17000.0	100.0		
2022-06-26	11	8	1430	ファーストコーポレーション	クオカード	金券|長期保有特典	368000.0	500.0		5.15
2022-06-26	11	9	8562	福島銀行	銀行金融サービス	金融サービス	22000.0	100.0		2.19
2022-06-26	11	10	3089	テクノアルファ	オリジナルクオカード	金券	105000.0	100.0	0.94	2.55
2022-06-26	11	11	2678	アスクル	割引クーポン	暮らし	147000.0	100.0		3.31
2022-06-26	11	12	7965	象印マホービン	自社商品優待価格販売	暮らし	140000.0	100.0	0.71	2.42
2022-06-26	11	13	8923	トーセイ	クオカード、ホテル宿泊割引	金券|交通・旅行|長期保有特典	120000.0	100.0	2.49	3.16
2022-06-26	11	14	3349	コスモス薬品	買物優待券、全国共通おこめ券	金券|暮らし|長期保有特典	1281000.0	100.0	0.68	0.54
2022-06-26	11	15	4465	ニイタカ	ギフトカード、自社優待商品	金券|交通・旅行|暮らし|社会貢献	213000.0	100.0	0.46	1.21
2022-06-26	11	16	2769	ヴィレッジヴァンガードコーポレーション	買物優待券	暮らし|長期保有特典	105000.0	100.0		
2022-06-26	11	17	3377	バイク王＆カンパニー	自社商品購入割引券	暮らし	132000.0	100.0	8.27	1.16
2022-06-26	11	18	5942	日本フイルコン	クオカード、ワイン	食料品|金券|長期保有特典	49000.0	100.0		3.22
2022-06-26	11	19	3075	銚子丸	優待食事券、自社商品	食料品|食事券	110000.0	100.0	0.9	0.54
2022-06-26	11	20	2734	サーラコーポレーション	株主優待券	食事券	326000.0	500.0	0.3	3.52
2022-06-26	12	1	3197	すかいらーくホールディングス	優待カード	食事券	161000.0	100.0	2.47	0.74
2022-06-26	12	2	4755	楽天グループ	楽天キャッシュ、国内宿泊クーポン	交通・旅行|ポイントサービス|教養・娯楽|スポーツ|金融サービス|長期保有特典	64000.0	100.0	3.12	0.7
2022-06-26	12	3	3053	ペッパーフードサービス	株主優待カード、自社商品	食料品|食事券	39000.0	100.0	5.02	
2022-06-26	12	4	7177	ＧＭＯフィナンシャルホールディングス	証券金融サービス	金融サービス	79000.0	100.0		6.55
2022-06-26	12	5	2702	日本マクドナルドホールディングス	優待食事券	食事券	507000.0	100.0		0.76
2022-06-26	12	6	9612	ラックランド	地方産品、自社ECサイトクーポン	食料品|暮らし	300000.0	100.0	3.99	0.83
2022-06-26	12	7	8165	千趣会	買物優待券	暮らし|長期保有特典	39000.0	100.0	5.11	1.79
2022-06-26	12	8	2914	ＪＴ	自社グループ商品、寄付	食料品|長期保有特典|社会貢献	240000.0	100.0		5.81
2022-06-26	12	9	7272	ヤマハ発動機	株主優待ポイント、オリジナルカレンダー	ポイントサービス|スポーツ|カレンダー|長期保有特典|社会貢献	259000.0	100.0		4.43
2022-06-26	12	10	3196	ホットランド	優待食事券	食事券	133000.0	100.0	2.24	0.52
2022-06-26	12	11	2503	キリンホールディングス	自社商品詰合せ	食料品|美容・ファッション|社会貢献	216000.0	100.0	0.46	2.99
2022-06-26	12	12	8609	岡三証券グループ	証券金融サービス	金融サービス	33000.0	100.0		4.43
2022-06-26	12	13	2752	フジオフードグループ本社	自社オリジナル商品詰合せ	食料品|食事券	138000.0	100.0	4.33	0.18
2022-06-26	12	14	1605	ＩＮＰＥＸ	クオカード、施設見学会	金券|教養・娯楽|長期保有特典|社会貢献	144000.0	100.0		3.32
2022-06-26	12	15	3807	フィスコ	自社サービス無料クーポン（IPOナビ）	金融サービス	16000.0	100.0	77.64	1.86
2022-06-26	12	16	7532	パン・パシフィック・インターナショナルホールディングス	自社グループ電子マネー・ポイント	ポイントサービス	206000.0	100.0	1.94	0.77
2022-06-26	12	17	7936	アシックス	株主優待割引券、自社通販優待価格割引	美容・ファッション|スポーツ|長期保有特典	244000.0	100.0		0.98
2022-06-26	12	18	2932	ＳＴＩフードホールディングス	株主限定自社商品	食料品	245000.0	100.0	2.44	2.23
2022-06-26	12	19	3405	クラレ	オリジナルカタログギフト、カレンダー	カタログギフト|カレンダー|長期保有特典	1109000.0	1000.0	0.27	3.6
2022-06-26	12	20	3003	ヒューリック	カタログギフト	カタログギフト|長期保有特典|社会貢献	321000.0	300.0	0.93	3.63
2022-08-27	9	1	9104	商船三井	にっぽん丸クルーズ優待券、フェリー割引券	交通・旅行	377000.0	100.0		10.61
2022-08-27	9	2	8005	スクロール	株主優待券、株主優待カタログ	暮らし|美容・ファッション|長期保有特典|社会貢献	79000.0	100.0	1.25	8.11
2022-08-27	9	3	4765	モーニングスター	自社投資情報サービス、暗号資産（仮想通貨）	教養・娯楽|金融サービス	49000.0	100.0	63.69	3.44
2022-08-27	9	4	2694	焼肉坂井ホールディングス	自社グループ優待券、優待割引券	食事券|長期保有特典	7000.0	100.0	14.08	0.7
2022-08-27	9	5	9202	ＡＮＡホールディングス	株主優待航空割引･自社グループ優待券･カレンダー	食事券|交通・旅行|暮らし|スポーツ|カレンダー|長期保有特典	264000.0	100.0		
2022-08-27	9	6	6181	タメニー	自社サービス利用券、プレミアム優待倶楽部ポイント	カタログギフト|暮らし|ポイントサービス|美容・ファッション|プレミアム優待倶楽部	12000.0	100.0	236.22	
2022-08-27	9	7	7278	エクセディ	株主優待カタログ	カタログギフト|長期保有特典	183000.0	100.0		4.91
2022-08-27	9	8	9831	ヤマダホールディングス	自社優待割引券	暮らし	47000.0	100.0		3.75
2022-08-27	9	9	4902	コニカミノルタ	オリジナルカレンダー、年賀状印刷割引	暮らし|カレンダー	49000.0	100.0		6.12
2022-08-27	9	10	5401	日本製鉄	Ｊリーグ観戦チケット、自社工場見学	教養・娯楽|スポーツ	2173000.0	1000.0		7.36
2022-08-27	9	11	9783	ベネッセホールディングス	株主優待カタログ	カタログギフト	218000.0	100.0		2.28
2022-08-27	9	12	8591	オリックス	ふるさと優待、株主優待カード※2024年3月末廃止	食料品|食事券|交通・旅行|教養・娯楽|スポーツ|長期保有特典	230000.0	100.0		3.72
2022-08-27	9	13	7412	アトム	株主優待ポイント	ポイントサービス	78000.0	100.0	5.09	
2022-08-27	9	14	2335	キューブシステム	JCBギフトカード	金券	208000.0	200.0	0.48	2.21
2022-08-27	9	15	3397	トリドールホールディングス	株主優待割引券	食事券|長期保有特典	295000.0	100.0	2.03	0.25
2022-08-27	9	16	9904	ベリテ	優待割引カード、自社商品券	暮らし	404000.0	1000.0	1.23	9.9
2022-08-27	9	17	3167	ＴＯＫＡＩホールディングス	クオカード、ミネラルウォーター、自社サービス	食料品|金券|暮らし|ポイントサービス	88000.0	100.0	1.12	3.6
2022-08-27	9	18	3289	東急不動産ホールディングス	カタログギフト、自社リゾートホテル割引券、スポーツ施設優待券	カタログギフト|交通・旅行|暮らし|スポーツ|長期保有特典|社会貢献	74000.0	100.0		2.27
2022-08-27	9	19	3563	ＦＯＯＤ　＆　ＬＩＦＥ　ＣＯＭＰＡＮＩＥＳ	株主優待割引券	食事券	242000.0	100.0		0.92
2022-08-27	9	20	8609	岡三証券グループ	証券金融サービス	金融サービス	34000.0	100.0		4.39
2022-10-25	3	1	9104	商船三井	にっぽん丸クルーズ優待券、フェリー割引券	交通・旅行	311000.0	100.0		16.07
2022-10-25	3	2	9101	日本郵船	飛鳥クルーズ優待割引券	交通・旅行	286000.0	100.0		
2022-10-25	3	3	1925	大和ハウス工業	株主優待券	食料品|交通・旅行|教養・娯楽|スポーツ|社会貢献	297000.0	100.0	0.33	4.36
2022-10-25	3	4	8613	丸三証券	海苔、新潟県ブランド米	食料品	41000.0	100.0	2.39	
2022-10-25	3	5	7182	ゆうちょ銀行	オリジナルカタログ商品	食料品|カタログギフト|暮らし|社会貢献	498000.0	500.0	0.6	5.01
2022-10-25	3	6	5988	パイオラックス	グルメギフト券、クオカード	金券|カタログギフト|長期保有特典	186000.0	100.0		6.82
2022-10-25	3	7	7602	カーチスホールディングス	株主優待券	暮らし	20000.0	100.0	143.54	
2022-10-25	3	8	9873	日本ＫＦＣホールディングス	自社商品割引券	食事券|長期保有特典	274000.0	100.0	0.36	1.82
2022-10-25	3	9	9202	ＡＮＡホールディングス	株主優待航空割引･自社グループ優待券･カレンダー	食事券|交通・旅行|暮らし|スポーツ|カレンダー|長期保有特典	288000.0	100.0		
2022-10-25	3	10	8591	オリックス	ふるさと優待、株主優待カード※2024年3月末廃止	食料品|食事券|交通・旅行|教養・娯楽|スポーツ|長期保有特典	212000.0	100.0		4.02
2022-10-25	3	11	8173	上新電機	買物優待券	暮らし|長期保有特典	190000.0	100.0		3.93
2022-10-25	3	12	2694	焼肉坂井ホールディングス	自社グループ優待券、優待割引券	食事券|長期保有特典	6000.0	100.0	14.7	
2022-10-25	3	13	2730	エディオン	ギフトカード	暮らし|長期保有特典	119000.0	100.0	2.5	3.67
2022-10-25	3	14	8361	大垣共立銀行	銀行金融サービス	食料品|金融サービス|長期保有特典|社会貢献	176000.0	100.0		3.95
2022-10-25	3	15	8616	東海東京フィナンシャル・ホールディングス	株主優待カタログ、オリジナルクオカード	金券|カタログギフト|長期保有特典	34000.0	100.0		
2022-10-25	3	16	1976	明星工業	JCBギフトカード	金券|長期保有特典	141000.0	200.0	0.7	3.66
2022-10-25	3	17	6758	ソニーグループ	自社商品割引券	暮らし|教養・娯楽	979000.0	100.0		
2022-10-25	3	18	8163	ＳＲＳホールディングス	優待食事券	食事券	874000.0	1000.0	2.74	0.57
2022-10-25	3	19	8425	みずほリース	オリジナルクオカード	金券|長期保有特典	318000.0	100.0	0.94	4.08
2022-10-25	3	20	3099	三越伊勢丹ホールディングス	株主優待カード	暮らし|長期保有特典	131000.0	100.0		0.91
2022-10-25	4	1	2910	ロック・フィールド	買物優待券、自社工場見学会	食事券|教養・娯楽|長期保有特典	143000.0	100.0	0.69	1.53
2022-10-25	4	2	6630	ヤーマン	自社商品・優待割引券	美容・ファッション|長期保有特典	111000.0	100.0	4.48	0.76
2022-10-25	4	3	8917	ファースト住建	クオカード、優待品	食料品|金券|長期保有特典	108000.0	100.0		3.95
2022-10-25	4	4	3476	投資法人みらい	ホテル優待	交通・旅行	46000.0	1.0		2.75
2022-10-25	4	5	3843	フリービット	プレミアム優待倶楽部ポイント	食料品|カタログギフト|交通・旅行|暮らし|ポイントサービス|プレミアム優待倶楽部	520000.0	500.0	0.57	
2022-10-25	4	6	9603	エイチ・アイ・エス	株主優待券、自社施設優待券	交通・旅行|教養・娯楽	206000.0	100.0	2.9	
2022-10-25	4	7	2198	アイ・ケイ・ケイホールディングス	優待食事券、株主優待商品	食料品|食事券	62000.0	100.0	2.38	1.59
2022-10-25	4	8	3134	Ｈａｍｅｅ	自社グループクーポン	暮らし|ポイントサービス	86000.0	100.0	3.48	2.61
2022-10-25	4	9	3329	東和フードサービス	優待食事券	食料品|食事券	148000.0	100.0	1.68	
2022-10-25	4	10	9444	トーシンホールディングス	自社商品券、自社施設利用無料券	暮らし|スポーツ	63000.0	100.0		3.14
2022-10-25	4	11	2751	テンポスホールディングス	優待食事券	食事券	228000.0	100.0	3.49	0.48
2022-10-25	4	12	3361	トーエル	自社取扱商品	食料品|カレンダー	391000.0	500.0	0.76	2.55
2022-10-25	4	13	2695	くら寿司	優待割引券（電子チケット）	食事券	330000.0	100.0		0.6
2022-10-25	4	14	1766	東建コーポレーション	新米等、宿泊優待券、ゴルフ観戦招待券、ゴルフ場優待券、自社サービス優待	食料品|交通・旅行|暮らし|スポーツ	785000.0	100.0		3.18
2022-10-25	4	15	9279	ギフトホールディングス	食事優待券（電子チケット）	食事券	309000.0	100.0		0.87
2022-10-25	4	16	8079	正栄食品工業	自社製品詰合せ	食料品	410000.0	100.0		1.17
2022-10-25	4	17	7604	梅の花	株主優待証	食事券	100000.0	100.0		
2022-10-25	4	18	2593	伊藤園	自社製品詰合せ、自社通信販売製品割引	食料品|暮らし	515000.0	100.0	0.29	0.77
2022-10-25	4	19	2438	アスカネット	自社サービス優待割引券	暮らし	97000.0	100.0	1.03	0.82
2022-10-25	4	20	9263	ビジョナリーホールディングス	株主優待券	暮らし|美容・ファッション|長期保有特典	20000.0	100.0		
2022-10-25	12	1	2914	ＪＴ	自社グループ商品、寄付	食料品|長期保有特典|社会貢献	245000.0	100.0		6.11
2022-10-25	12	2	3003	ヒューリック	カタログギフト	カタログギフト|長期保有特典|社会貢献	313000.0	300.0	0.95	3.83
2022-10-25	12	3	2402	アマナ	北海道ブランド米	食料品|長期保有特典	57000.0	100.0		
2022-10-25	12	4	4755	楽天グループ	楽天キャッシュ、国内宿泊クーポン	交通・旅行|ポイントサービス|教養・娯楽|スポーツ|金融サービス|長期保有特典	65000.0	100.0	3.07	
2022-10-25	12	5	5301	東海カーボン	カタログギフト	カタログギフト|長期保有特典	95000.0	100.0		3.13
2022-10-25	12	6	1605	ＩＮＰＥＸ	クオカード、施設見学会	金券|教養・娯楽|長期保有特典|社会貢献	150000.0	100.0		3.98
2022-10-25	12	7	3673	ブロードリーフ	電子マネーの贈呈	金融サービス	258000.0	500.0	1.93	0.19
2022-10-25	12	8	3197	すかいらーくホールディングス	優待カード	食事券	157000.0	100.0	2.53	
2022-10-25	12	9	7172	ジャパンインベストメントアドバイザー	オリジナルクオカード、新聞購読券	金券|教養・娯楽|長期保有特典	132000.0	100.0	7.18	2.42
2022-10-25	12	10	2503	キリンホールディングス	自社商品詰合せ	食料品|美容・ファッション|社会貢献	216000.0	100.0	0.46	3.0
2022-10-25	12	11	7984	コクヨ	自社グループ商品	暮らし	912000.0	500.0	0.32	3.12
2022-10-25	12	12	2928	ＲＩＺＡＰグループ	優待品交換ポイント、優待券	カタログギフト|ポイントサービス|長期保有特典	13000.0	100.0	35.97	
2022-10-25	12	13	4221	大倉工業	自社ホテル食事券、クオカード	食事券|金券	185000.0	100.0	1.61	4.03
2022-10-25	12	14	5184	ニチリン	オリジナルクオカード	金券|長期保有特典	166000.0	100.0		4.55
2022-10-25	12	15	4912	ライオン	自社製品詰合せ	暮らし	149000.0	100.0		1.66
2022-10-25	12	16	2427	アウトソーシング	オリジナルクオカード	金券	115000.0	100.0	0.86	3.91
2022-10-25	12	17	2502	アサヒグループホールディングス	自社製品詰合せ	食料品|社会貢献	426000.0	100.0	0.23	2.6
2022-10-25	12	18	3302	帝国繊維	クオカード、自社製品	金券|暮らし	158000.0	100.0	2.52	2.83
2022-10-25	12	19	4927	ポーラ・オルビスホールディングス	株主優待ポイント	美容・ファッション|長期保有特典	160000.0	100.0	0.93	3.23
2022-10-25	12	20	6789	ローランド　ディー．ジー．	世界特産品	カタログギフト|長期保有特典	312000.0	100.0		4.16
2022-11-02	1	1	3246	コーセーアールイー	クオカード	金券|長期保有特典	65000.0	100.0		4.59
2022-11-02	1	2	1928	積水ハウス	新潟県魚沼産コシヒカリ	食料品	2442000.0	1000.0		4.25
2022-11-02	1	3	3071	ストリーム	株主優待割引券	暮らし	11000.0	100.0	8.69	2.6
2022-11-02	1	4	7590	タカショー	プレミアム優待倶楽部ポイント、特別販売カタログ	カタログギフト|ポイントサービス|カレンダー|プレミアム優待倶楽部	68000.0	100.0	4.39	3.37
2022-11-02	1	5	3169	ミサワ	株主限定商品	暮らし|長期保有特典	58000.0	100.0		1.72
2022-11-02	1	6	8068	菱洋エレクトロ	ギフト商品、会員限定サービス	暮らし|長期保有特典	1146000.0	500.0		4.79
2022-11-02	1	7	9632	スバル興業	ＴＯＨＯシネマズ ギフトカード	教養・娯楽|長期保有特典	848000.0	100.0	0.23	3.06
2022-11-02	1	8	8142	トーホー	買物割引券、自社製品、寄付	食料品|食事券|暮らし|長期保有特典|社会貢献	167000.0	100.0		1.19
2022-11-02	1	9	7674	ＮＡＴＴＹ　ＳＷＡＮＫＹホールディングス	食事券	食事券	303000.0	100.0	6.6	
2022-11-02	1	10	3418	バルニバービ	優待食事券、株主優待カード	食事券|暮らし|長期保有特典	98000.0	100.0	2.02	0.75
2022-11-02	1	11	3320	クロスプラス	自社選定商品、クーポン券	ポイントサービス|美容・ファッション|長期保有特典	76000.0	100.0	3.94	1.57
2022-11-02	1	12	3193	鳥貴族ホールディングス	優待食事券	食事券	213000.0	100.0	0.93	0.37
2022-11-02	1	13	3070	アマガサ	自社EC サイト掲載商品	暮らし|美容・ファッション|長期保有特典	25000.0	100.0		
2022-11-02	1	14	2353	日本駐車場開発	自社施設利用券（電子チケット）	交通・旅行|暮らし|教養・娯楽	260000.0	1000.0		2.01
2022-11-02	1	15	2590	ダイドーグループホールディングス	自社グループ商品詰合せ	食料品|長期保有特典	454000.0	100.0		1.32
2022-11-02	1	16	1433	ベステラ	プレミアム優待倶楽部ポイント	カタログギフト|ポイントサービス|プレミアム優待倶楽部	483000.0	500.0	0.62	2.06
2022-11-02	1	17	6654	不二電機工業	クオカード	金券|長期保有特典	322000.0	300.0	0.31	2.98
2022-11-02	1	18	3421	稲葉製作所	オリジナル図書カード、地域特産品	食料品|金券	137000.0	100.0	0.72	1.89
2022-11-02	1	19	3921	ネオジャパン	クオカード	金券	102000.0	100.0	0.98	1.86
2022-11-02	1	20	1766	東建コーポレーション	新米等、宿泊優待券、ゴルフ観戦招待券、ゴルフ場優待券、自社サービス優待	食料品|交通・旅行|暮らし|スポーツ	773000.0	100.0		3.23
2022-11-02	10	1	7856	萩原工業	株主優待品（クオカード、食料品等）	食料品|金券|暮らし|長期保有特典|社会貢献	100000.0	100.0	0.99	3.57
2022-11-02	10	2	1873	日本ハウスホールディングス	自社製品（スープセット）	食料品	421000.0	1000.0		4.75
2022-11-02	10	3	3038	神戸物産	JCB ギフトカード	金券|長期保有特典	324000.0	100.0	0.3	0.64
2022-11-02	10	4	2910	ロック・フィールド	買物優待券、自社工場見学会	食事券|教養・娯楽|長期保有特典	144000.0	100.0	0.69	1.52
2022-11-02	10	5	3974	ティビィシィ・スキヤツト	クオカード	金券	42000.0	100.0	1.17	2.0
2022-11-02	10	6	2375	ギグワークス	自社グループ割引クーポン	暮らし|美容・ファッション|金融サービス	31000.0	100.0		2.56
2022-11-02	10	7	9251	ＡＢ＆Ｃｏｍｐａｎｙ	オンラインストア優待券	美容・ファッション	94000.0	100.0	8.51	2.98
2022-11-02	10	8	9678	カナモト	カタログギフト	カタログギフト|長期保有特典	1098000.0	500.0		3.41
2022-11-02	10	9	2373	ケア２１	クオカード	金券	74000.0	100.0	1.33	2.27
2022-11-02	10	10	2345	クシム	クオカード	金券|金融サービス|長期保有特典	53000.0	100.0		
2022-11-02	10	11	8917	ファースト住建	クオカード、優待品	食料品|金券|長期保有特典	102000.0	100.0		4.21
2022-11-02	10	12	2301	学情	オリジナルクオカード	金券	752000.0	500.0	0.39	2.46
2022-11-02	10	13	3476	投資法人みらい	ホテル優待	交通・旅行	48000.0	1.0		2.65
2022-11-02	10	14	3329	東和フードサービス	優待食事券	食料品|食事券	148000.0	100.0	1.68	
2022-11-02	10	15	9603	エイチ・アイ・エス	株主優待券、自社施設優待券	交通・旅行|教養・娯楽	208000.0	100.0	2.87	
2022-11-02	10	16	6309	巴工業	自社関連商品	食料品	237000.0	100.0		2.22
2022-11-02	10	17	9444	トーシンホールディングス	自社商品券、自社施設利用無料券	暮らし|スポーツ	62000.0	100.0		3.22
2022-11-02	10	18	3134	Ｈａｍｅｅ	自社グループクーポン	暮らし|ポイントサービス	83000.0	100.0	3.59	2.69
2022-11-02	10	19	7533	グリーンクロス	カレンダー	カレンダー	99000.0	100.0		3.02
2022-11-02	10	20	3419	アートグリーン	ミディ胡蝶蘭	暮らし	165000.0	100.0	2.72	
2022-12-08	1	1	3071	ストリーム	株主優待割引券	暮らし	11000.0	100.0	8.69	2.6
2022-12-08	1	2	3246	コーセーアールイー	クオカード	金券|長期保有特典	70000.0	100.0		4.26
2022-12-08	1	3	1928	積水ハウス	新潟県魚沼産コシヒカリ	食料品	2499000.0	1000.0		4.16
2022-12-08	1	4	8068	菱洋エレクトロ	ギフト商品、会員限定サービス	暮らし|長期保有特典	1166000.0	500.0		4.71
2022-12-08	1	5	3320	クロスプラス	自社選定商品、クーポン券	ポイントサービス|美容・ファッション|長期保有特典	82000.0	100.0	3.61	1.44
2022-12-08	1	6	7590	タカショー	プレミアム優待倶楽部ポイント、特別販売カタログ	カタログギフト|ポイントサービス|カレンダー|プレミアム優待倶楽部	70000.0	100.0	4.26	3.26
2022-12-08	1	7	7674	ＮＡＴＴＹ　ＳＷＡＮＫＹホールディングス	食事券	食事券	310000.0	100.0	6.44	
2022-12-08	1	8	3169	ミサワ	株主限定商品	暮らし|長期保有特典	61000.0	100.0		1.63
2022-12-08	1	9	8142	トーホー	買物割引券、自社製品、寄付	食料品|食事券|暮らし|長期保有特典|社会貢献	181000.0	100.0	0.55	1.1
2022-12-08	1	10	3921	ネオジャパン	クオカード	金券	99000.0	100.0	1.0	1.91
2022-12-08	1	11	6654	不二電機工業	クオカード	金券|長期保有特典	333000.0	300.0	0.29	2.87
2022-12-08	1	12	3418	バルニバービ	優待食事券、株主優待カード	食事券|暮らし|長期保有特典	99000.0	100.0	2.01	0.75
2022-12-08	1	13	3421	稲葉製作所	オリジナル図書カード、地域特産品	食料品|金券	137000.0	100.0	0.72	1.89
2022-12-08	1	14	2590	ダイドーグループホールディングス	自社グループ商品詰合せ	食料品|長期保有特典	485000.0	100.0		1.23
2022-12-08	1	15	2353	日本駐車場開発	自社施設利用券（電子チケット）	交通・旅行|暮らし|教養・娯楽	229000.0	1000.0		2.29
2022-12-08	1	16	3070	アマガサ	自社EC サイト掲載商品	暮らし|美容・ファッション|長期保有特典	26000.0	100.0		
2022-12-08	1	17	3193	鳥貴族ホールディングス	優待食事券	食事券	252000.0	100.0	0.79	0.31
2022-12-08	1	18	3415	ＴＯＫＹＯ　ＢＡＳＥ	買物優待券	暮らし|美容・ファッション	30000.0	100.0		
2022-12-08	1	19	1433	ベステラ	プレミアム優待倶楽部ポイント	カタログギフト|ポイントサービス|プレミアム優待倶楽部	480000.0	500.0	0.62	2.08
2022-12-08	1	20	9632	スバル興業	ＴＯＨＯシネマズ ギフトカード	教養・娯楽|長期保有特典	908000.0	100.0	0.22	2.86
2022-12-08	2	1	3073	ＤＤホールディングス	株主優待券、お米	食料品|食事券	67000.0	100.0	8.95	
2022-12-08	2	2	8905	イオンモール	自社商品券、カタログギフト	金券|カタログギフト|長期保有特典|社会貢献	169000.0	100.0	1.77	2.95
2022-12-08	2	3	2706	ブロッコリー	自社オリジナルグッズ	暮らし|長期保有特典	111000.0	100.0		2.32
2022-12-08	2	4	4745	東京個別指導学院	カタログギフト	食料品|カタログギフト|社会貢献	52000.0	100.0		4.92
2022-12-08	2	5	9978	文教堂グループホールディングス	株主優待カード、クオカードpay	暮らし|ポイントサービス|教養・娯楽	4000.0	100.0	14.28	
2022-12-08	2	6	8267	イオン	株主優待カード、自社グル―プ優待券	金券|暮らし|長期保有特典	280000.0	100.0		1.28
2022-12-08	2	7	2930	北の達人コーポレーション	自社商品	美容・ファッション	29000.0	100.0	14.78	0.5
2022-12-08	2	8	3198	ＳＦＰホールディングス	優待食事券	食事券	171000.0	100.0	4.66	1.16
2022-12-08	2	9	3087	ドトール・日レスホールディングス	株主優待カード	食事券	167000.0	100.0	0.59	1.66
2022-12-08	2	10	8016	オンワードホールディングス	自社グループ製品	カタログギフト|美容・ファッション	32000.0	100.0		3.67
2022-12-08	2	11	3387	クリエイト・レストランツ・ホールディングス	優待食事券	食事券|長期保有特典	91000.0	100.0	4.35	0.65
2022-12-08	2	12	9861	吉野家ホールディングス	買物優待券	食事券	231000.0	100.0	1.72	0.43
2022-12-08	2	13	3063	ジェイグループホールディングス	優待食事券	食事券	49000.0	100.0	8.09	
2022-12-08	2	14	9979	大庄	優待飲食券	食事券	104000.0	100.0	5.74	
2022-12-08	2	15	8008	ヨンドシーホールディングス	株主優待券、自社商品、寄付	金券|暮らし|美容・ファッション|社会貢献	173000.0	100.0	0.57	4.79
2022-12-08	2	16	3543	コメダホールディングス	プリペイドカード「ＫＯＭＥＣＡ」チャージ	食事券|長期保有特典	239000.0	100.0	0.83	2.17
2022-12-08	2	17	3548	バロックジャパンリミテッド	店舗、通販サイトで利用可能なクーポン	美容・ファッション	80000.0	100.0	4.97	4.72
2022-12-08	2	18	3333	あさひ	株主優待券	暮らし	136000.0	100.0	2.93	2.05
2022-12-08	2	19	3546	アレンザホールディングス	JCBギフト券	金券	97000.0	100.0	1.02	3.9
2022-12-08	2	20	3050	ＤＣＭホールディングス	買物優待券	暮らし|長期保有特典	114000.0	100.0	0.43	3.48
2022-12-08	3	1	9101	日本郵船	飛鳥クルーズ優待割引券	交通・旅行	299000.0	100.0		17.04
2022-12-08	3	2	7182	ゆうちょ銀行	オリジナルカタログ商品	食料品|カタログギフト|暮らし|社会貢献	508000.0	500.0	0.59	4.92
2022-12-08	3	3	1332	ニッスイ	自社商品	食料品|暮らし	262000.0	500.0	1.14	3.05
2022-12-08	3	4	8551	北日本銀行	銀行金融サービス、地場特産品	食料品|カタログギフト|金融サービス|長期保有特典|社会貢献	184000.0	100.0		3.24
2022-12-08	3	5	9432	日本電信電話	dポイント付与	ポイントサービス|長期保有特典	372000.0	100.0		3.22
2022-12-08	3	6	8616	東海東京フィナンシャル・ホールディングス	株主優待カタログ、オリジナルクオカード	金券|カタログギフト|長期保有特典	35000.0	100.0		
2022-12-08	3	7	3133	海帆	優待食事券、全国共通おこめ券	食事券|金券	16000.0	100.0	11.97	
2022-12-08	3	8	7602	カーチスホールディングス	株主優待券	暮らし	20000.0	100.0	147.05	
2022-12-08	3	9	9104	商船三井	にっぽん丸クルーズ優待券、フェリー割引券	交通・旅行	326000.0	100.0		16.87
2022-12-08	3	10	2928	ＲＩＺＡＰグループ	優待品交換ポイント、優待券	カタログギフト|ポイントサービス|長期保有特典	14000.0	100.0	34.96	
2022-12-08	3	11	9433	ＫＤＤＩ	カタログギフト、体験型商品	カタログギフト|交通・旅行|教養・娯楽|長期保有特典|社会貢献	402000.0	100.0	0.74	3.35
2022-12-08	3	12	3666	テクノスジャパン	プレミアム優待倶楽部ポイント	カタログギフト|ポイントサービス|長期保有特典|プレミアム優待倶楽部	482000.0	1000.0	0.62	2.92
2022-12-08	3	13	9202	ＡＮＡホールディングス	株主優待航空割引･自社グループ優待券･カレンダー	食事券|交通・旅行|暮らし|スポーツ|カレンダー|長期保有特典	292000.0	100.0		
2022-12-08	3	14	2694	焼肉坂井ホールディングス	自社グループ優待券、優待割引券	食事券|長期保有特典	7000.0	100.0	14.28	
2022-12-08	3	15	1518	三井松島ホールディングス	施設優待割引券、商品優待券	交通・旅行|暮らし|美容・ファッション	328000.0	100.0	3.35	8.23
2022-12-08	3	16	8697	日本取引所グループ	クオカード	金券|長期保有特典	191000.0	100.0	0.52	2.71
2022-12-08	3	17	8473	ＳＢＩホールディングス	自社商品、または暗号資産XRP	美容・ファッション|金融サービス|長期保有特典	257000.0	100.0	0.77	
2022-12-08	3	18	7618	ピーシーデポコーポレーション	買物または技術サービス優待券	暮らし	27000.0	100.0	3.63	5.09
2022-12-08	3	19	3175	エー・ピーホールディングス	株主優待券、全国共通おこめ券	食事券|金券	46000.0	100.0	6.5	
2022-12-08	3	20	3167	ＴＯＫＡＩホールディングス	クオカード、ミネラルウォーター、自社サービス	食料品|金券|暮らし|ポイントサービス	87000.0	100.0	1.14	3.64
2022-12-08	4	1	6630	ヤーマン	自社商品・優待割引券	美容・ファッション|長期保有特典	131000.0	100.0	3.79	0.64
2022-12-08	4	2	2198	アイ・ケイ・ケイホールディングス	優待食事券、株主優待商品	食料品|食事券	64000.0	100.0	2.32	1.55
2022-12-08	4	3	2751	テンポスホールディングス	優待食事券	食事券	237000.0	100.0	3.36	0.46
2022-12-08	4	4	8917	ファースト住建	クオカード、優待品	食料品|金券|長期保有特典	99000.0	100.0		4.32
2022-12-08	4	5	2695	くら寿司	優待割引券（電子チケット）	食事券	333000.0	100.0		0.6
2022-12-08	4	6	2593	伊藤園	自社製品詰合せ、自社通信販売製品割引	食料品|暮らし	515000.0	100.0	0.29	0.77
2022-12-08	4	7	2910	ロック・フィールド	買物優待券、自社工場見学会	食事券|教養・娯楽|長期保有特典	145000.0	100.0	0.68	1.5
2022-12-08	4	8	3134	Ｈａｍｅｅ	自社グループクーポン	暮らし|ポイントサービス	87000.0	100.0	3.42	2.56
2022-12-08	4	9	9627	アインホールディングス	自社グループ商品券	暮らし	636000.0	100.0	0.31	0.94
2022-12-08	4	10	9279	ギフトホールディングス	食事優待券（電子チケット）	食事券	376000.0	100.0		0.71
2022-12-08	4	11	3329	東和フードサービス	優待食事券	食料品|食事券	146000.0	100.0	1.7	
2022-12-08	4	12	7604	梅の花	株主優待証	食事券	99000.0	100.0		
2022-12-08	4	13	9603	エイチ・アイ・エス	株主優待券、自社施設優待券	交通・旅行|教養・娯楽	200000.0	100.0	2.98	
2022-12-08	4	14	3476	投資法人みらい	ホテル優待	交通・旅行	46000.0	1.0		2.74
2022-12-08	4	15	1766	東建コーポレーション	新米等、宿泊優待券、ゴルフ観戦招待券、ゴルフ場優待券、自社サービス優待	食料品|交通・旅行|暮らし|スポーツ	742000.0	100.0		3.36
2022-12-08	4	16	5971	共和工業所	クオカードPay	ポイントサービス	392000.0	100.0	0.25	2.04
2022-12-08	4	17	9263	ビジョナリーホールディングス	株主優待券	暮らし|美容・ファッション|長期保有特典	17000.0	100.0		
2022-12-08	4	18	8562	福島銀行	銀行金融サービス	金融サービス	21000.0	100.0		2.32
2022-12-08	4	19	3843	フリービット	プレミアム優待倶楽部ポイント	食料品|カタログギフト|交通・旅行|暮らし|ポイントサービス|プレミアム優待倶楽部	505000.0	500.0	0.59	
2022-12-08	4	20	3180	ビューティガレージ	自社オリジナル商品	美容・ファッション|長期保有特典	296000.0	100.0	1.41	0.6
2022-12-08	5	1	1419	タマホーム	オリジナルクオカード	金券|長期保有特典	255000.0	100.0	0.39	5.09
2022-12-08	5	2	2698	キャンドゥ	株主優待券	暮らし	218000.0	100.0	0.91	0.77
2022-12-08	5	3	8908	毎日コムネット	会員制サービス利用権	暮らし	70000.0	100.0		3.99
2022-12-08	5	4	1377	サカタのタネ	カタログギフト	カタログギフト	442000.0	100.0		1.13
2022-12-08	5	5	3349	コスモス薬品	買物優待券、全国共通おこめ券	金券|暮らし|長期保有特典	1393000.0	100.0	0.63	0.61
2022-12-08	5	6	2722	ＩＫホールディングス	買物優待券、自社製品	食料品|長期保有特典	42000.0	100.0		2.83
2022-12-08	5	7	3501	住江織物	自社商品、地域特産品	食料品|カタログギフト|暮らし	179000.0	100.0	0.38	3.89
2022-12-08	5	8	4825	ウェザーニューズ	自社サービス「ウェザーニュース」無料利用権	暮らし	717000.0	100.0		1.39
2022-12-08	5	9	2792	ハニーズホールディングス	自社商品引換券	美容・ファッション|長期保有特典	126000.0	100.0		3.16
2022-12-08	5	10	3201	日本毛織	株主優待割引券、クオカード	金券|カタログギフト|暮らし|長期保有特典	98000.0	100.0	1.01	3.04
2022-12-08	5	11	7921	ＴＡＫＡＲＡ　＆　ＣＯＭＰＡＮＹ	株主優待カタログ	カタログギフト|長期保有特典	206000.0	100.0	0.72	3.38
2022-12-08	5	12	3645	メディカルネット	クオカード	金券|長期保有特典	43000.0	100.0		0.58
2022-12-08	5	13	3139	ラクト・ジャパン	オリジナルクオカード、カタログギフト	食料品|金券|カタログギフト|長期保有特典	207000.0	100.0	0.48	1.78
2022-12-08	5	14	9765	オオバ	クオカード、チョコレート菓子	食料品|金券|長期保有特典|社会貢献	65000.0	100.0		3.33
2022-12-08	5	15	9278	ブックオフグループホールディングス	買物優待券、買取アップ券	暮らし|長期保有特典	131000.0	100.0	1.52	1.52
2022-12-08	5	16	3297	東武住販	地域特産品	食料品|長期保有特典	99000.0	100.0	1.0	3.4
2022-12-08	5	17	3549	クスリのアオキホールディングス	株主優待カード、地方名産品	食料品|暮らし	810000.0	100.0	0.24	0.35
2022-12-08	5	18	2678	アスクル	割引クーポン	暮らし	159000.0	100.0		2.0
2022-12-08	5	19	7487	小津産業	クオカード、株主優待商品	金券|暮らし	144000.0	100.0	0.69	1.59
2022-12-08	5	20	3075	銚子丸	優待食事券、自社商品	食料品|食事券	112000.0	100.0	0.89	0.53
2022-12-08	6	1	3082	きちりホールディングス	食事割引券	食事券|長期保有特典	58000.0	100.0	5.13	0.85
2022-12-08	6	2	3197	すかいらーくホールディングス	優待カード	食事券	158000.0	100.0	2.52	
2022-12-08	6	3	3299	ムゲンエステート	オリジナルクオカード	金券|長期保有特典	48000.0	100.0		3.52
2022-12-08	6	4	3085	アークランドサービスホールディングス	優待食事券	食事券	221000.0	100.0	0.99	1.35
2022-12-08	6	5	2311	エプコ	太陽光発電システム（抽選）	暮らし	70000.0	100.0		4.52
2022-12-08	6	6	9282	いちごグリーンインフラ投資法人	Ｊリーグ観戦チケット（抽選）	スポーツ	71000.0	1.0		5.75
2022-12-08	6	7	3807	フィスコ	自社サービス無料クーポン（IPOナビ）	金融サービス	14000.0	100.0	86.8	2.08
2022-12-08	6	8	3405	クラレ	オリジナルカタログギフト、カレンダー	カタログギフト|カレンダー|長期保有特典	1107000.0	1000.0	0.27	3.79
2022-12-08	6	9	2752	フジオフードグループ本社	自社オリジナル商品詰合せ	食料品|食事券	134000.0	100.0	4.45	
2022-12-08	6	10	2702	日本マクドナルドホールディングス	優待食事券	食事券	511000.0	100.0		0.76
2022-12-08	6	11	7272	ヤマハ発動機	株主優待ポイント、オリジナルカレンダー	ポイントサービス|スポーツ|カレンダー|長期保有特典|社会貢献	333000.0	100.0		3.44
2022-12-08	6	12	3091	ブロンコビリー	優待食事券、お米	食料品|食事券	250000.0	100.0	1.59	0.63
2022-12-08	6	13	7177	ＧＭＯフィナンシャルホールディングス	証券金融サービス	金融サービス	52000.0	100.0		4.0
2022-12-08	6	14	4631	ＤＩＣ	カレンダー、美術館入館券付絵葉書、自社グループ製品	食料品|教養・娯楽|カレンダー	245000.0	100.0	1.22	4.08
2022-12-08	6	15	3028	アルペン	株主優待券	スポーツ	204000.0	100.0	1.95	2.44
2022-12-08	6	16	7135	ジャパンクラフトホールディングス	買物優待券	暮らし|長期保有特典	64000.0	100.0	9.3	
2022-12-08	6	17	8165	千趣会	買物優待券	暮らし|長期保有特典	40000.0	100.0	4.95	
2022-12-08	6	18	9439	エム・エイチ・グループ	公式オンラインストア優待券	美容・ファッション|長期保有特典	16000.0	100.0	19.64	
2022-12-08	6	19	6498	キッツ	自社グループ優待券、オリジナルクオカード	金券|交通・旅行|カレンダー|長期保有特典|社会貢献	81000.0	100.0		3.79
2022-12-08	6	20	3097	物語コーポレーション	優待食事券	食事券	686000.0	100.0	1.02	1.02
2022-12-08	7	1	7590	タカショー	プレミアム優待倶楽部ポイント、特別販売カタログ	カタログギフト|ポイントサービス|カレンダー|プレミアム優待倶楽部	70000.0	100.0	4.26	3.26
2022-12-08	7	2	7674	ＮＡＴＴＹ　ＳＷＡＮＫＹホールディングス	食事券	食事券	310000.0	100.0	6.44	
2022-12-08	7	3	3497	ＬｅＴｅｃｈ	プレミアム優待倶楽部ポイント	カタログギフト|ポイントサービス|長期保有特典|プレミアム優待倶楽部	141000.0	200.0	2.82	
2022-12-08	7	4	2217	モロゾフ	株主優待券または自社商品、オンラインショップ優待割引	食料品|食事券|長期保有特典	349000.0	100.0	0.57	1.28
2022-12-08	7	5	3921	ネオジャパン	クオカード	金券	99000.0	100.0	1.0	1.91
2022-12-08	7	6	6654	不二電機工業	クオカード	金券|長期保有特典	333000.0	300.0	0.29	2.87
2022-12-08	7	7	3172	ティーライフ	株主優待券	暮らし	128000.0	100.0	0.78	4.05
2022-12-08	7	8	3418	バルニバービ	優待食事券、株主優待カード	食事券|暮らし|長期保有特典	99000.0	100.0	2.01	0.75
2022-12-08	7	9	3421	稲葉製作所	オリジナル図書カード、地域特産品	食料品|金券	137000.0	100.0	0.72	1.89
2022-12-08	7	10	7810	クロスフォー	自社製品（ジュエリー）	美容・ファッション	199000.0	1000.0	5.02	0.75
2022-12-08	7	11	3539	ＪＭホールディングス	精肉関連商品	食料品|長期保有特典	171000.0	100.0		2.33
2022-12-08	7	12	2590	ダイドーグループホールディングス	自社グループ商品詰合せ	食料品|長期保有特典	485000.0	100.0		1.23
2022-12-08	7	13	2353	日本駐車場開発	自社施設利用券（電子チケット）	交通・旅行|暮らし|教養・娯楽	229000.0	1000.0		2.29
2022-12-08	7	14	3070	アマガサ	自社EC サイト掲載商品	暮らし|美容・ファッション|長期保有特典	26000.0	100.0		
2022-12-08	7	15	3193	鳥貴族ホールディングス	優待食事券	食事券	252000.0	100.0	0.79	0.31
2022-12-08	7	16	9262	シルバーライフ	自社商品券	食料品	287000.0	200.0	3.47	1.04
2022-12-08	7	17	3159	丸善ＣＨＩホールディングス	自社商品券	暮らし	32000.0	100.0	1.52	0.61
2022-12-08	7	18	7196	Ｃａｓａ	クオカード	金券	86000.0	100.0	1.15	3.46
2022-12-08	7	19	3399	丸千代山岡家	株主優待券	食料品|食事券	236000.0	100.0	0.75	0.67
2022-12-08	7	20	7614	オーエムツーネットワーク	優待食事券	食料品|食事券	106000.0	100.0		2.24
2022-12-08	8	1	7581	サイゼリヤ	食事券	食事券|長期保有特典	294000.0	100.0		0.61
2022-12-08	8	2	9978	文教堂グループホールディングス	株主優待カード、クオカードpay	暮らし|ポイントサービス|教養・娯楽	4000.0	100.0	14.28	
2022-12-08	8	3	8267	イオン	株主優待カード、自社グル―プ優待券	金券|暮らし|長期保有特典	280000.0	100.0		1.28
2022-12-08	8	4	3198	ＳＦＰホールディングス	優待食事券	食事券	171000.0	100.0	4.66	1.16
2022-12-08	8	5	3387	クリエイト・レストランツ・ホールディングス	優待食事券	食事券|長期保有特典	91000.0	100.0	4.35	0.65
2022-12-08	8	6	9861	吉野家ホールディングス	買物優待券	食事券	231000.0	100.0	1.72	0.43
2022-12-08	8	7	2404	鉄人化計画	株主優待カード、優待食事券	食料品|食事券|暮らし	29000.0	100.0	8.59	
2022-12-08	8	8	3063	ジェイグループホールディングス	優待食事券	食事券	49000.0	100.0	8.09	
2022-12-08	8	9	9979	大庄	優待飲食券	食事券	104000.0	100.0	5.74	
2022-12-08	8	10	3543	コメダホールディングス	プリペイドカード「ＫＯＭＥＣＡ」チャージ	食事券|長期保有特典	239000.0	100.0	0.83	2.17
2022-12-08	8	11	3548	バロックジャパンリミテッド	店舗、通販サイトで利用可能なクーポン	美容・ファッション	80000.0	100.0	4.97	4.72
2022-12-08	8	12	2687	シー・ヴイ・エス・ベイエリア	自社運営ホテル割引券	交通・旅行|長期保有特典	40000.0	100.0	16.12	3.97
2022-12-08	8	13	7545	西松屋チェーン	プリペイド式お買物カード	暮らし|美容・ファッション|長期保有特典	136000.0	100.0	1.46	1.9
2022-12-08	8	14	3557	ユナイテッド＆コレクティブ	食事優待券	食事券	121000.0	100.0	8.24	
2022-12-08	8	15	2927	ＡＦＣ－ＨＤアムスライフサイエンス	株主優待割引券・商品引換券	カタログギフト|美容・ファッション	75000.0	100.0	5.28	3.3
2022-12-08	8	16	2798	ワイズテーブルコーポレーション	株主優待券	食料品|長期保有特典	193000.0	100.0	5.16	
2022-12-08	8	17	2686	ジーフット	株主優待券	美容・ファッション	29000.0	100.0	6.84	
2022-12-08	8	18	7513	コジマ	株主優待券	暮らし|長期保有特典	61000.0	100.0	1.63	2.28
2022-12-08	8	19	4668	明光ネットワークジャパン	クオカード	金券|長期保有特典	62000.0	100.0	0.8	3.85
2022-12-08	8	20	3048	ビックカメラ	買物優待券	暮らし|長期保有特典	128000.0	100.0	2.33	1.16
2022-12-08	9	1	6181	タメニー	自社サービス利用券、プレミアム優待倶楽部ポイント	カタログギフト|暮らし|ポイントサービス|美容・ファッション|プレミアム優待倶楽部	9000.0	100.0	306.12	
2022-12-08	9	2	8098	稲畑産業	オリジナルクオカード	金券|長期保有特典	234000.0	100.0	0.21	4.91
2022-12-08	9	3	7278	エクセディ	株主優待カタログ	カタログギフト|長期保有特典	161000.0	100.0		5.59
2022-12-08	9	4	9104	商船三井	にっぽん丸クルーズ優待券、フェリー割引券	交通・旅行	326000.0	100.0		16.87
2022-12-08	9	5	9202	ＡＮＡホールディングス	株主優待航空割引･自社グループ優待券･カレンダー	食事券|交通・旅行|暮らし|スポーツ|カレンダー|長期保有特典	292000.0	100.0		
2022-12-08	9	6	2694	焼肉坂井ホールディングス	自社グループ優待券、優待割引券	食事券|長期保有特典	7000.0	100.0	14.28	
2022-12-08	9	7	3167	ＴＯＫＡＩホールディングス	クオカード、ミネラルウォーター、自社サービス	食料品|金券|暮らし|ポイントサービス	87000.0	100.0	1.14	3.64
2022-12-08	9	8	9941	太洋物産	クオカード	金券	90000.0	100.0	5.51	
2022-12-08	9	9	3397	トリドールホールディングス	株主優待割引券	食事券|長期保有特典	268000.0	100.0	2.23	0.27
2022-12-08	9	10	2282	日本ハム	自社グループ製品	食料品|スポーツ|長期保有特典|社会貢献	367000.0	100.0	0.81	2.99
2022-12-08	9	11	7524	マルシェ	優待食事券	食料品|食事券|社会貢献	39000.0	100.0	7.55	
2022-12-08	9	12	9201	日本航空	株主優待航空割引券	交通・旅行|長期保有特典	274000.0	100.0		
2022-12-08	9	13	8173	上新電機	買物優待券	暮らし|長期保有特典	189000.0	100.0		3.95
2022-12-08	9	14	9783	ベネッセホールディングス	株主優待カタログ	カタログギフト	195000.0	100.0		3.07
2022-12-08	9	15	8282	ケーズホールディングス	株主優待券	暮らし|長期保有特典	111000.0	100.0	1.79	3.95
2022-12-08	9	16	4765	モーニングスター	自社投資情報サービス、暗号資産（仮想通貨）	教養・娯楽|金融サービス	45000.0	100.0	69.31	
2022-12-08	9	17	2340	極楽湯ホールディングス	自社無料入浴券	暮らし|長期保有特典	22000.0	100.0		
2022-12-08	9	18	4839	ＷＯＷＯＷ	視聴優待、特製クオカード	金券|教養・娯楽|長期保有特典|社会貢献	119000.0	100.0		4.17
2022-12-08	9	19	2374	セントケア・ホールディング	クオカード	金券|長期保有特典	86000.0	100.0	0.58	2.78
2022-12-08	9	20	7806	ＭＴＧ	自社製品	ポイントサービス|美容・ファッション	121000.0	100.0	4.93	0.82
2022-12-08	10	1	8917	ファースト住建	クオカード、優待品	食料品|金券|長期保有特典	99000.0	100.0		4.32
2022-12-08	10	2	7856	萩原工業	株主優待品（クオカード、食料品等）	食料品|金券|暮らし|長期保有特典|社会貢献	107000.0	100.0	0.93	3.35
2022-12-08	10	3	9251	ＡＢ＆Ｃｏｍｐａｎｙ	オンラインストア優待券	美容・ファッション	104000.0	100.0	7.64	2.68
2022-12-08	10	4	3038	神戸物産	JCB ギフトカード	金券|長期保有特典	356000.0	100.0	0.28	0.59
2022-12-08	10	5	1873	日本ハウスホールディングス	自社製品（スープセット）	食料品	437000.0	1000.0		4.57
2022-12-08	10	6	9824	泉州電業	オリジナルクオカード	金券|長期保有特典	288000.0	100.0	0.34	4.84
2022-12-08	10	7	2910	ロック・フィールド	買物優待券、自社工場見学会	食事券|教養・娯楽|長期保有特典	145000.0	100.0	0.68	1.5
2022-12-08	10	8	3134	Ｈａｍｅｅ	自社グループクーポン	暮らし|ポイントサービス	87000.0	100.0	3.42	2.56
2022-12-08	10	9	9279	ギフトホールディングス	食事優待券（電子チケット）	食事券	376000.0	100.0		0.71
2022-12-08	10	10	3329	東和フードサービス	優待食事券	食料品|食事券	146000.0	100.0	1.7	
2022-12-08	10	11	9678	カナモト	カタログギフト	カタログギフト|長期保有特典	1115000.0	500.0		3.36
2022-12-08	10	12	7604	梅の花	株主優待証	食事券	99000.0	100.0		
2022-12-08	10	13	9603	エイチ・アイ・エス	株主優待券、自社施設優待券	交通・旅行|教養・娯楽	200000.0	100.0	2.98	
2022-12-08	10	14	3419	アートグリーン	ミディ胡蝶蘭	暮らし	173000.0	100.0	2.6	
2022-12-08	10	15	2301	学情	オリジナルクオカード	金券	723000.0	500.0	0.41	2.55
2022-12-08	10	16	6309	巴工業	自社関連商品	食料品	236000.0	100.0		2.24
2022-12-08	10	17	3476	投資法人みらい	ホテル優待	交通・旅行	46000.0	1.0		2.74
2022-12-08	10	18	1766	東建コーポレーション	新米等、宿泊優待券、ゴルフ観戦招待券、ゴルフ場優待券、自社サービス優待	食料品|交通・旅行|暮らし|スポーツ	742000.0	100.0		3.36
2022-12-08	10	19	2345	クシム	クオカード	金券|金融サービス|長期保有特典	42000.0	100.0		
2022-12-08	10	20	9263	ビジョナリーホールディングス	株主優待券	暮らし|美容・ファッション|長期保有特典	17000.0	100.0		
2022-12-08	11	1	2153	Ｅ・Ｊホールディングス	クオカード	金券	128000.0	100.0	0.78	3.9
2022-12-08	11	2	8095	アステナホールディングス	自社グループ商品	暮らし|美容・ファッション|長期保有特典|社会貢献	42000.0	100.0		4.26
2022-12-08	11	3	2809	キユーピー	自社製品詰合せ	食料品|長期保有特典	244000.0	100.0		1.92
2022-12-08	11	4	1419	タマホーム	オリジナルクオカード	金券|長期保有特典	255000.0	100.0	0.39	5.09
2022-12-08	11	5	3244	サムティ	自社グループホテル優待	交通・旅行	453000.0	200.0		3.96
2022-12-08	11	6	3547	串カツ田中ホールディングス	食事優待券	食事券	173000.0	100.0	1.15	0.57
2022-12-08	11	7	9837	モリト	記念優待（クオカード）	金券	75000.0	100.0		3.86
2022-12-08	11	8	8923	トーセイ	クオカード、ホテル宿泊割引	金券|交通・旅行|長期保有特典	139000.0	100.0	2.15	3.65
2022-12-08	11	9	7501	ティムコ	買物優待券	美容・ファッション	74000.0	100.0		1.62
2022-12-08	11	10	1430	ファーストコーポレーション	クオカード	金券|長期保有特典	354000.0	500.0		4.94
2022-12-08	11	11	2769	ヴィレッジヴァンガードコーポレーション	買物優待券	暮らし|長期保有特典	104000.0	100.0		
2022-12-08	11	12	3349	コスモス薬品	買物優待券、全国共通おこめ券	金券|暮らし|長期保有特典	1393000.0	100.0	0.63	0.61
2022-12-08	11	13	4825	ウェザーニューズ	自社サービス「ウェザーニュース」無料利用権	暮らし	717000.0	100.0		1.39
2022-12-08	11	14	2830	アヲハタ	自社製品詰合せ	食料品	241000.0	100.0	0.41	0.82
2022-12-08	11	15	5942	日本フイルコン	クオカード、ワイン	食料品|金券|長期保有特典	45000.0	100.0		2.86
2022-12-08	11	16	2734	サーラコーポレーション	株主優待券	食事券	359000.0	500.0	0.27	3.48
2022-12-08	11	17	3377	バイク王＆カンパニー	自社商品購入割引券	暮らし	101000.0	100.0	10.86	2.37
2022-12-08	11	18	9872	北恵	クオカード、ギフトカード	金券|カタログギフト	66000.0	100.0	0.75	3.17
2022-12-08	11	19	7725	インターアクション	クオカード	金券|長期保有特典	1514000.0	1000.0		1.65
2022-12-08	11	20	3089	テクノアルファ	オリジナルクオカード	金券	113000.0	100.0	0.88	2.38
2022-12-08	12	1	2914	ＪＴ	自社グループ商品、寄付	食料品|長期保有特典|社会貢献	281000.0	100.0		6.67
2022-12-08	12	2	4755	楽天グループ	楽天キャッシュ、国内宿泊クーポン	交通・旅行|ポイントサービス|教養・娯楽|スポーツ|金融サービス|長期保有特典	65000.0	100.0	3.04	
2022-12-08	12	3	5184	ニチリン	オリジナルクオカード	金券|長期保有特典	184000.0	100.0		4.77
2022-12-08	12	4	4912	ライオン	自社製品詰合せ	暮らし	146000.0	100.0		1.7
2022-12-08	12	5	3003	ヒューリック	カタログギフト	カタログギフト|長期保有特典|社会貢献	342000.0	300.0	0.87	3.67
2022-12-08	12	6	2503	キリンホールディングス	自社商品詰合せ	食料品|美容・ファッション|社会貢献	212000.0	100.0	0.47	3.06
2022-12-08	12	7	1605	ＩＮＰＥＸ	クオカード、施設見学会	金券|教養・娯楽|長期保有特典|社会貢献	145000.0	100.0		4.11
2022-12-08	12	8	7172	ジャパンインベストメントアドバイザー	オリジナルクオカード、新聞購読券	金券|教養・娯楽|長期保有特典	120000.0	100.0	7.9	2.66
2022-12-08	12	9	2501	サッポロホールディングス	自社商品詰合せ、優待食事割引券	食料品|食事券|長期保有特典|社会貢献	357000.0	100.0	0.28	1.17
2022-12-08	12	10	4221	大倉工業	自社ホテル食事券、クオカード	食事券|金券	200000.0	100.0	1.49	4.24
2022-12-08	12	11	5301	東海カーボン	カタログギフト	カタログギフト|長期保有特典	111000.0	100.0		2.69
2022-12-08	12	12	3082	きちりホールディングス	食事割引券	食事券|長期保有特典	58000.0	100.0	5.13	0.85
2022-12-08	12	13	3197	すかいらーくホールディングス	優待カード	食事券	158000.0	100.0	2.52	
2022-12-08	12	14	2928	ＲＩＺＡＰグループ	優待品交換ポイント、優待券	カタログギフト|ポイントサービス|長期保有特典	14000.0	100.0	34.96	
2022-12-08	12	15	3302	帝国繊維	クオカード、自社製品	金券|暮らし	165000.0	100.0	2.42	2.72
2022-12-08	12	16	2216	カンロ	自社製品詰合せ	食料品|社会貢献	115000.0	100.0	0.86	2.6
2022-12-08	12	17	6789	ローランド　ディー．ジー．	世界特産品	カタログギフト|長期保有特典	306000.0	100.0		4.24
2022-12-08	12	18	3085	アークランドサービスホールディングス	優待食事券	食事券	221000.0	100.0	0.99	1.35
2022-12-08	12	19	2211	不二家	優待食事券	食事券	260000.0	100.0	1.15	1.15
2022-12-08	12	20	3486	グローバル・リンク・マネジメント	クオカード	金券	126000.0	100.0	0.78	4.14
2023-11-29	3	1	9432	日本電信電話	dポイント付与	ポイントサービス|長期保有特典	17000.0	100.0		2.88
2023-11-29	3	2	4765	ＳＢＩグローバルアセットマネジメント	自社投資情報サービス、暗号資産（仮想通貨）	教養・娯楽|金融サービス	55000.0	100.0	47.83	
2023-11-29	3	3	2928	ＲＩＺＡＰグループ	優待品交換ポイント、優待券	カタログギフト|ポイントサービス|長期保有特典	32000.0	100.0	18.39	
2023-11-29	3	4	2127	日本Ｍ＆Ａセンターホールディングス	新潟県ブランド米	食料品|長期保有特典	68000.0	100.0		3.33
2023-11-29	3	5	7602	カーチスホールディングス	株主優待券	暮らし	19000.0	100.0	157.89	
2023-11-29	3	6	7277	ＴＢＫ	東北地方ブランド米、またはクオカード	食料品|金券|長期保有特典	38000.0	100.0		2.61
2023-11-29	3	7	9433	ＫＤＤＩ	カタログギフト	カタログギフト|交通・旅行|教養・娯楽|長期保有特典|社会貢献	461000.0	100.0	0.65	3.03
2023-11-29	3	8	6301	コマツ	オリジナルミニチュア（非売品）	教養・娯楽|長期保有特典	1134000.0	300.0		3.8
2023-11-29	3	9	1332	ニッスイ	自社商品	食料品|暮らし	376000.0	500.0	0.79	2.65
2023-11-29	3	10	7267	ホンダ	イベント、見学会、オリジナルカレンダー	教養・娯楽|カレンダー|長期保有特典	152000.0	100.0		3.8
2023-11-29	3	11	2269	明治ホールディングス	自社グループ製品詰合せ	食料品|社会貢献	345000.0	100.0	0.43	2.74
2023-11-29	3	12	7182	ゆうちょ銀行	オリジナルカタログ商品	食料品|カタログギフト|暮らし|社会貢献	728000.0	500.0	0.41	3.43
2023-11-29	3	13	9980	ＭＲＫホールディングス	商品割引券、RIZAPグループ商品	ポイントサービス|美容・ファッション|長期保有特典	10000.0	100.0	46.29	0.92
2023-11-29	3	14	3185	夢展望	自社グループ券	カタログギフト|暮らし|美容・ファッション	47000.0	300.0	31.64	
2023-11-29	3	15	6210	東洋機械金属	オリジナルカタ ログギフト	カタログギフト|長期保有特典|社会貢献	333000.0	500.0	0.3	5.25
2023-11-29	3	16	7164	全国保証	オリジナルクオカード、カタログギフト	金券|カタログギフト|長期保有特典	498000.0	100.0	0.6	3.4
2023-11-29	3	17	8005	スクロール	株主優待ポイント、株主優待カタログ	カタログギフト|暮らし|ポイントサービス|美容・ファッション|長期保有特典|社会貢献	93000.0	100.0	1.06	4.49
2023-11-29	3	18	9101	日本郵船	飛鳥クルーズ優待割引券	交通・旅行	398000.0	100.0		3.26
2023-11-29	3	19	3395	サンマルクホールディングス	株主優待カード	食事券	200000.0	100.0		2.49
2023-11-29	3	20	9708	帝国ホテル	ホテル利用券	交通・旅行|長期保有特典	93000.0	100.0	1.07	0.64
2023-12-03	8	1	2404	鉄人化計画	優待食事券	食料品|食事券|暮らし	33000.0	100.0	9.0	
2023-12-03	8	2	9252	ラストワンマイル	ギフト券	金券|長期保有特典	3000.0	1.0	29.32	
2023-12-03	8	3	8267	イオン	株主優待カード、自社グル―プ優待券	金券|暮らし|長期保有特典	307000.0	100.0		1.17
2023-12-03	8	4	7581	サイゼリヤ	食事券	食事券|長期保有特典	581000.0	100.0		0.31
2023-12-03	8	5	7445	ライトオン	買物優待券	美容・ファッション	46000.0	100.0	6.39	
2023-12-03	8	6	3387	クリエイト・レストランツ・ホールディングス	優待食事券	食事券|長期保有特典	103000.0	100.0	3.84	0.67
2023-12-03	8	7	3543	コメダホールディングス	プリペイドカード「ＫＯＭＥＣＡ」チャージ	食事券|長期保有特典	274000.0	100.0	0.72	1.93
2023-12-03	8	8	4668	明光ネットワークジャパン	クオカード	金券|長期保有特典	72000.0	100.0	0.69	4.7
2023-12-03	8	9	7453	良品計画	割引優待カード	食料品|暮らし	234000.0	100.0		1.7
2023-12-03	8	10	3557	ユナイテッド＆コレクティブ	食事優待券	食事券	117000.0	100.0	8.51	
2023-12-03	8	11	3063	ジェイグループホールディングス	優待食事券	食事券	56000.0	100.0	7.05	
2023-12-03	8	12	3548	バロックジャパンリミテッド	店舗、通販サイトで利用可能なクーポン	美容・ファッション	82000.0	100.0	4.83	4.58
2023-12-03	8	13	3198	ＳＦＰホールディングス	優待食事券	食事券	224000.0	100.0	3.56	0.97
2023-12-03	8	14	7513	コジマ	株主優待券	暮らし|長期保有特典	72000.0	100.0	2.77	1.94
2023-12-03	8	15	2927	ＡＦＣ－ＨＤアムスライフサイエンス	株主優待割引券・商品引換券	カタログギフト|美容・ファッション	80000.0	100.0	4.99	3.74
2023-12-03	8	16	9861	吉野家ホールディングス	買物優待券	食事券	327000.0	100.0	1.22	0.48
2023-12-03	8	17	8904	ＡＶＡＮＴＩＡ	クオカード	金券|長期保有特典	85000.0	100.0		4.42
2023-12-03	8	18	3048	ビックカメラ	買物優待券	暮らし|長期保有特典	122000.0	100.0	2.44	1.46
2023-12-03	8	19	2157	コシダカホールディングス	自社グループ優待券	暮らし|教養・娯楽|長期保有特典	103000.0	100.0	1.93	1.35
2023-12-03	8	20	3222	ユナイテッド・スーパーマーケット・ホールディングス	買物優待券、優待品	食料品|暮らし	100000.0	100.0		1.58
2023-12-03	9	1	6181	タメニー	自社サービス利用券	暮らし	10000.0	100.0	280.37	
2023-12-03	9	2	6070	キャリアリンク	クオカード	金券|長期保有特典	214000.0	100.0	0.23	5.58
2023-12-03	9	3	7885	タカノ	株主優待商品	食料品	84000.0	100.0	1.17	2.35
2023-12-03	9	4	7643	ダイイチ	ＶＪＡギフトカード、北海道特産品	食料品|食事券|金券	87000.0	100.0	1.14	2.97
2023-12-03	9	5	4751	サイバーエージェント	AbemaTV視聴クーポン	教養・娯楽	86000.0	100.0	3.32	1.73
2023-12-03	9	6	2694	焼肉坂井ホールディングス	自社グループ優待券、優待割引券	食事券|長期保有特典	7000.0	100.0	13.51	
2023-12-03	9	7	7278	エクセディ	株主優待カタログ	カタログギフト|長期保有特典	254000.0	100.0		4.7
2023-12-03	9	8	9104	商船三井	にっぽん丸クルーズ優待券、フェリー割引券、地域名産品	食料品|交通・旅行|長期保有特典	408000.0	100.0		4.65
2023-12-03	9	9	7593	ＶＴホールディングス	自社グループ優待券（レンタカー利用等）	交通・旅行	52000.0	100.0	75.9	4.55
2023-12-03	9	10	9202	ＡＮＡホールディングス	株主優待航空割引･自社グループ優待券･カレンダー	食事券|交通・旅行|暮らし|スポーツ|カレンダー|長期保有特典	304000.0	100.0		0.98
2023-12-03	9	11	8892	日本エスコン	オリジナルクオカード	金券|長期保有特典	918000.0	1000.0		5.22
2023-12-03	9	12	2340	極楽湯ホールディングス	自社無料入浴券	暮らし|長期保有特典	41000.0	100.0		
2023-12-03	9	13	3726	フォーシーズＨＤ	自社グループ商品、プレミアム優待倶楽部ポイント	カタログギフト|ポイントサービス|美容・ファッション|長期保有特典|社会貢献|プレミアム優待倶楽部	46000.0	100.0	4.72	
2023-12-03	9	14	7185	ヒロセ通商	自社キャンペーン商品	食料品|暮らし	294000.0	100.0	3.39	
2023-12-03	9	15	7550	ゼンショーホールディングス	優待食事券	食料品|食事券	804000.0	100.0	0.24	0.62
2023-12-03	9	16	8864	空港施設	レストラン食事券	食事券	56000.0	100.0	8.89	2.49
2023-12-03	9	17	3465	ケイアイスター不動産	クオカード	金券	342000.0	100.0	0.29	5.25
2023-12-03	9	18	3939	カナミックネットワーク	優待券、ギフトカード（抽選）	金券|スポーツ|長期保有特典	38000.0	100.0	13.98	1.68
2023-12-03	9	19	8798	アドバンスクリエイト	カタログギフト	カタログギフト|暮らし|社会貢献	99000.0	100.0	2.5	3.5
2023-12-03	9	20	9201	日本航空	株主優待航空割引券	交通・旅行|長期保有特典	280000.0	100.0		2.14
2023-12-05	1	1	3071	ストリーム	株主優待割引券	暮らし	11000.0	100.0	9.09	2.72
2023-12-05	1	2	1928	積水ハウス	新潟県魚沼産コシヒカリ	食料品	3073000.0	1000.0		3.84
2023-12-05	1	3	3057	ゼットン	優待食事券	食事券|長期保有特典	125000.0	100.0	2.39	
2023-12-05	1	4	3246	コーセーアールイー	クオカード	金券|長期保有特典	110000.0	100.0		3.25
2023-12-05	1	5	3169	ミサワ	株主限定商品	暮らし|長期保有特典	64000.0	100.0		1.56
2023-12-05	1	6	3070	アマガサ	自社EC サイト・クーポン	暮らし|美容・ファッション	16000.0	100.0	18.51	
2023-12-05	1	7	7590	タカショー	プレミアム優待倶楽部ポイント、特別販売カタログ	カタログギフト|ポイントサービス|カレンダー|プレミアム優待倶楽部	55000.0	100.0	5.44	0.9
2023-12-05	1	8	8142	トーホー	買物割引券、自社製品、寄付	食料品|食事券|暮らし|長期保有特典|社会貢献	309000.0	100.0	0.32	2.26
2023-12-05	1	9	3320	クロスプラス	オンラインストアクーポン券	ポイントサービス|美容・ファッション|長期保有特典	124000.0	100.0	2.4	1.92
2023-12-05	1	10	3415	ＴＯＫＹＯ　ＢＡＳＥ	買物優待券	暮らし|美容・ファッション	27000.0	100.0		1.45
2023-12-05	1	11	3421	稲葉製作所	オリジナル図書カード、地域特産品	食料品|金券	149000.0	100.0	0.66	2.14
2023-12-05	1	12	2353	日本駐車場開発	自社施設利用券（電子チケット）	交通・旅行|暮らし|教養・娯楽	100000.0	500.0		2.73
2023-12-05	1	13	9632	スバル興業	ＴＯＨＯシネマズ ギフトカード	教養・娯楽|長期保有特典	1311000.0	100.0	0.15	1.98
2023-12-05	1	14	6654	不二電機工業	クオカード	金券|長期保有特典	348000.0	300.0	0.28	2.75
2023-12-05	1	15	7674	ＮＡＴＴＹ　ＳＷＡＮＫＹホールディングス	食事券	食事券	342000.0	100.0	5.84	
2023-12-05	1	16	3193	鳥貴族ホールディングス	優待食事券（電子チケット）	ポイントサービス	285000.0	100.0	0.7	0.35
2023-12-05	1	17	2590	ダイドーグループホールディングス	自社グループ商品詰合せ	食料品|長期保有特典	591000.0	100.0		1.01
2023-12-05	1	18	8013	ナイガイ	自社オンラインショップ利用ポイント	ポイントサービス|美容・ファッション|長期保有特典	27000.0	100.0		
2023-12-05	1	19	6619	ダブル・スコープ	自社韓国工場見学※2023年1月期実施見送り	交通・旅行|教養・娯楽|長期保有特典	100000.0	100.0		
2023-12-05	1	20	7683	ダブルエー	株主優待券	美容・ファッション	263000.0	100.0		0.66
2023-12-05	12	1	2503	キリンホールディングス	自社商品詰合せ	食料品|美容・ファッション|社会貢献	208000.0	100.0	0.48	3.31
2023-12-05	12	2	9160	ノバレーゼ	カタログギフト、食事割引券	食料品|食事券|カタログギフト|長期保有特典	35000.0	100.0	5.58	
2023-12-05	12	3	4912	ライオン	自社製品詰合せ	暮らし	129000.0	100.0		2.01
2023-12-05	12	4	4927	ポーラ・オルビスホールディングス	株主優待ポイント	カタログギフト|ポイントサービス|美容・ファッション|長期保有特典	158000.0	100.0	0.94	3.27
2023-12-05	12	5	2499	日本和装ホールディングス	クオカード※創業40周年記念優待	金券	38000.0	100.0	1.3	3.64
2023-12-05	12	6	1605	ＩＮＰＥＸ	クオカード、施設見学会	金券|教養・娯楽|長期保有特典|社会貢献	203000.0	100.0		3.63
2023-12-05	12	7	4755	楽天グループ	楽天キャッシュ、NBA動画配信、ミュージック、グッズ	暮らし|ポイントサービス|教養・娯楽|スポーツ|金融サービス|長期保有特典	56000.0	100.0	0.88	
2023-12-05	12	8	4911	資生堂	自社グループ製品	食料品|美容・ファッション|長期保有特典|社会貢献	400000.0	100.0		1.49
2023-12-05	12	9	6789	ローランド　ディー．ジー．	世界特産品	カタログギフト|長期保有特典	366000.0	100.0		4.22
2023-12-05	12	10	2502	アサヒグループホールディングス	自社製品詰合せ	食料品|社会貢献	544000.0	100.0	0.18	2.11
2023-12-05	12	11	3003	ヒューリック	カタログギフト	カタログギフト|長期保有特典|社会貢献	441000.0	300.0	0.68	3.26
2023-12-05	12	12	3197	すかいらーくホールディングス	優待カード	食事券	219000.0	100.0	1.81	0.27
2023-12-05	12	13	5301	東海カーボン	カタログギフト	カタログギフト|長期保有特典	110000.0	100.0		3.25
2023-12-05	12	14	5184	ニチリン	オリジナルクオカード	金券|長期保有特典	342000.0	100.0		4.14
2023-12-05	12	15	6029	アトラグループ	自社グループ商品（ヘルスケア）	暮らし	20000.0	100.0	20.0	
2023-12-05	12	16	2427	アウトソーシング	オリジナルクオカード	金券	116000.0	100.0	0.85	3.67
2023-12-05	12	17	7172	ジャパンインベストメントアドバイザー	オリジナルクオカード、新聞購読券	金券|教養・娯楽|長期保有特典	160000.0	100.0	5.6	1.99
2023-12-05	12	18	2702	日本マクドナルドホールディングス	優待食事券	食事券	627000.0	100.0		0.62
2023-12-05	12	19	9973	小僧寿し	優待割引カード	食事券	1000.0	100.0		
2023-12-05	12	20	2211	不二家	優待食事券	食事券	249000.0	100.0	1.2	1.2
2023-12-06	11	1	5942	日本フイルコン	クオカード、ワイン	食料品|金券|長期保有特典	47000.0	100.0		3.4
2023-12-06	11	2	2809	キユーピー	自社製品詰合せ	食料品|長期保有特典	254000.0	100.0		1.96
2023-12-06	11	3	8095	アステナホールディングス	自社グループ商品	暮らし|美容・ファッション|長期保有特典|社会貢献	244000.0	500.0		3.68
2023-12-06	11	4	3547	串カツ田中ホールディングス	食事優待券	食事券	164000.0	100.0	1.21	0.79
2023-12-06	11	5	3244	サムティ	自社グループホテル優待	交通・旅行	476000.0	200.0		3.78
2023-12-06	11	6	3139	ラクト・ジャパン	オリジナルクオカード、カタログギフト	食料品|金券|カタログギフト|長期保有特典	193000.0	100.0	0.51	2.48
2023-12-06	11	7	1419	タマホーム	オリジナルクオカード	金券|長期保有特典	354000.0	100.0	0.28	5.21
2023-12-06	11	8	9872	北恵	クオカード、ギフトカード	金券|カタログギフト	83000.0	100.0	0.59	3.65
2023-12-06	11	9	3377	バイク王＆カンパニー	自社商品購入割引券	暮らし	63000.0	100.0	15.64	4.69
2023-12-06	11	10	2830	アヲハタ	自社製品詰合せ	食料品	247000.0	100.0	0.4	0.8
2023-12-06	11	11	8923	トーセイ	クオカード、ホテル宿泊割引	金券|交通・旅行|長期保有特典	185000.0	100.0	1.61	3.45
2023-12-06	11	12	2153	Ｅ・Ｊホールディングス	クオカード	金券	162000.0	100.0	0.61	3.39
2023-12-06	11	13	9765	オオバ	クオカード、チョコレート菓子	食料品|金券|長期保有特典|社会貢献	92000.0	100.0		3.66
2023-12-06	11	14	2769	ヴィレッジヴァンガードコーポレーション	買物優待券	暮らし|長期保有特典	108000.0	100.0		
2023-12-06	11	15	1430	ファーストコーポレーション	クオカード	金券|長期保有特典	369000.0	500.0		4.2
2023-12-06	11	16	2796	ファーマライズホールディングス	自社グループ商品	暮らし|保育・介護・医療|長期保有特典	63000.0	100.0		3.14
2023-12-06	11	17	7965	象印マホービン	自社商品優待価格販売	暮らし	152000.0	100.0	0.65	2.23
2023-12-06	11	18	2734	サーラコーポレーション	株主優待ポイント	カタログギフト|ポイントサービス	367000.0	500.0	0.27	3.54
2023-12-06	11	19	9369	キユーソー流通システム	ジェフグルメカード	金券|長期保有特典	179000.0	200.0		2.56
2023-12-06	11	20	3075	銚子丸	優待食事券、自社商品	食料品|食事券	149000.0	100.0	0.66	0.4
2023-12-08	2	1	8905	イオンモール	自社商品券、カタログギフト	金券|カタログギフト|長期保有特典|社会貢献	172000.0	100.0	1.73	2.89
2023-12-08	2	2	3073	ＤＤグループ	株主優待券、お米	食料品|食事券	128000.0	100.0	4.68	
2023-12-08	2	3	2930	北の達人コーポレーション	自社商品	美容・ファッション	20000.0	100.0	22.11	1.05
2023-12-08	2	4	8016	オンワードホールディングス	自社グループ製品	カタログギフト|美容・ファッション	49000.0	100.0		3.41
2023-12-08	2	5	3087	ドトール・日レスホールディングス	株主優待カード	食事券	212000.0	100.0	0.46	1.87
2023-12-08	2	6	3141	ウエルシアホールディングス	株主優待券、新潟県産こしひかり、Ｔ ポイント、カタログギフト	食料品|カタログギフト|暮らし|ポイントサービス	255000.0	100.0	1.17	1.33
2023-12-08	2	7	9252	ラストワンマイル	ギフト券	金券|長期保有特典	3000.0	1.0	29.28	
2023-12-08	2	8	8008	ヨンドシーホールディングス	株主優待券、自社商品、寄付	金券|暮らし|美容・ファッション|社会貢献	197000.0	100.0	0.25	4.2
2023-12-08	2	9	8267	イオン	株主優待カード、自社グル―プ優待券	金券|暮らし|長期保有特典	306000.0	100.0		1.17
2023-12-08	2	10	3050	ＤＣＭホールディングス	買物優待券	暮らし|長期保有特典	127000.0	100.0	0.39	3.13
2023-12-08	2	11	6897	ツインバード	株主優待クーポン	暮らし|長期保有特典	50000.0	100.0	3.96	2.57
2023-12-08	2	12	3546	アレンザホールディングス	JCBギフト券	金券	100000.0	100.0	0.99	3.77
2023-12-08	2	13	3387	クリエイト・レストランツ・ホールディングス	優待食事券	食事券|長期保有特典	103000.0	100.0	3.87	0.67
2023-12-08	2	14	3543	コメダホールディングス	プリペイドカード「ＫＯＭＥＣＡ」チャージ	食事券|長期保有特典	271000.0	100.0	0.73	1.95
2023-12-08	2	15	7512	イオン北海道	株主優待券	金券|暮らし|長期保有特典	89000.0	100.0		1.34
2023-12-08	2	16	8198	マックスバリュ東海	株主優待商品	食料品|食事券	297000.0	100.0	1.68	2.01
2023-12-08	2	17	3198	ＳＦＰホールディングス	優待食事券	食事券	209000.0	100.0	3.81	1.05
2023-12-08	2	18	2789	カルラ	食事優待券	食事券	45000.0	100.0	2.19	1.09
2023-12-08	2	19	2300	きょくとう	株主優待券、ギフトカード	金券|暮らし	49000.0	100.0	2.02	1.72
2023-12-08	2	20	2927	ＡＦＣ－ＨＤアムスライフサイエンス	株主優待割引券・商品引換券	カタログギフト|美容・ファッション	78000.0	100.0	5.06	3.8
2023-12-08	7	1	2217	モロゾフ	株主優待券または自社商品、オンラインショップ優待割引	食料品|食事券|長期保有特典	377000.0	100.0	0.53	1.45
2023-12-08	7	2	3070	アマガサ	自社EC サイト・クーポン	暮らし|美容・ファッション	15000.0	100.0	19.35	
2023-12-08	7	3	7810	クロスフォー	自社製品（ジュエリー）	美容・ファッション	201000.0	1000.0	4.97	0.17
2023-12-08	7	4	3159	丸善ＣＨＩホールディングス	自社商品券	暮らし	32000.0	100.0	1.51	0.6
2023-12-08	7	5	7196	Ｃａｓａ	クオカード	金券	86000.0	100.0	1.15	3.45
2023-12-08	7	6	7590	タカショー	プレミアム優待倶楽部ポイント、特別販売カタログ	カタログギフト|ポイントサービス|カレンダー|プレミアム優待倶楽部	52000.0	100.0	5.72	0.95
2023-12-08	7	7	2424	ブラス	クオカード・自社お菓子	食料品|金券|長期保有特典	64000.0	100.0		1.24
2023-12-08	7	8	3421	稲葉製作所	オリジナル図書カード、地域特産品	食料品|金券	147000.0	100.0	0.67	2.17
2023-12-08	7	9	2353	日本駐車場開発	自社施設利用券（電子チケット）	交通・旅行|暮らし|教養・娯楽	93000.0	500.0		2.94
2023-12-08	7	10	4014	カラダノート	ミネラルウォーター	食料品	58000.0	100.0	6.81	
2023-12-08	7	11	3193	鳥貴族ホールディングス	優待食事券（電子チケット）	ポイントサービス	283000.0	100.0	0.7	0.35
2023-12-08	7	12	6654	不二電機工業	クオカード	金券|長期保有特典	345000.0	300.0	0.28	3.03
2023-12-08	7	13	3172	ティーライフ	株主優待券	暮らし	136000.0	100.0	0.73	3.81
2023-12-08	7	14	9262	シルバーライフ	自社商品券	食料品	198000.0	200.0	5.03	1.5
2023-12-08	7	15	3418	バルニバービ	電子チケット	食事券|暮らし|長期保有特典	123000.0	100.0	2.42	0.6
2023-12-08	7	16	2590	ダイドーグループホールディングス	自社グループ商品詰合せ	食料品|長期保有特典	583000.0	100.0		1.02
2023-12-08	7	17	3539	ＪＭホールディングス	精肉関連商品	食料品|長期保有特典	205000.0	100.0		1.94
2023-12-08	7	18	4936	アクシージア	自社製品	美容・ファッション	95000.0	100.0	3.15	2.1
2023-12-08	7	19	6091	ウエスコホールディングス	四国・神戸水族館の入場券	教養・娯楽	51000.0	100.0		3.92
2023-12-08	7	20	7674	ＮＡＴＴＹ　ＳＷＡＮＫＹホールディングス	食事券	食事券	342000.0	100.0	5.83	
2024-02-27	6	1	3197	すかいらーくホールディングス	優待カード	食事券	216000.0	100.0	1.84	0.46
2024-02-27	6	2	2702	日本マクドナルドホールディングス	優待食事券	食事券|長期保有特典	686000.0	100.0		0.61
2024-02-27	6	3	3807	フィスコ	自社サービス無料クーポン（IPOナビ）	金融サービス	8000.0	100.0	143.67	
2024-02-27	6	4	3140	ＢＲＵＮＯ	RIZAPグループ商品	カタログギフト	100000.0	100.0	8.95	0.39
2024-02-27	6	5	7272	ヤマハ発動機	株主優待ポイント、オリジナルカレンダー	ポイントサービス|スポーツ|カレンダー|長期保有特典|社会貢献	137000.0	100.0		3.63
2024-02-27	6	6	9439	エム・エイチ・グループ	オンラインストア株主優待券	美容・ファッション|長期保有特典	20000.0	100.0	15.83	0.49
2024-02-27	6	7	2811	カゴメ	自社製品詰合せ、オリジナル記念品	食料品|長期保有特典	350000.0	100.0		1.48
2024-02-27	6	8	3097	物語コーポレーション	優待食事券	食事券	460000.0	100.0	1.52	0.65
2024-02-27	6	9	8165	千趣会	買物優待券	暮らし|長期保有特典	29000.0	100.0	6.89	
2024-02-27	6	10	2752	フジオフードグループ本社	自社オリジナル商品詰合せ	食料品|食事券	139000.0	100.0	4.29	
2024-02-27	6	11	8179	ロイヤルホールディングス	優待食事券	食事券	244000.0	100.0	0.4	1.14
2024-02-27	6	12	4712	ＫｅｙＨｏｌｄｅｒ	リラクゼーションサロン利用券	美容・ファッション	550000.0	600.0	3.99	1.09
2024-02-27	6	13	2206	江崎グリコ	自社グループ製品詰合せ	食料品|長期保有特典	471000.0	100.0	0.21	1.9
2024-02-27	6	14	2904	一正蒲鉾	自社商品	食料品|長期保有特典|社会貢献	74000.0	100.0		1.61
2024-02-27	6	15	6785	鈴木	地域名産品	食料品|長期保有特典	233000.0	200.0		3.93
2024-02-27	6	16	7135	ジャパンクラフトホールディングス	買物優待券	暮らし|長期保有特典	16000.0	100.0	12.04	
2024-02-27	6	17	8508	Ｊトラスト	各種利用券	美容・ファッション	41000.0	100.0		3.38
2024-02-27	6	18	7972	イトーキ	自社グッズ、クーポン	暮らし|教養・娯楽|社会貢献	836000.0	500.0	0.35	3.1
2024-02-27	6	19	2385	総医研ホールディングス	買物優待券	暮らし|保育・介護・医療	15000.0	100.0		3.18
2024-02-27	6	20	8945	サンネクスタグループ	クオカード	金券|長期保有特典	95000.0	100.0		3.99
2024-03-04	10	1	3038	神戸物産	JCB ギフトカード	金券|長期保有特典	396000.0	100.0	0.25	0.58
2024-03-04	10	2	7856	萩原工業	株主優待品（クオカード、食料品等）	食料品|金券|暮らし|長期保有特典|社会貢献	150000.0	100.0	0.66	3.31
2024-03-04	10	3	9603	エイチ・アイ・エス	株主優待券、自社施設優待券	交通・旅行|教養・娯楽	168000.0	100.0	3.55	0.59
2024-03-04	10	4	9251	ＡＢ＆Ｃｏｍｐａｎｙ	オンラインストア優待券	美容・ファッション	95000.0	100.0	8.42	2.95
2024-03-04	10	5	2345	クシム	えらべるPay	ポイントサービス|長期保有特典	26000.0	100.0		
2024-03-04	10	6	8917	ファースト住建	クオカード、優待品	食料品|金券|長期保有特典	110000.0	100.0		3.9
2024-03-04	10	7	9444	トーシンホールディングス	自社商品券、自社施設利用無料券	暮らし|スポーツ	69000.0	100.0		3.47
2024-03-04	10	8	2373	ケア２１	クオカード	金券	63000.0	100.0	1.57	2.67
2024-03-04	10	9	3134	Ｈａｍｅｅ	自社グループクーポン	暮らし|ポイントサービス	107000.0	100.0	2.8	2.1
2024-03-04	10	10	3329	東和フードサービス	優待食事券	食料品|食事券	196000.0	100.0	1.27	0.91
2024-03-04	10	11	7604	梅の花	株主優待証	食事券	102000.0	100.0		0.97
2024-03-04	10	12	9279	ギフトホールディングス	食事優待券（電子チケット）	食事券	293000.0	100.0		0.61
2024-03-04	10	13	1873	日本ハウスホールディングス	自社製品（スープセット）	食料品	309000.0	1000.0		1.61
2024-03-04	10	14	3974	ＳＣＡＴ	クオカード	金券	50000.0	100.0	0.98	1.86
2024-03-04	10	15	2910	ロック・フィールド	買物優待券、自社工場見学会	食事券|教養・娯楽|長期保有特典	165000.0	100.0	0.6	1.38
2024-03-04	10	16	2315	ＣＡＩＣＡ　ＤＩＧＩＴＡＬ	暗号資産（ＣＡＩＣＡコイン）進呈	金融サービス	51000.0	1000.0	1.96	
2024-03-04	10	17	6309	巴工業	自社関連商品	食料品|長期保有特典	379000.0	100.0		3.16
2024-03-04	10	18	7831	ウイルコホールディングス	化粧品等	美容・ファッション	136000.0	1000.0	5.14	1.47
2024-03-04	10	19	3476	投資法人みらい	ホテル優待	交通・旅行	44000.0	1.0		
2024-03-04	10	20	9824	泉州電業	オリジナルクオカード	金券|長期保有特典	385000.0	100.0	0.25	3.11
2024-03-16	1	1	3071	ストリーム	株主優待割引券	暮らし	10000.0	100.0	9.17	2.75
2024-03-16	1	2	1928	積水ハウス	新潟県魚沼産コシヒカリ	食料品	3334000.0	1000.0		3.74
2024-03-16	1	3	3246	コーセーアールイー	クオカード	金券|長期保有特典	79000.0	100.0		3.01
2024-03-16	1	4	3169	ミサワ	株主限定商品	暮らし|長期保有特典	61000.0	100.0		1.61
2024-03-16	1	5	3057	ゼットン	優待食事券	食事券|長期保有特典	120000.0	100.0	2.48	
2024-03-16	1	6	8142	トーホー	買物割引券、自社製品、寄付	食料品|食事券|暮らし|長期保有特典|社会貢献	279000.0	100.0	0.35	3.93
2024-03-16	1	7	3070	アマガサ	自社EC サイト・クーポン	暮らし|美容・ファッション	11000.0	100.0	27.02	
2024-03-16	1	8	3320	クロスプラス	オンラインストアクーポン券	ポイントサービス|美容・ファッション|長期保有特典	130000.0	100.0	2.3	2.07
2024-03-16	1	9	7678	あさくま	自社グループ食事券	食事券	230000.0	100.0	1.73	
2024-03-16	1	10	6619	ダブル・スコープ	自社韓国工場見学※2023年1月期実施見送り	交通・旅行|教養・娯楽|長期保有特典	57000.0	100.0		
2024-03-16	1	11	3415	ＴＯＫＹＯ　ＢＡＳＥ	買物優待券	暮らし|美容・ファッション	32000.0	100.0		1.24
2024-03-16	1	12	2590	ダイドーグループホールディングス	自社グループ商品詰合せ	食料品|長期保有特典	559000.0	200.0		1.07
2024-03-16	1	13	7590	タカショー	プレミアム優待倶楽部ポイント、特別販売カタログ	カタログギフト|ポイントサービス|カレンダー|プレミアム優待倶楽部	51000.0	100.0	5.78	1.54
2024-03-16	1	14	8013	ナイガイ	自社オンラインショップ利用ポイント	ポイントサービス|美容・ファッション|長期保有特典	26000.0	100.0		
2024-03-16	1	15	2353	日本駐車場開発	自社施設利用券（電子チケット）	交通・旅行|暮らし|教養・娯楽	98000.0	500.0		2.79
2024-03-16	1	16	9632	スバル興業	ＴＯＨＯシネマズ ギフトカード	教養・娯楽|長期保有特典	1370000.0	500.0	0.14	2.92
2024-03-16	1	17	3399	丸千代山岡家	株主優待券	食料品|食事券	639000.0	100.0	0.32	0.15
2024-03-16	1	18	1433	ベステラ	プレミアム優待倶楽部ポイント	カタログギフト|ポイントサービス|プレミアム優待倶楽部	495000.0	500.0	0.6	2.01
2024-03-16	1	19	3193	鳥貴族ホールディングス	優待食事券（電子チケット）	ポイントサービス	448000.0	100.0	0.44	0.26
2024-03-16	1	20	7674	ＮＡＴＴＹ　ＳＷＡＮＫＹホールディングス	食事券	食事券	337000.0	100.0	5.93	
2024-03-16	2	1	8905	イオンモール	自社商品券、カタログギフト	金券|カタログギフト|長期保有特典|社会貢献	176000.0	100.0	1.69	2.83
2024-03-16	2	2	3073	ＤＤグループ	株主優待券、お米	食料品|食事券	123000.0	100.0	4.87	
2024-03-16	2	3	2930	北の達人コーポレーション	自社商品	美容・ファッション	19000.0	100.0	22.67	1.07
2024-03-16	2	4	3141	ウエルシアホールディングス	株主優待券、新潟県産こしひかり、Ｔ ポイント、カタログギフト	食料品|カタログギフト|暮らし|ポイントサービス	267000.0	100.0	1.12	1.27
2024-03-16	2	5	3087	ドトール・日レスホールディングス	株主優待カード	食事券	208000.0	100.0	0.47	1.91
2024-03-16	2	6	8267	イオン	株主優待カード、自社グル―プ優待券	金券|暮らし|長期保有特典	353000.0	100.0		1.02
2024-03-16	2	7	9252	ラストワンマイル	ギフト券	金券|長期保有特典	3000.0	1.0	31.15	
2024-03-16	2	8	8016	オンワードホールディングス	自社グループ製品	カタログギフト|美容・ファッション	52000.0	100.0		3.42
2024-03-16	2	9	3198	ＳＦＰホールディングス	優待食事券	食事券	194000.0	100.0	4.11	1.13
2024-03-16	2	10	3543	コメダホールディングス	プリペイドカード「ＫＯＭＥＣＡ」チャージ	食事券|長期保有特典	272000.0	100.0	0.73	1.94
2024-03-16	2	11	7630	壱番屋	優待食事券	食事券	122000.0	100.0	1.63	1.3
2024-03-16	2	12	6897	ツインバード	株主優待クーポン	暮らし|長期保有特典	49000.0	100.0	4.02	2.61
2024-03-16	2	13	8008	ヨンドシーホールディングス	株主優待券、自社商品、寄付	金券|暮らし|美容・ファッション|社会貢献	189000.0	100.0	0.26	4.38
2024-03-16	2	14	3387	クリエイト・レストランツ・ホールディングス	優待食事券	食事券|長期保有特典	105000.0	100.0	3.8	0.66
2024-03-16	2	15	3546	アレンザホールディングス	JCBギフト券	金券	103000.0	100.0	0.96	3.66
2024-03-16	2	16	8125	ワキタ	ホテル優待券	交通・旅行|暮らし	155000.0	100.0	6.42	3.98
2024-03-16	2	17	3548	バロックジャパンリミテッド	店舗、通販サイトで利用可能なクーポン	美容・ファッション	75000.0	100.0	5.27	5.0
2024-03-16	2	18	7453	良品計画	割引優待カード	食料品|暮らし	230000.0	100.0		1.73
2024-03-16	2	19	8198	マックスバリュ東海	株主優待商品	食料品|食事券	301000.0	100.0	1.66	1.99
2024-03-16	2	20	3050	ＤＣＭホールディングス	買物優待券	暮らし|長期保有特典	149000.0	100.0	0.33	2.68
2024-03-16	3	1	9432	日本電信電話	dポイント付与	ポイントサービス|長期保有特典	18000.0	100.0		2.77
2024-03-16	3	2	2269	明治ホールディングス	自社グループ製品詰合せ	食料品|社会貢献	341000.0	100.0	0.43	2.77
2024-03-16	3	3	7602	カーチスホールディングス	株主優待券	暮らし	18000.0	100.0	163.04	
2024-03-16	3	4	4765	ＳＢＩグローバルアセットマネジメント	自社投資情報サービス、暗号資産（仮想通貨）	教養・娯楽|金融サービス	73000.0	100.0	36.25	
2024-03-16	3	5	7277	ＴＢＫ	東北地方ブランド米、またはクオカード	食料品|金券|長期保有特典	40000.0	100.0		2.45
2024-03-16	3	6	2928	ＲＩＺＡＰグループ	優待品交換ポイント、優待券	カタログギフト|ポイントサービス|長期保有特典	40000.0	100.0	22.07	
2024-03-16	3	7	9433	ＫＤＤＩ	カタログギフト	カタログギフト|交通・旅行|教養・娯楽|長期保有特典|社会貢献	451000.0	100.0	0.66	3.1
2024-03-16	3	8	8005	スクロール	株主優待ポイント、株主優待カタログ	カタログギフト|暮らし|ポイントサービス|美容・ファッション|長期保有特典|社会貢献	96000.0	100.0	1.03	4.33
2024-03-16	3	9	2730	エディオン	ギフトカード	暮らし|長期保有特典	156000.0	100.0	1.91	2.8
2024-03-16	3	10	2117	ウェルネオシュガー	自社グループ製品	食料品|金券|長期保有特典	232000.0	100.0	0.43	3.96
2024-03-16	3	11	3291	飯田グループホールディングス	温泉・プール無料入浴券、グループ利用券	交通・旅行	195000.0	100.0		4.6
2024-03-16	3	12	9980	ＭＲＫホールディングス	商品割引券、RIZAPグループ商品	ポイントサービス|美容・ファッション|長期保有特典	11000.0	100.0	43.47	0.87
2024-03-16	3	13	8742	小林洋行	全国共通おこめ券	金券|長期保有特典	29000.0	100.0		1.67
2024-03-16	3	14	7832	バンダイナムコホールディングス	株主優待商品	食事券|交通・旅行|教養・娯楽|社会貢献	280000.0	100.0	0.35	2.13
2024-03-16	3	15	3880	大王製紙	自社商品	暮らし|長期保有特典	116000.0	100.0		1.37
2024-03-16	3	16	7337	ひろぎんホールディングス	地元特産品、招待券	食料品|金券|カタログギフト|教養・娯楽|金融サービス	103000.0	100.0	0.48	3.46
2024-03-16	3	17	8783	ＧＦＡ	株主優待ポイント	ポイントサービス|長期保有特典	4000.0	100.0	20.4	
2024-03-16	3	18	3024	クリエイト	オリジナルクオカード	金券	94000.0	100.0	1.06	2.76
2024-03-16	3	19	7182	ゆうちょ銀行	オリジナルカタログ商品	食料品|カタログギフト|暮らし|社会貢献	815000.0	500.0	0.36	3.06
2024-03-16	3	20	9708	帝国ホテル	ホテル利用券	交通・旅行|長期保有特典	100000.0	100.0	0.99	0.59
2024-03-16	4	1	2198	アイ・ケイ・ケイホールディングス	優待食事券、株主優待商品	食料品|食事券	78000.0	100.0	2.54	3.05
2024-03-16	4	2	6630	ヤーマン	自社商品・優待割引券	美容・ファッション|長期保有特典	99000.0	100.0	5.01	0.9
2024-03-16	4	3	2695	くら寿司	優待割引券（電子チケット）	食事券	438000.0	100.0		0.45
2024-03-16	4	4	2593	伊藤園	自社製品詰合せ、自社通信販売製品割引	食料品|暮らし	371000.0	100.0	0.4	1.13
2024-03-16	4	5	2294	柿安本店	優待利用券	食料品|食事券|長期保有特典	288000.0	100.0	0.34	2.94
2024-03-16	4	6	9603	エイチ・アイ・エス	株主優待券、自社施設優待券	交通・旅行|教養・娯楽	177000.0	100.0	3.38	0.56
2024-03-16	4	7	7804	ビーアンドピー	クオカード	金券|長期保有特典	178000.0	100.0	0.56	2.8
2024-03-16	4	8	2751	テンポスホールディングス	優待食事券	食事券	346000.0	100.0	2.31	0.28
2024-03-16	4	9	8917	ファースト住建	クオカード、優待品	食料品|金券|長期保有特典	109000.0	100.0		3.92
2024-03-16	4	10	1436	フィット	QUOカードPay	ポイントサービス|長期保有特典	188000.0	200.0	0.53	1.27
2024-03-16	4	11	9444	トーシンホールディングス	自社商品券、自社施設利用無料券	暮らし|スポーツ	69000.0	100.0		3.47
2024-03-16	4	12	3134	Ｈａｍｅｅ	自社グループクーポン	暮らし|ポイントサービス	111000.0	100.0	2.68	2.01
2024-03-16	4	13	1383	ベルグアース	クオカード、メロン等	食料品|金券|暮らし	328000.0	100.0	0.3	0.3
2024-03-16	4	14	2438	アスカネット	自社サービス優待割引券	暮らし	67000.0	100.0	1.49	1.04
2024-03-16	4	15	3180	ビューティガレージ	自社オリジナル商品	美容・ファッション|長期保有特典	223000.0	100.0	1.87	0.53
2024-03-16	4	16	2910	ロック・フィールド	買物優待券、自社工場見学会	食事券|教養・娯楽|長期保有特典	164000.0	100.0	0.6	1.4
2024-03-16	4	17	7604	梅の花	株主優待証	食事券	106000.0	100.0		0.94
2024-03-16	4	18	3830	ギガプライズ	クオカード	金券|長期保有特典	157000.0	100.0	0.63	1.9
2024-03-16	4	19	9279	ギフトホールディングス	食事優待券（電子チケット）	食事券	306000.0	100.0		0.58
2024-03-16	4	20	3843	フリービット	プレミアム優待倶楽部ポイント、株主ＮＦＴ	食料品|カタログギフト|交通・旅行|暮らし|ポイントサービス|金融サービス|プレミアム優待倶楽部	679000.0	500.0	0.44	1.98
2024-03-16	5	1	2722	ＩＫホールディングス	買物優待券、自社製品	食料品|長期保有特典	37000.0	100.0		1.33
2024-03-16	5	2	2792	ハニーズホールディングス	自社商品引換券	美容・ファッション|長期保有特典	172000.0	100.0		3.18
2024-03-16	5	3	2462	ライク	プレミアム優待倶楽部ポイント	カタログギフト|ポイントサービス|長期保有特典|プレミアム優待倶楽部	476000.0	300.0	1.04	3.65
2024-03-16	5	4	1377	サカタのタネ	カタログギフト	カタログギフト|長期保有特典	362000.0	100.0		1.51
2024-03-16	5	5	9278	ブックオフグループホールディングス	買物優待券、買取アップ券	暮らし|長期保有特典	135000.0	100.0	1.47	1.84
2024-03-16	5	6	3645	メディカルネット	クオカード	金券|長期保有特典	40000.0	100.0		0.74
2024-03-16	5	7	3391	ツルハホールディングス	自社商品券、自社商品詰合せ、株主優待カード	食料品|暮らし|長期保有特典	1142000.0	100.0	0.21	2.33
2024-03-16	5	8	3544	サツドラホールディングス	株主優待カード、自社商品券、北海道名産品	食料品|金券|暮らし	85000.0	100.0	1.17	1.17
2024-03-16	5	9	1419	タマホーム	オリジナルクオカード	金券|長期保有特典	412000.0	100.0	0.24	4.48
2024-03-16	5	10	9765	オオバ	クオカード、チョコレート菓子	食料品|金券|長期保有特典|社会貢献	97000.0	100.0		3.47
2024-03-16	5	11	2493	イーサポートリンク	自社飲料水	食料品	91000.0	100.0		0.54
2024-03-16	5	12	3201	日本毛織	株主優待割引券、クオカード	金券|カタログギフト|暮らし|長期保有特典	143000.0	100.0	0.69	2.51
2024-03-16	5	13	3148	クリエイトＳＤホールディングス	買物優待券、カタログギフト、全国共通おこめ券	金券|カタログギフト|暮らし	327000.0	100.0	0.45	1.65
2024-03-16	5	14	3297	東武住販	地域特産品	食料品|長期保有特典	119000.0	100.0	0.83	3.09
2024-03-16	5	15	8908	毎日コムネット	会員制サービス利用権	暮らし	77000.0	100.0		3.61
2024-03-16	5	16	2168	パソナグループ	抽選式株主優待、施設割引	食事券|交通・旅行|教養・娯楽	283000.0	100.0		1.23
2024-03-16	5	17	7487	小津産業	クオカード、株主優待商品	金券|暮らし	173000.0	100.0	0.57	1.44
2024-03-16	5	18	3501	住江織物	自社商品、地域特産品	食料品|カタログギフト|暮らし	244000.0	100.0	0.28	2.86
2024-03-16	5	19	2791	大黒天物産	果物	食料品	980000.0	100.0	0.2	0.29
2024-03-16	5	20	6552	ＧａｍｅＷｉｔｈ	クオカード※創業10周年記念	金券	150000.0	500.0	1.99	
2024-03-16	6	1	3197	すかいらーくホールディングス	優待カード	食事券	231000.0	100.0	1.72	0.43
2024-03-16	6	2	7272	ヤマハ発動機	株主優待ポイント、オリジナルカレンダー	ポイントサービス|スポーツ|カレンダー|長期保有特典|社会貢献	133000.0	100.0		3.75
2024-03-16	6	3	2811	カゴメ	自社製品詰合せ、オリジナル記念品	食料品|長期保有特典	351000.0	100.0		1.48
2024-03-16	6	4	2702	日本マクドナルドホールディングス	優待食事券	食事券|長期保有特典	681000.0	100.0		0.61
2024-03-16	6	5	3140	ＢＲＵＮＯ	RIZAPグループ商品	カタログギフト	100000.0	100.0	8.91	0.39
2024-03-16	6	6	3807	フィスコ	自社サービス無料クーポン（IPOナビ）	金融サービス	11000.0	100.0	112.61	
2024-03-16	6	7	9439	エム・エイチ・グループ	オンラインストア株主優待券	美容・ファッション|長期保有特典	20000.0	100.0	15.91	0.5
2024-03-16	6	8	8165	千趣会	買物優待券	暮らし|長期保有特典	29000.0	100.0	6.8	
2024-03-16	6	9	2752	フジオフードグループ本社	自社オリジナル商品詰合せ	食料品|食事券	133000.0	100.0	4.48	
2024-03-16	6	10	2904	一正蒲鉾	自社商品	食料品|長期保有特典|社会貢献	74000.0	100.0		1.6
2024-03-16	6	11	2206	江崎グリコ	自社グループ製品詰合せ	食料品|長期保有特典	437000.0	100.0	0.22	2.05
2024-03-16	6	12	6785	鈴木	地域名産品	食料品|長期保有特典	234000.0	200.0		3.92
2024-03-16	6	13	3097	物語コーポレーション	優待食事券	食事券	453000.0	100.0	1.54	0.66
2024-03-16	6	14	8945	サンネクスタグループ	クオカード	金券|長期保有特典	100000.0	100.0		3.79
2024-03-16	6	15	7135	ジャパンクラフトホールディングス	買物優待券	暮らし|長期保有特典	15000.0	100.0	12.65	
2024-03-16	6	16	2385	総医研ホールディングス	買物優待券	暮らし|保育・介護・医療	15000.0	100.0		3.16
2024-03-16	6	17	8508	Ｊトラスト	各種利用券	美容・ファッション	41000.0	100.0		3.34
2024-03-16	6	18	8179	ロイヤルホールディングス	優待食事券	食事券	248000.0	100.0	0.4	1.12
2024-03-16	6	19	2762	ＳＡＮＫＯ　ＭＡＲＫＥＴＩＮＧ　ＦＯＯＤＳ	自社商品・割引券	食料品|食事券	17000.0	100.0		
2024-03-16	6	20	3191	ジョイフル本田	自社商品券、または茨城県特産品	食料品|カタログギフト|暮らし|社会貢献	221000.0	100.0	0.9	2.26
2024-03-16	7	1	7196	Ｃａｓａ	クオカード	金券	81000.0	100.0	1.22	3.66
2024-03-16	7	2	3159	丸善ＣＨＩホールディングス	自社商品券	暮らし	32000.0	100.0	1.54	0.92
2024-03-16	7	3	4014	カラダノート	ミネラルウォーター	食料品	53000.0	100.0	7.42	
2024-03-16	7	4	2217	モロゾフ	株主優待券または自社商品、オンラインショップ優待割引	食料品|食事券|長期保有特典	423000.0	100.0	0.47	2.0
2024-03-16	7	5	7810	クロスフォー	自社製品（ジュエリー）	美容・ファッション	207000.0	1000.0	4.83	0.16
2024-03-16	7	6	4936	アクシージア	自社製品	美容・ファッション	76000.0	100.0	3.93	2.62
2024-03-16	7	7	3070	アマガサ	自社EC サイト・クーポン	暮らし|美容・ファッション	11000.0	100.0	27.02	
2024-03-16	7	8	3539	ＪＭホールディングス	精肉関連商品	食料品|長期保有特典	268000.0	100.0		1.48
2024-03-16	7	9	2590	ダイドーグループホールディングス	自社グループ商品詰合せ	食料品|長期保有特典	559000.0	200.0		1.07
2024-03-16	7	10	7590	タカショー	プレミアム優待倶楽部ポイント、特別販売カタログ	カタログギフト|ポイントサービス|カレンダー|プレミアム優待倶楽部	51000.0	100.0	5.78	1.54
2024-03-16	7	11	3172	ティーライフ	株主優待券	暮らし	137000.0	100.0	0.72	3.35
2024-03-16	7	12	3418	バルニバービ	電子チケット	食事券|暮らし|長期保有特典	120000.0	100.0	2.48	0.62
2024-03-16	7	13	2353	日本駐車場開発	自社施設利用券（電子チケット）	交通・旅行|暮らし|教養・娯楽	98000.0	500.0		2.79
2024-03-16	7	14	6091	ウエスコホールディングス	四国・神戸水族館の入場券	教養・娯楽	54000.0	100.0		3.64
2024-03-16	7	15	6040	日本スキー場開発	自社レジャー施設優待券	暮らし|スポーツ	98000.0	100.0		0.7
2024-03-16	7	16	3399	丸千代山岡家	株主優待券	食料品|食事券	639000.0	100.0	0.32	0.15
2024-03-16	7	17	7682	浜木綿	株主優待券	食事券|長期保有特典	365000.0	100.0	1.09	0.27
2024-03-16	7	18	3193	鳥貴族ホールディングス	優待食事券（電子チケット）	ポイントサービス	448000.0	100.0	0.44	0.26
2024-03-16	7	19	7674	ＮＡＴＴＹ　ＳＷＡＮＫＹホールディングス	食事券	食事券	337000.0	100.0	5.93	
2024-03-16	7	20	4934	プレミアアンチエイジング	自社商品	美容・ファッション	87000.0	100.0	4.59	
2024-03-16	8	1	8267	イオン	株主優待カード、自社グル―プ優待券	金券|暮らし|長期保有特典	353000.0	100.0		1.02
2024-03-16	8	2	9252	ラストワンマイル	ギフト券	金券|長期保有特典	3000.0	1.0	31.15	
2024-03-16	8	3	7581	サイゼリヤ	食事券	食事券|長期保有特典	527000.0	100.0		0.34
2024-03-16	8	4	2404	鉄人化ホールディングス	優待食事券	食料品|食事券|暮らし	35000.0	100.0	8.4	
2024-03-16	8	5	3198	ＳＦＰホールディングス	優待食事券	食事券	194000.0	100.0	4.11	1.13
2024-03-16	8	6	3543	コメダホールディングス	プリペイドカード「ＫＯＭＥＣＡ」チャージ	食事券|長期保有特典	272000.0	100.0	0.73	1.94
2024-03-16	8	7	4668	明光ネットワークジャパン	クオカード	金券|長期保有特典	70000.0	100.0	0.71	4.85
2024-03-16	8	8	7630	壱番屋	優待食事券	食事券	122000.0	100.0	1.63	1.3
2024-03-16	8	9	7445	ライトオン	買物優待券	美容・ファッション	41000.0	100.0	7.29	
2024-03-16	8	10	3387	クリエイト・レストランツ・ホールディングス	優待食事券	食事券|長期保有特典	105000.0	100.0	3.8	0.66
2024-03-16	8	11	3548	バロックジャパンリミテッド	店舗、通販サイトで利用可能なクーポン	美容・ファッション	75000.0	100.0	5.27	5.0
2024-03-16	8	12	7453	良品計画	割引優待カード	食料品|暮らし	230000.0	100.0		1.73
2024-03-16	8	13	8904	ＡＶＡＮＴＩＡ	クオカード	金券|長期保有特典	84000.0	100.0		4.49
2024-03-16	8	14	3557	ユナイテッド＆コレクティブ	食事優待券	食事券	108000.0	100.0	9.22	
2024-03-16	8	15	3063	ジェイグループホールディングス	優待食事券	食事券	62000.0	100.0	6.43	0.48
2024-03-16	8	16	3048	ビックカメラ	買物優待券	暮らし|長期保有特典	128000.0	100.0	2.33	1.4
2024-03-16	8	17	9861	吉野家ホールディングス	買物優待券	食事券	320000.0	100.0	1.24	0.56
2024-03-16	8	18	2157	コシダカホールディングス	自社グループ優待券	暮らし|教養・娯楽|長期保有特典	92000.0	100.0	2.16	1.51
2024-03-16	8	19	2927	ＡＦＣ－ＨＤアムスライフサイエンス	株主優待割引券・商品引換券	カタログギフト|美容・ファッション	90000.0	100.0	4.42	3.31
2024-03-16	8	20	7513	コジマ	株主優待券	暮らし|長期保有特典	80000.0	100.0	2.49	1.74
2024-03-16	9	1	6181	タメニー	自社サービス利用券	暮らし	10000.0	100.0	288.46	
2024-03-16	9	2	2694	焼肉坂井ホールディングス	自社グループ優待券、優待割引券	食事券|長期保有特典	9000.0	100.0	10.86	0.54
2024-03-16	9	3	9104	商船三井	にっぽん丸クルーズ優待券、フェリー割引券、地域名産品	食料品|交通・旅行|長期保有特典	473000.0	100.0		4.22
2024-03-16	9	4	7867	タカラトミー	自社商品・自社商品優待価格販売	教養・娯楽|長期保有特典	274000.0	100.0		1.56
2024-03-16	9	5	8864	空港施設	レストラン食事券	食事券	60000.0	100.0	8.23	2.3
2024-03-16	9	6	2201	森永製菓	自社商品、寄付	食料品|長期保有特典|社会貢献	265000.0	100.0		2.07
2024-03-16	9	7	9201	日本航空	株主優待航空割引券	交通・旅行|長期保有特典	275000.0	100.0		2.17
2024-03-16	9	8	5401	日本製鉄	Ｊリーグ観戦チケット、自社工場見学	教養・娯楽|スポーツ	3578000.0	1000.0		4.47
2024-03-16	9	9	4344	ソースネクスト	株主優待ポイント贈呈	暮らし|ポイントサービス|長期保有特典	22000.0	100.0	11.01	
2024-03-16	9	10	6417	ＳＡＮＫＹＯ	株主優待券	スポーツ|長期保有特典	826000.0	500.0	1.21	4.84
2024-03-16	9	11	9202	ＡＮＡホールディングス	株主優待航空割引･自社グループ優待券･カレンダー	食事券|交通・旅行|暮らし|スポーツ|カレンダー|長期保有特典	319000.0	100.0		0.93
2024-03-16	9	12	3372	関門海	株主優待券	食事券	28000.0	100.0	12.66	
2024-03-16	9	13	9831	ヤマダホールディングス	自社優待割引券	暮らし	44000.0	100.0		
2024-03-16	9	14	4661	オリエンタルランド	自社レジャー施設優待券	教養・娯楽|長期保有特典	2441000.0	500.0	0.3	0.22
2024-03-16	9	15	7638	ＮＥＷ　ＡＲＴ　ＨＯＬＤＩＮＧＳ	株主優待割引券	美容・ファッション|教養・娯楽	187000.0	100.0		5.33
2024-03-16	9	16	7593	ＶＴホールディングス	自社グループ優待券（レンタカー利用等）	交通・旅行	52000.0	100.0	76.92	4.61
2024-03-16	9	17	3397	トリドールホールディングス	株主優待割引券	食事券|長期保有特典	411000.0	100.0	1.45	0.18
2024-03-16	9	18	2267	ヤクルト本社	自社商品詰合せ、東京ヤクルトスワローズオフィシャルファンクラブ無料入会権	食料品|スポーツ|長期保有特典	322000.0	100.0		1.72
2024-03-16	9	19	2340	極楽湯ホールディングス	自社無料入浴券	暮らし|長期保有特典	41000.0	100.0		
2024-03-16	9	20	3814	アルファクス・フード・システム	自社ホテル宿泊券	交通・旅行	37000.0	100.0	18.46	
2024-03-16	10	1	9603	エイチ・アイ・エス	株主優待券、自社施設優待券	交通・旅行|教養・娯楽	177000.0	100.0	3.38	0.56
2024-03-16	10	2	3038	神戸物産	JCB ギフトカード	金券|長期保有特典	396000.0	100.0	0.25	0.58
2024-03-16	10	3	8917	ファースト住建	クオカード、優待品	食料品|金券|長期保有特典	109000.0	100.0		3.92
2024-03-16	10	4	7856	萩原工業	株主優待品（クオカード、食料品等）	食料品|金券|暮らし|長期保有特典|社会貢献	154000.0	100.0	0.64	3.24
2024-03-16	10	5	9251	ＡＢ＆Ｃｏｍｐａｎｙ	オンラインストア優待券	美容・ファッション	91000.0	100.0	8.75	3.07
2024-03-16	10	6	9444	トーシンホールディングス	自社商品券、自社施設利用無料券	暮らし|スポーツ	69000.0	100.0		3.47
2024-03-16	10	7	2345	クシム	えらべるPay	ポイントサービス|長期保有特典	27000.0	100.0		
2024-03-16	10	8	3134	Ｈａｍｅｅ	自社グループクーポン	暮らし|ポイントサービス	111000.0	100.0	2.68	2.01
2024-03-16	10	9	2910	ロック・フィールド	買物優待券、自社工場見学会	食事券|教養・娯楽|長期保有特典	164000.0	100.0	0.6	1.4
2024-03-16	10	10	7604	梅の花	株主優待証	食事券	106000.0	100.0		0.94
2024-03-16	10	11	2373	ケア２１	クオカード	金券	65000.0	100.0	1.52	2.59
2024-03-16	10	12	9279	ギフトホールディングス	食事優待券（電子チケット）	食事券	306000.0	100.0		0.58
2024-03-16	10	13	3329	東和フードサービス	優待食事券	食料品|食事券	204000.0	100.0	1.22	0.88
2024-03-16	10	14	2315	ＣＡＩＣＡ　ＤＩＧＩＴＡＬ	暗号資産（ＣＡＩＣＡコイン）進呈	金融サービス	62000.0	1000.0	1.61	
2024-03-16	10	15	7831	ウイルコホールディングス	化粧品等	美容・ファッション	136000.0	1000.0	5.14	1.47
2024-03-16	10	16	2375	ギグワークス	自社グループ割引クーポン	暮らし|美容・ファッション	59000.0	100.0		0.83
2024-03-16	10	17	3476	投資法人みらい	ホテル優待	交通・旅行	44000.0	1.0		
2024-03-16	10	18	9678	カナモト	カタログギフト	カタログギフト|長期保有特典	1319000.0	500.0		2.84
2024-03-16	10	19	8079	正栄食品工業	自社製品詰合せ	食料品	479000.0	100.0		1.04
2024-03-16	10	20	2923	サトウ食品	自社グループ商品詰合せ	食料品	626000.0	100.0	0.15	0.95
2024-03-16	11	1	2809	キユーピー	自社製品詰合せ	食料品|長期保有特典	277000.0	100.0		1.8
2024-03-16	11	2	8095	アステナホールディングス	自社グループ商品	暮らし|美容・ファッション|長期保有特典|社会貢献	239000.0	500.0		3.76
2024-03-16	11	3	3454	ファーストブラザーズ	プレミアム優待倶楽部ポイント	カタログギフト|ポイントサービス|長期保有特典|プレミアム優待倶楽部	634000.0	500.0		5.28
2024-03-16	11	4	1419	タマホーム	オリジナルクオカード	金券|長期保有特典	412000.0	100.0	0.24	4.48
2024-03-16	11	5	9765	オオバ	クオカード、チョコレート菓子	食料品|金券|長期保有特典|社会貢献	97000.0	100.0		3.47
2024-03-16	11	6	3547	串カツ田中ホールディングス	食事優待券	食事券	169000.0	100.0	1.17	
2024-03-16	11	7	3139	ラクト・ジャパン	オリジナルクオカード、カタログギフト	食料品|金券|カタログギフト|長期保有特典	233000.0	100.0	0.42	2.66
2024-03-16	11	8	3377	バイク王＆カンパニー	自社商品購入割引券	暮らし	56000.0	100.0	17.76	1.95
2024-03-16	11	9	8923	トーセイ	クオカード、ホテル宿泊割引	金券|交通・旅行|長期保有特典	216000.0	100.0	1.38	3.37
2024-03-16	11	10	2796	ファーマライズホールディングス	自社グループ商品	暮らし|保育・介護・医療|長期保有特典	64000.0	100.0		3.11
2024-03-16	11	11	2769	ヴィレッジヴァンガードコーポレーション	買物優待券	暮らし|長期保有特典	103000.0	100.0		
2024-03-16	11	12	2830	アヲハタ	自社製品詰合せ	食料品	250000.0	100.0	0.39	0.79
2024-03-16	11	13	3075	銚子丸	優待食事券、自社商品	食料品|食事券	183000.0	100.0	0.54	0.32
2024-03-16	11	14	2153	Ｅ・Ｊホールディングス	クオカード	金券	167000.0	100.0	0.59	3.28
2024-03-16	11	15	7965	象印マホービン	自社商品優待価格販売	暮らし	146000.0	100.0	0.68	2.32
2024-03-16	11	16	3160	大光	クオカード、自社商品券	金券|暮らし	65000.0	100.0	1.53	1.68
2024-03-16	11	17	3349	コスモス薬品	買物優待券、全国共通おこめ券	金券|暮らし|長期保有特典	1419000.0	100.0	0.62	0.84
2024-03-16	11	18	1430	ファーストコーポレーション	クオカード	金券|長期保有特典	400000.0	500.0		3.87
2024-03-16	11	19	6076	アメイズ	自社ホテル利用割引券	交通・旅行	121000.0	100.0		2.05
2024-03-16	11	20	9872	北恵	クオカード、ギフトカード	金券|カタログギフト	87000.0	100.0	0.57	3.21
2024-03-16	12	1	2503	キリンホールディングス	自社商品詰合せ	食料品|美容・ファッション|社会貢献	208000.0	100.0	0.47	3.4
2024-03-16	12	2	4755	楽天グループ	楽天モバイル・データ通信用eSIM	暮らし|長期保有特典	77000.0	100.0		
2024-03-16	12	3	4927	ポーラ・オルビスホールディングス	株主優待ポイント	カタログギフト|ポイントサービス|美容・ファッション|長期保有特典	145000.0	100.0	1.03	3.57
2024-03-16	12	4	2193	クックパッド	自社サイトサービス利用クーポン	暮らし	12000.0	100.0	41.66	
2024-03-16	12	5	4912	ライオン	自社製品詰合せ	暮らし	134000.0	100.0		2.01
2024-03-16	12	6	1605	ＩＮＰＥＸ	クオカード、施設見学会	金券|教養・娯楽|長期保有特典|社会貢献	220000.0	100.0		3.44
2024-03-16	12	7	9973	小僧寿し	優待券（アプリ）	食料品|食事券	1000.0	100.0		
2024-03-16	12	8	3003	ヒューリック	カタログギフト	カタログギフト|長期保有特典|社会貢献	454000.0	300.0	0.66	3.43
2024-03-16	12	9	5301	東海カーボン	カタログギフト	カタログギフト|長期保有特典	95000.0	100.0		3.13
2024-03-16	12	10	3053	ペッパーフードサービス	自社商品	食料品	60000.0	500.0	5.0	
2024-03-16	12	11	9160	ノバレーゼ	カタログギフト、食事割引券	食料品|食事券|カタログギフト|長期保有特典	28000.0	100.0	6.96	
2024-03-16	12	12	3197	すかいらーくホールディングス	優待カード	食事券	231000.0	100.0	1.72	0.43
2024-03-16	12	13	2502	アサヒグループホールディングス	自社製品詰合せ	食料品|社会貢献	535000.0	100.0	0.18	2.46
2024-03-16	12	14	7172	ジャパンインベストメントアドバイザー	オリジナルクオカード、新聞購読券	金券|教養・娯楽|長期保有特典	89000.0	100.0	10.08	1.79
2024-03-16	12	15	7272	ヤマハ発動機	株主優待ポイント、オリジナルカレンダー	ポイントサービス|スポーツ|カレンダー|長期保有特典|社会貢献	133000.0	100.0		3.75
2024-03-16	12	16	2702	日本マクドナルドホールディングス	優待食事券	食事券|長期保有特典	681000.0	100.0		0.61
2024-03-16	12	17	4911	資生堂	自社グループ製品	食料品|美容・ファッション|長期保有特典|社会貢献	417000.0	100.0		1.43
2024-03-16	12	18	3244	サムティ	自社グループホテル優待	交通・旅行	497000.0	200.0		3.77
2024-03-16	12	19	9704	アゴーラ　ホスピタリティー　グループ	株主優待割引券	食事券|交通・旅行	56000.0	1000.0		
2024-03-16	12	20	3807	フィスコ	自社サービス無料クーポン（IPOナビ）	金融サービス	11000.0	100.0	112.61	
2024-04-15	4	1	2198	アイ・ケイ・ケイホールディングス	優待食事券、株主優待商品	食料品|食事券	81000.0	100.0	2.46	2.95
2024-04-15	4	2	6630	ヤーマン	自社商品・優待割引券	美容・ファッション|長期保有特典	97000.0	100.0	5.11	0.92
2024-04-15	4	3	2593	伊藤園	自社製品詰合せ、自社通信販売製品割引	食料品|暮らし	378000.0	100.0	0.39	1.1
2024-04-15	4	4	2695	くら寿司	優待割引券（電子チケット）	食事券	531000.0	100.0		0.37
2024-04-15	4	5	2294	柿安本店	優待利用券	食料品|食事券|長期保有特典	318000.0	100.0	0.31	2.67
2024-04-15	4	6	7804	ビーアンドピー	QUOカード	金券|長期保有特典	186000.0	100.0	0.53	2.67
2024-04-15	4	7	8917	ファースト住建	QUOカード、優待品	食料品|金券|長期保有特典	116000.0	100.0		3.68
2024-04-15	4	8	2751	テンポスホールディングス	優待食事券	食事券	366000.0	100.0	2.18	0.27
2024-04-15	4	9	9603	エイチ・アイ・エス	株主優待券、自社施設優待券	交通・旅行|教養・娯楽	193000.0	100.0	3.09	0.51
2024-04-15	4	10	9444	トーシンホールディングス	自社商品券、自社施設利用無料券	暮らし|スポーツ	71000.0	100.0		3.09
2024-04-15	4	11	1873	日本ハウスホールディングス	自社製品（ジャム詰合せ）	食料品	337000.0	1000.0		1.48
2024-04-15	4	12	3134	Ｈａｍｅｅ	自社グループクーポン	暮らし|ポイントサービス	118000.0	100.0	2.53	1.9
2024-04-15	4	13	3830	ギガプライズ	QUOカード	金券|長期保有特典	176000.0	100.0	0.56	1.7
2024-04-15	4	14	2438	アスカネット	自社サービス優待割引券	暮らし	65000.0	100.0	1.52	1.06
2024-04-15	4	15	1436	フィット	QUOカードPay	ポイントサービス|長期保有特典	199000.0	200.0	0.5	1.2
2024-04-15	4	16	9279	ギフトホールディングス	食事優待券（電子チケット）	食事券	339000.0	100.0		0.53
2024-04-15	4	17	1383	ベルグアース	QUOカード、メロン等	食料品|金券|暮らし	338000.0	100.0	0.29	0.29
2024-04-15	4	18	3180	ビューティガレージ	自社オリジナル商品	美容・ファッション|長期保有特典	199000.0	100.0	2.1	0.6
2024-04-15	4	19	9627	アインホールディングス	自社グループ商品券	暮らし	595000.0	100.0	0.33	1.0
2024-04-15	4	20	2910	ロック・フィールド	買物優待券、自社工場見学会	食事券|教養・娯楽|長期保有特典	164000.0	100.0	0.6	1.39
2024-04-24	1	1	1928	積水ハウス	新潟県魚沼産コシヒカリ	食料品	3617000.0	1000.0		3.45
2024-04-24	1	2	3071	ストリーム	株主優待割引券	暮らし	10000.0	100.0	9.25	2.77
2024-04-24	1	3	3169	ミサワ	株主限定商品、優待券	暮らし|長期保有特典	62000.0	100.0		1.29
2024-04-24	1	4	7678	あさくま	自社グループ食事券	食事券	265000.0	100.0	2.63	
2024-04-24	1	5	3070	アマガサ	自社EC サイト・クーポン	暮らし|美容・ファッション	10000.0	100.0	27.77	
2024-04-24	1	6	3320	クロスプラス	オンラインストアクーポン券	ポイントサービス|美容・ファッション|長期保有特典	106000.0	100.0	2.81	2.81
2024-04-24	1	7	7590	タカショー	プレミアム優待倶楽部ポイント、特別販売カタログ	カタログギフト|ポイントサービス|カレンダー|プレミアム優待倶楽部	50000.0	100.0	5.9	1.57
2024-04-24	1	8	3246	コーセーアールイー	QUOカード	金券|長期保有特典	78000.0	100.0		3.07
2024-04-24	1	9	8609	岡三証券グループ	証券金融サービス	金融サービス	75000.0	100.0		3.96
2024-04-24	1	10	8142	トーホー	買物割引券、自社製品、寄付	食料品|食事券|暮らし|長期保有特典|社会貢献	331000.0	100.0	0.3	3.32
2024-04-24	1	11	2590	ダイドーグループホールディングス	自社グループ商品詰合せ	食料品|長期保有特典	540000.0	200.0		1.11
2024-04-24	1	12	9632	スバル興業	ＴＯＨＯシネマズ ギフトカード	教養・娯楽|長期保有特典	1406000.0	500.0	0.14	2.84
2024-04-24	1	13	8013	ナイガイ	自社オンラインショップ利用ポイント	ポイントサービス|美容・ファッション|長期保有特典	25000.0	100.0		
2024-04-24	1	14	2353	日本駐車場開発	自社施設利用券（電子チケット）	交通・旅行|暮らし|教養・娯楽	100000.0	500.0		2.75
2024-04-24	1	15	3415	ＴＯＫＹＯ　ＢＡＳＥ	買物優待券	暮らし|美容・ファッション	28000.0	100.0		1.77
2024-04-24	1	16	7674	ＮＡＴＴＹ　ＳＷＡＮＫＹホールディングス	食事券	食事券	354000.0	100.0	5.64	
2024-04-24	1	17	6619	ダブル・スコープ	自社韓国工場見学※2023年1月期実施見送り	交通・旅行|教養・娯楽|長期保有特典	51000.0	100.0		
2024-04-24	1	18	7683	ダブルエー	株主優待券	美容・ファッション	220000.0	100.0		1.09
2024-04-24	1	19	1766	東建コーポレーション	新米等、宿泊優待券、ゴルフ観戦招待券、ゴルフ場優待券、自社サービス優待	食料品|交通・旅行|暮らし|スポーツ	1070000.0	100.0		2.33
2024-04-24	1	20	3399	丸千代山岡家	株主優待券	食料品|食事券	835000.0	100.0	0.24	0.12
2024-04-24	3	1	9432	日本電信電話	dポイント付与	ポイントサービス|長期保有特典	17000.0	100.0		2.92
2024-04-24	3	2	4765	ＳＢＩグローバルアセットマネジメント	自社投資情報サービス、暗号資産（仮想通貨）	教養・娯楽|金融サービス|長期保有特典	67000.0	100.0	39.43	3.19
2024-04-24	3	3	9433	ＫＤＤＩ	自社関連サービス	暮らし|ポイントサービス|長期保有特典|社会貢献	435000.0	100.0		3.21
2024-04-24	3	4	7602	カーチスホールディングス	株主優待券	暮らし	18000.0	100.0	164.83	
2024-04-24	3	5	7277	ＴＢＫ	東北地方ブランド米、またはQUOカード	食料品|金券|長期保有特典	36000.0	100.0		2.73
2024-04-24	3	6	2928	ＲＩＺＡＰグループ	優待品交換ポイント、優待券	カタログギフト|ポイントサービス|長期保有特典	39000.0	100.0	22.63	
2024-04-24	3	7	8613	丸三証券	海苔、新潟県ブランド米	食料品	104000.0	100.0	0.95	5.75
2024-04-24	3	8	9020	ＪＲ東日本	株主優待割引券、自社施設サービス券、人間ドック割引券	食事券|交通・旅行|長期保有特典	292000.0	100.0		1.42
2024-04-24	3	9	8616	東海東京フィナンシャル・ホールディングス	株主優待カタログ、オリジナルQUOカード	金券|カタログギフト|長期保有特典	57000.0	100.0		4.91
2024-04-24	3	10	2801	キッコーマン	自社グループ商品詰合せ	食料品|長期保有特典|社会貢献	196000.0	100.0		0.94
2024-04-24	3	11	2269	明治ホールディングス	自社グループ製品詰合せ	食料品|社会貢献	350000.0	100.0	0.42	2.71
2024-04-24	3	12	9980	ＭＲＫホールディングス	商品割引券、RIZAPグループ商品	ポイントサービス|美容・ファッション|長期保有特典	10000.0	100.0	46.72	0.93
2024-04-24	3	13	7182	ゆうちょ銀行	オリジナルカタログ商品	食料品|カタログギフト|暮らし|社会貢献	791000.0	500.0	0.37	3.16
2024-04-24	3	14	9021	ＪＲ西日本	鉄道優待、グループ優待	食事券|交通・旅行|長期保有特典	301000.0	100.0		1.98
2024-04-24	3	15	2531	宝ホールディングス	自社グループ商品詰め合わせ	食料品|社会貢献	103000.0	100.0	0.96	2.61
2024-04-24	3	16	8005	スクロール	株主優待ポイント、株主優待カタログ	カタログギフト|暮らし|ポイントサービス|美容・ファッション|長期保有特典|社会貢献	92000.0	100.0	1.08	4.54
2024-04-24	3	17	3185	夢展望	自社グループ券	カタログギフト|暮らし|美容・ファッション	46000.0	300.0	32.46	
2024-04-24	3	18	8473	ＳＢＩホールディングス	自社商品、または暗号資産XRP	食料品|美容・ファッション|金融サービス|長期保有特典	385000.0	100.0	0.51	4.15
2024-04-24	3	19	9760	進学会ホールディングス	自社グループ受講優待券、QUOカード	金券|教養・娯楽	24000.0	100.0	16.39	2.04
2024-04-24	3	20	2730	エディオン	ギフトカード	暮らし|長期保有特典	160000.0	100.0	1.87	2.74
2024-04-24	6	1	3469	デュアルタップ	QUOカード	金券|長期保有特典	98000.0	100.0	4.08	1.27
2024-04-24	6	2	3140	ＢＲＵＮＯ	RIZAPグループ商品	カタログギフト	103000.0	100.0	8.66	0.38
2024-04-24	6	3	3197	すかいらーくホールディングス	優待カード	食事券	225000.0	100.0	1.77	0.44
2024-04-24	6	4	9439	エム・エイチ・グループ	オンラインストア株主優待券	美容・ファッション|長期保有特典	21000.0	100.0	14.86	0.46
2024-04-24	6	5	7272	ヤマハ発動機	株主優待ポイント、オリジナルカレンダー	ポイントサービス|スポーツ|カレンダー|長期保有特典|社会貢献	144000.0	100.0		3.46
2024-04-24	6	6	2206	江崎グリコ	自社グループ製品詰合せ	食料品|長期保有特典	409000.0	100.0	0.24	2.2
2024-04-24	6	7	2702	日本マクドナルドホールディングス	優待食事券	食事券|長期保有特典	690000.0	100.0		0.6
2024-04-24	6	8	2811	カゴメ	自社製品詰合せ、オリジナル記念品	食料品|長期保有特典	369000.0	100.0		1.4
2024-04-24	6	9	3807	フィスコ	自社サービス無料クーポン（IPOナビ）	金融サービス	9000.0	100.0	121.21	
2024-04-24	6	10	8945	サンネクスタグループ	QUOカード	金券|長期保有特典	104000.0	100.0		3.65
2024-04-24	6	11	2752	フジオフードグループ本社	自社オリジナル商品詰合せ	食料品|食事券	141000.0	100.0	4.24	
2024-04-24	6	12	4967	小林製薬	自社製品詰合せ、自社商品優待価格販売	暮らし|長期保有特典|社会貢献	561000.0	100.0	1.78	1.83
2024-04-24	6	13	8165	千趣会	買物優待券	暮らし|長期保有特典	31000.0	100.0	6.41	
2024-04-24	6	14	9416	ビジョン	自社サービス利用券	交通・旅行|暮らし|美容・ファッション	112000.0	100.0	10.68	2.22
2024-04-24	6	15	2904	一正蒲鉾	自社商品	食料品|長期保有特典|社会貢献	76000.0	100.0		1.57
2024-04-24	6	16	3902	メディカル・データ・ビジョン	「カルテコ」リニューアル記念優待	金券	60000.0	100.0	3.32	1.08
2024-04-24	6	17	7135	ジャパンクラフトホールディングス	買物優待券	暮らし|長期保有特典	16000.0	100.0	12.5	
2024-04-24	6	18	8508	Ｊトラスト	各種利用券	美容・ファッション	45000.0	100.0		3.1
2024-04-24	6	19	8928	穴吹興産	オリジナル特選ギフト・寄付引換ハガキ	食料品|社会貢献	214000.0	100.0	1.39	2.7
2024-04-24	6	20	3097	物語コーポレーション	優待食事券	食事券	435000.0	100.0	1.6	0.69
2024-04-24	10	1	8917	ファースト住建	QUOカード、優待品	食料品|金券|長期保有特典	111000.0	100.0		3.85
2024-04-24	10	2	9603	エイチ・アイ・エス	株主優待券、自社施設優待券	交通・旅行|教養・娯楽	178000.0	100.0	3.36	0.56
2024-04-24	10	3	3134	Ｈａｍｅｅ	自社グループクーポン	暮らし|ポイントサービス	117000.0	100.0	2.55	1.91
2024-04-24	10	4	9444	トーシンホールディングス	自社商品券、自社施設利用無料券	暮らし|スポーツ	70000.0	100.0		3.12
2024-04-24	10	5	3038	神戸物産	JCB ギフトカード	金券|長期保有特典	337000.0	100.0	0.29	0.68
2024-04-24	10	6	9279	ギフトホールディングス	食事優待券（電子チケット）	食事券	308000.0	100.0		0.58
2024-04-24	10	7	9251	ＡＢ＆Ｃｏｍｐａｎｙ	オンラインストア優待券	美容・ファッション	90000.0	100.0	8.85	3.1
2024-04-24	10	8	2910	ロック・フィールド	買物優待券、自社工場見学会	食事券|教養・娯楽|長期保有特典	160000.0	100.0	0.62	1.43
2024-04-24	10	9	7856	萩原工業	株主優待品（QUOカード、食料品等）	食料品|金券|暮らし|長期保有特典|社会貢献	159000.0	100.0	0.62	3.13
2024-04-24	10	10	8079	正栄食品工業	自社製品詰合せ	食料品	437000.0	100.0		1.14
2024-04-24	10	11	7604	梅の花	株主優待証	食事券	108000.0	100.0		0.92
2024-04-24	10	12	3329	東和フードサービス	優待食事券	食料品|食事券	209000.0	100.0	1.19	0.86
2024-04-24	10	13	3121	マーチャント・バンカーズ	QUOカード、自社販売商品	食料品|金券|暮らし	87000.0	300.0	3.44	0.69
2024-04-24	10	14	3476	投資法人みらい	ホテル優待	交通・旅行	46000.0	1.0		
2024-04-24	10	15	8609	岡三証券グループ	証券金融サービス	金融サービス	75000.0	100.0		3.96
2024-04-24	10	16	3361	トーエル	自社取扱商品	食料品|カレンダー	407000.0	500.0	0.73	2.45
2024-04-24	10	17	2345	クシム	えらべるPay	ポイントサービス|長期保有特典	25000.0	100.0		
2024-04-24	10	18	9678	カナモト	カタログギフト	カタログギフト|長期保有特典	1366000.0	500.0		2.74
2024-04-24	10	19	7831	ウイルコホールディングス	化粧品等	美容・ファッション	135000.0	1000.0	5.18	1.48
2024-04-24	10	20	1766	東建コーポレーション	新米等、宿泊優待券、ゴルフ観戦招待券、ゴルフ場優待券、自社サービス優待	食料品|交通・旅行|暮らし|スポーツ	1070000.0	100.0		2.33
2024-04-24	11	1	1419	タマホーム	オリジナルQUOカード	金券|長期保有特典	435000.0	100.0	0.22	4.25
2024-04-24	11	2	9765	オオバ	QUOカード、チョコレート菓子	食料品|金券|長期保有特典|社会貢献	110000.0	100.0		3.34
2024-04-24	11	3	8095	アステナホールディングス	自社グループ商品	暮らし|美容・ファッション|長期保有特典|社会貢献	243000.0	500.0		3.7
2024-04-24	11	4	2809	キユーピー	自社製品詰合せ	食料品|長期保有特典	313000.0	100.0		1.59
2024-04-24	11	5	3547	串カツ田中ホールディングス	食事優待券	食事券	167000.0	100.0	1.19	
2024-04-24	11	6	3160	大光	QUOカード、自社商品券	金券|暮らし	64000.0	100.0	1.55	1.7
2024-04-24	11	7	3075	銚子丸	優待食事券、自社商品	食料品|食事券	197000.0	100.0	0.5	0.6
2024-04-24	11	8	3139	ラクト・ジャパン	オリジナルQUOカード、カタログギフト	食料品|金券|カタログギフト|長期保有特典	252000.0	100.0	0.39	2.45
2024-04-24	11	9	3454	ファーストブラザーズ	プレミアム優待倶楽部ポイント	カタログギフト|ポイントサービス|長期保有特典|プレミアム優待倶楽部	635000.0	500.0		5.27
2024-04-24	11	10	3377	バイク王＆カンパニー	自社商品購入割引券	暮らし	51000.0	100.0	19.49	2.14
2024-04-24	11	11	3349	コスモス薬品	買物優待券、全国共通おこめ券	金券|暮らし|長期保有特典	1441000.0	100.0	0.61	0.83
2024-04-24	11	12	8609	岡三証券グループ	証券金融サービス	金融サービス	75000.0	100.0		3.96
2024-04-24	11	13	4825	ウェザーニューズ	自社サービス「ウェザーニュース」無料利用権	暮らし	460000.0	100.0		2.6
2024-04-24	11	14	2796	ファーマライズホールディングス	自社グループ商品	暮らし|保育・介護・医療|長期保有特典	65000.0	100.0		3.06
2024-04-24	11	15	2678	アスクル	割引クーポン	暮らし	238000.0	100.0		1.51
2024-04-24	11	16	8923	トーセイ	QUOカード、ホテル宿泊割引	金券|交通・旅行|長期保有特典	240000.0	100.0	1.24	3.03
2024-04-24	11	17	2769	ヴィレッジヴァンガードコーポレーション	買物優待券	暮らし|長期保有特典	105000.0	100.0		
2024-04-24	11	18	2153	Ｅ・Ｊホールディングス	QUOカード	金券	181000.0	100.0	0.54	3.02
2024-04-24	11	19	2830	アヲハタ	自社製品詰合せ	食料品	249000.0	100.0	0.4	0.8
2024-04-24	11	20	6634	ネクスグループ	株主優待券	交通・旅行	13000.0	100.0		
2024-04-25	9	1	6181	タメニー	自社サービス利用券	暮らし	10000.0	100.0	291.26	
2024-04-25	9	2	2201	森永製菓	自社商品、寄付	食料品|長期保有特典|社会貢献	252000.0	100.0		2.17
2024-04-25	9	3	7593	ＶＴホールディングス	自社グループ優待券（レンタカー利用等）	交通・旅行	51000.0	100.0	77.51	4.65
2024-04-25	9	4	9202	ＡＮＡホールディングス	株主優待航空割引･自社グループ優待券･カレンダー	食事券|交通・旅行|暮らし|スポーツ|カレンダー|長期保有特典	307000.0	100.0		0.97
2024-04-25	9	5	2694	焼肉坂井ホールディングス	自社グループ優待券、優待割引券	食事券|長期保有特典	7000.0	100.0	12.98	0.64
2024-04-25	9	6	7278	エクセディ	株主優待カタログ	カタログギフト|長期保有特典	298000.0	100.0		4.02
2024-04-25	9	7	3397	トリドールホールディングス	株主優待割引券	食事券|長期保有特典	383000.0	100.0	1.56	0.19
2024-04-25	9	8	9201	日本航空	株主優待航空割引券	交通・旅行|長期保有特典	285000.0	100.0		2.45
2024-04-25	9	9	4661	オリエンタルランド	自社レジャー施設優待券	教養・娯楽|長期保有特典	2363000.0	500.0	0.31	0.23
2024-04-25	9	10	2267	ヤクルト本社	自社商品詰合せ、東京ヤクルトスワローズオフィシャルファンクラブ無料入会権	食料品|スポーツ|長期保有特典	308000.0	100.0		1.8
2024-04-25	9	11	5401	日本製鉄	Ｊリーグ観戦チケット、自社工場見学	教養・娯楽|スポーツ	3491000.0	1000.0		4.58
2024-04-25	9	12	2340	極楽湯ホールディングス	自社無料入浴券	暮らし|長期保有特典	40000.0	100.0		
2024-04-25	9	13	8098	稲畑産業	オリジナルQUOカード	金券|長期保有特典	318000.0	100.0	0.15	3.76
2024-04-25	9	14	3726	フォーシーズＨＤ	自社グループ商品、プレミアム優待倶楽部ポイント	カタログギフト|ポイントサービス|美容・ファッション|長期保有特典|社会貢献|プレミアム優待倶楽部	48000.0	100.0	4.5	
2024-04-25	9	15	9104	商船三井	にっぽん丸クルーズ優待券、フェリー割引券、地域名産品	食料品|交通・旅行|長期保有特典	470000.0	100.0		4.25
2024-04-25	9	16	3814	アルファクス・フード・システム	自社ホテル宿泊券	交通・旅行	44000.0	100.0	15.8	
2024-04-25	9	17	2114	フジ日本精糖	自社製品	食料品	99000.0	100.0	1.0	3.21
2024-04-25	9	18	8892	日本エスコン	オリジナルQUOカード	金券|長期保有特典	1022000.0	1000.0		4.69
2024-04-25	9	19	4751	サイバーエージェント	AbemaTV視聴クーポン	教養・娯楽	103000.0	100.0	2.78	1.44
2024-04-25	9	20	7185	ヒロセ通商	自社キャンペーン商品	食料品|暮らし	329000.0	100.0	3.03	
2024-04-27	2	1	8905	イオンモール	自社商品券、カタログギフト	金券|カタログギフト|長期保有特典|社会貢献	180000.0	100.0	1.66	2.77
2024-04-27	2	2	3073	ＤＤグループ	株主優待券、お米	食料品|食事券	126000.0	100.0	4.73	
2024-04-27	2	3	3382	セブン＆アイ・ホールディングス	グループ共通商品券	金券|長期保有特典	203000.0	100.0	0.98	1.96
2024-04-27	2	4	2930	北の達人コーポレーション	自社商品	美容・ファッション	17000.0	100.0	25.12	1.3
2024-04-27	2	5	3141	ウエルシアホールディングス	株主優待券、新潟県産こしひかり、 ポイント、カタログギフト	食料品|カタログギフト|暮らし|ポイントサービス	229000.0	100.0	1.3	1.56
2024-04-27	2	6	8267	イオン	株主優待カード、自社グル―プ優待券	金券|暮らし|長期保有特典	328000.0	100.0		1.21
2024-04-27	2	7	3087	ドトール・日レスホールディングス	株主優待カード	食事券	209000.0	100.0	0.47	2.0
2024-04-27	2	8	8016	オンワードホールディングス	自社グループ製品	カタログギフト|美容・ファッション|長期保有特典	60000.0	100.0		3.97
2024-04-27	2	9	3543	コメダホールディングス	プリペイドカード「ＫＯＭＥＣＡ」チャージ	食事券|長期保有特典	260000.0	100.0	0.76	2.07
2024-04-27	2	10	9252	ラストワンマイル	ギフト券	金券|長期保有特典	3000.0	1.0	28.12	
2024-04-27	2	11	7630	壱番屋	優待食事券	食事券	107000.0	100.0	1.86	1.49
2024-04-27	2	12	8008	ヨンドシーホールディングス	株主優待券、自社商品、寄付	金券|暮らし|美容・ファッション|社会貢献	187000.0	100.0	0.26	4.41
2024-04-27	2	13	8125	ワキタ	ホテル優待券	交通・旅行|暮らし	157000.0	100.0	6.36	4.45
2024-04-27	2	14	3050	ＤＣＭホールディングス	買物優待券	暮らし|長期保有特典	145000.0	100.0	0.34	3.03
2024-04-27	2	15	3387	クリエイト・レストランツ・ホールディングス	優待食事券	食事券|長期保有特典	109000.0	100.0	3.66	0.73
2024-04-27	2	16	3198	ＳＦＰホールディングス	優待食事券	食事券	202000.0	100.0	3.94	1.28
2024-04-27	2	17	6897	ツインバード	株主優待クーポン	暮らし|長期保有特典	49000.0	100.0	4.06	2.64
2024-04-27	2	18	9861	吉野家ホールディングス	買物優待券	食事券	288000.0	100.0	1.38	0.69
2024-04-27	2	19	3222	ユナイテッド・スーパーマーケット・ホールディングス	買物優待券、優待品	食料品|暮らし	88000.0	100.0		1.8
2024-04-27	2	20	3548	バロックジャパンリミテッド	店舗、通販サイトで利用可能なクーポン	美容・ファッション	75000.0	100.0	5.27	5.01
2024-05-08	8	1	2404	鉄人化ホールディングス	優待食事券	食料品|食事券|暮らし	40000.0	100.0	7.48	
2024-05-08	8	2	3382	セブン＆アイ・ホールディングス	グループ共通商品券	金券|長期保有特典	198000.0	100.0	1.0	2.01
2024-05-08	8	3	8267	イオン	株主優待カード、自社グル―プ優待券	金券|暮らし|長期保有特典	325000.0	100.0		1.23
2024-05-08	8	4	7445	ライトオン	買物優待券	美容・ファッション	38000.0	100.0	7.77	
2024-05-08	8	5	7581	サイゼリヤ	食事券	食事券|長期保有特典	537000.0	100.0		0.33
2024-05-08	8	6	4668	明光ネットワークジャパン	QUOカード	金券|長期保有特典	71000.0	100.0	0.69	4.73
2024-05-08	8	7	3543	コメダホールディングス	プリペイドカード「ＫＯＭＥＣＡ」チャージ	食事券|長期保有特典	257000.0	100.0	0.77	2.09
2024-05-08	8	8	9252	ラストワンマイル	ギフト券	金券|長期保有特典	3000.0	1.0	30.44	
2024-05-08	8	9	7630	壱番屋	優待食事券	食事券	108000.0	100.0	1.84	1.47
2024-05-08	8	10	8904	ＡＶＡＮＴＩＡ	QUOカード	金券|長期保有特典	82000.0	100.0		4.62
2024-05-08	8	11	3387	クリエイト・レストランツ・ホールディングス	優待食事券	食事券|長期保有特典	106000.0	100.0	3.75	0.75
2024-05-08	8	12	9861	吉野家ホールディングス	買物優待券	食事券	280000.0	100.0	1.42	0.71
2024-05-08	8	13	3198	ＳＦＰホールディングス	優待食事券	食事券	206000.0	100.0	3.87	1.26
2024-05-08	8	14	3063	ジェイグループホールディングス	優待食事券	食事券	63000.0	100.0	6.34	0.63
2024-05-08	8	15	3046	ジンズホールディングス	買物優待券	美容・ファッション	345000.0	100.0	2.6	1.18
2024-05-08	8	16	3548	バロックジャパンリミテッド	店舗、通販サイトで利用可能なクーポン	美容・ファッション	78000.0	100.0	5.1	4.85
2024-05-08	8	17	2157	コシダカホールディングス	自社グループ優待券	暮らし|教養・娯楽|長期保有特典	87000.0	100.0	2.29	1.6
2024-05-08	8	18	8127	ヤマトインターナショナル	自社製品	美容・ファッション	106000.0	300.0	0.94	4.52
2024-05-08	8	19	3557	ユナイテッド＆コレクティブ	食事優待券	食事券	111000.0	100.0	8.98	
2024-05-08	8	20	3222	ユナイテッド・スーパーマーケット・ホールディングス	買物優待券、優待品	食料品|暮らし	88000.0	100.0		1.8
2024-05-09	7	1	7196	Ｃａｓａ	QUOカード	金券	85000.0	100.0	1.17	3.51
2024-05-09	7	2	4014	カラダノート	ミネラルウォーター	食料品	50000.0	100.0	7.93	
2024-05-09	7	3	3159	丸善ＣＨＩホールディングス	自社商品券	暮らし	33000.0	100.0	1.5	0.9
2024-05-09	7	4	2217	モロゾフ	株主優待券または自社商品、オンラインショップ優待割引	食料品|食事券|長期保有特典	416000.0	100.0	0.48	1.87
2024-05-09	7	5	7810	クロスフォー	自社製品（ジュエリー）	美容・ファッション	220000.0	1000.0	4.54	0.15
2024-05-09	7	6	4936	アクシージア	自社製品	美容・ファッション	90000.0	100.0	3.31	2.2
2024-05-09	7	7	3070	アマガサ	自社EC サイト・クーポン	暮らし|美容・ファッション	10000.0	100.0	28.03	
2024-05-09	7	8	3172	ティーライフ	株主優待券	暮らし	141000.0	100.0	0.7	3.26
2024-05-09	7	9	7590	タカショー	プレミアム優待倶楽部ポイント、特別販売カタログ	カタログギフト|ポイントサービス|カレンダー|プレミアム優待倶楽部	51000.0	100.0	5.82	1.55
2024-05-09	7	10	6091	ウエスコホールディングス	四国・神戸水族館の入場券	教養・娯楽	60000.0	100.0		3.32
2024-05-09	7	11	4934	プレミアアンチエイジング	自社商品	美容・ファッション	80000.0	100.0	4.97	
2024-05-09	7	12	3539	ＪＭホールディングス	精肉関連商品	食料品|長期保有特典	270000.0	100.0		1.48
2024-05-09	7	13	3418	バルニバービ	電子チケット	食事券|暮らし|長期保有特典	143000.0	100.0	2.09	0.52
2024-05-09	7	14	7678	あさくま	自社グループ食事券	食事券	283000.0	100.0	2.47	
2024-05-09	7	15	7674	ＮＡＴＴＹ　ＳＷＡＮＫＹホールディングス	食事券	食事券	357000.0	100.0	5.59	
2024-05-09	7	16	2353	日本駐車場開発	自社施設利用券（電子チケット）	交通・旅行|暮らし|教養・娯楽	99000.0	500.0		2.77
2024-05-09	7	17	2590	ダイドーグループホールディングス	自社グループ商品詰合せ	食料品|長期保有特典	545000.0	200.0		1.1
2024-05-09	7	18	3399	丸千代山岡家	株主優待券	食料品|食事券	338000.0	100.0	0.61	0.14
2024-05-09	7	19	7682	浜木綿	株主優待券	食事券|長期保有特典	482000.0	100.0	0.82	0.2
2024-05-09	7	20	3421	稲葉製作所	オリジナル図書カード、地域特産品	食料品|金券	180000.0	100.0	0.55	1.77
2024-07-15	11	1	3454	ファーストブラザーズ	プレミアム優待倶楽部ポイント	カタログギフト|ポイントサービス|長期保有特典|プレミアム優待倶楽部	587000.0	500.0		5.7
2024-07-15	11	2	2809	キユーピー	自社製品詰合せ	食料品|長期保有特典	378000.0	100.0		1.42
2024-07-15	11	3	8095	アステナホールディングス	自社グループ商品	暮らし|美容・ファッション|長期保有特典|社会貢献	272000.0	500.0		3.3
2024-07-15	11	4	3547	串カツ田中ホールディングス	食事優待券	食事券	175000.0	100.0	1.14	
2024-07-15	11	5	7388	ＦＰパートナー	QUOカード	金券	324000.0	100.0	1.85	2.84
2024-07-15	11	6	3377	バイク王＆カンパニー	自社商品購入割引券	暮らし	48000.0	100.0	20.49	2.25
2024-07-15	11	7	1419	タマホーム	オリジナルQUOカード	金券|長期保有特典	446000.0	100.0	0.22	4.37
2024-07-15	11	8	1430	ファーストコーポレーション	QUOカード	金券|長期保有特典	378000.0	500.0		5.02
2024-07-15	11	9	2153	Ｅ・Ｊホールディングス	QUOカード	金券	183000.0	100.0	0.54	3.54
2024-07-15	11	10	3139	ラクト・ジャパン	オリジナルQUOカード、カタログギフト	食料品|金券|カタログギフト|長期保有特典	280000.0	100.0	0.35	2.71
2024-07-15	11	11	8923	トーセイ	QUOカード、ホテル宿泊割引	金券|交通・旅行|長期保有特典	258000.0	100.0	1.16	2.82
2024-07-15	11	12	9872	北恵	QUOカード、ギフトカード	金券|カタログギフト	88000.0	100.0	0.56	3.18
2024-07-15	11	13	2769	ヴィレッジヴァンガードコーポレーション	買物優待券	暮らし|長期保有特典	108000.0	100.0		
2024-07-15	11	14	9765	オオバ	QUOカード、チョコレート菓子	食料品|金券|長期保有特典|社会貢献	110000.0	100.0		3.61
2024-07-15	11	15	2734	サーラコーポレーション	株主優待ポイント	カタログギフト|ポイントサービス	410000.0	500.0	0.24	3.65
2024-07-15	11	16	2796	ファーマライズホールディングス	自社グループ商品	暮らし|保育・介護・医療|長期保有特典	62000.0	100.0		2.23
2024-07-15	11	17	4825	ウェザーニューズ	自社サービス「ウェザーニュース」無料利用権	暮らし	572000.0	100.0		2.27
2024-07-15	11	18	3349	コスモス薬品	買物優待券、全国共通おこめ券	金券|暮らし|長期保有特典	1281000.0	100.0	0.68	1.01
2024-07-15	11	19	2830	アヲハタ	自社製品詰合せ	食料品	258000.0	100.0	0.38	0.77
2024-07-15	11	20	7965	象印マホービン	自社商品優待価格販売	暮らし	152000.0	100.0	0.65	2.23
2024-07-17	5	1	2722	ＩＫホールディングス	買物優待券、自社製品	食料品|長期保有特典	40000.0	100.0		1.99
2024-07-17	5	2	7388	ＦＰパートナー	QUOカード	金券	313000.0	100.0	1.91	2.93
2024-07-17	5	3	1377	サカタのタネ	カタログギフト	カタログギフト|長期保有特典	350000.0	100.0		1.85
2024-07-17	5	4	1419	タマホーム	オリジナルQUOカード	金券|長期保有特典	448000.0	100.0	0.22	4.35
2024-07-17	5	5	2792	ハニーズホールディングス	自社商品引換券	美容・ファッション|長期保有特典	156000.0	100.0		3.5
2024-07-17	5	6	3391	ツルハホールディングス	自社商品券、自社商品詰合せ、株主優待カード	食料品|暮らし|長期保有特典	907000.0	100.0	0.27	3.41
2024-07-17	5	7	3645	メディカルネット	QUOカード	金券|長期保有特典	37000.0	100.0		0.8
2024-07-17	5	8	3148	クリエイトＳＤホールディングス	買物優待券、カタログギフト、全国共通おこめ券	金券|カタログギフト|暮らし	334000.0	100.0	0.44	2.03
2024-07-17	5	9	2168	パソナグループ	抽選式株主優待、施設割引	食事券|交通・旅行|教養・娯楽	211000.0	100.0		3.54
2024-07-17	5	10	2462	ライク	プレミアム優待倶楽部ポイント	カタログギフト|ポイントサービス|長期保有特典|プレミアム優待倶楽部	435000.0	300.0	1.14	3.99
2024-07-17	5	11	9278	ブックオフグループホールディングス	買物優待券、買取アップ券	暮らし|長期保有特典	140000.0	100.0	1.42	1.78
2024-07-17	5	12	2493	イーサポートリンク	自社飲料水	食料品	92000.0	100.0		0.54
2024-07-17	5	13	3297	東武住販	地域特産品	食料品|長期保有特典	109000.0	100.0	0.91	3.56
2024-07-17	5	14	8908	毎日コムネット	会員制サービス利用権	暮らし	77000.0	100.0		4.01
2024-07-17	5	15	9765	オオバ	QUOカード、チョコレート菓子	食料品|金券|長期保有特典|社会貢献	110000.0	100.0		3.63
2024-07-17	5	16	3549	クスリのアオキホールディングス	優待カード、地方名産品	食料品|金券|暮らし	306000.0	100.0	0.48	0.45
2024-07-17	5	17	3201	日本毛織	株主優待割引券、QUOカード	金券|カタログギフト|暮らし|長期保有特典	136000.0	100.0	0.73	2.64
2024-07-17	5	18	7487	小津産業	QUOカード、株主優待商品	金券|暮らし	161000.0	100.0	0.62	1.55
2024-07-17	5	19	9216	ビーウィズ	プレミアム優待倶楽部ポイント	カタログギフト|ポイントサービス|長期保有特典|プレミアム優待倶楽部	405000.0	200.0	1.97	3.79
2024-07-17	5	20	2791	大黒天物産	果物	食料品	831000.0	100.0	0.24	0.39
2024-07-20	7	1	7196	Ｃａｓａ	QUOカード	金券	93000.0	100.0	1.06	3.2
2024-07-20	7	2	2217	モロゾフ	株主優待券または自社商品、オンラインショップ優待割引	食料品|食事券|長期保有特典	481000.0	100.0	0.41	1.62
2024-07-20	7	3	3172	ティーライフ	株主優待券	暮らし	141000.0	100.0	0.7	3.25
2024-07-20	7	4	3159	丸善ＣＨＩホールディングス	自社商品券	暮らし	34000.0	100.0	1.46	0.87
2024-07-20	7	5	4014	カラダノート	ミネラルウォーター	食料品	56000.0	100.0	7.0	
2024-07-20	7	6	3539	ＪＭホールディングス	精肉関連商品、グループ商品券	食料品|長期保有特典	278000.0	100.0		1.43
2024-07-20	7	7	2997	ストレージ王	トランクルーム割引､QUOカード	金券|暮らし|長期保有特典	99000.0	100.0	7.04	
2024-07-20	7	8	3070	アマガサ	自社EC サイト・クーポン	暮らし|美容・ファッション	11000.0	100.0	27.02	
2024-07-20	7	9	6091	ウエスコホールディングス	四国・神戸水族館の入場券	教養・娯楽	65000.0	100.0		3.06
2024-07-20	7	10	3421	稲葉製作所	オリジナル図書カード、地域特産品	食料品|金券	184000.0	100.0	0.54	1.73
2024-07-20	7	11	7590	タカショー	プレミアム優待倶楽部ポイント、特別販売カタログ	カタログギフト|ポイントサービス|カレンダー|プレミアム優待倶楽部	54000.0	100.0	5.55	1.48
2024-07-20	7	12	3399	丸千代山岡家	株主優待券	食料品|食事券	327000.0	100.0	0.58	0.15
2024-07-20	7	13	3418	バルニバービ	電子チケット	食事券|暮らし|長期保有特典	140000.0	100.0	2.14	0.53
2024-07-20	7	14	4934	プレミアアンチエイジング	自社商品	美容・ファッション	93000.0	100.0	4.29	
2024-07-20	7	15	2590	ダイドーグループホールディングス	自社グループ商品詰合せ	食料品|長期保有特典	528000.0	200.0		1.13
2024-07-20	7	16	2353	日本駐車場開発	自社施設利用券（電子チケット）	交通・旅行|暮らし|教養・娯楽	105000.0	500.0		2.6
2024-07-20	7	17	4936	アクシージア	自社EC優待券	美容・ファッション|長期保有特典	205000.0	200.0		1.94
2024-07-20	7	18	7810	クロスフォー	自社製品（ジュエリー）クーポン券	美容・ファッション	208000.0	1000.0	4.8	0.16
2024-07-20	7	19	7850	総合商研	自社グループ商品または北海道特産品、年賀状印刷割引	食料品|暮らし	909000.0	1000.0	0.33	2.2
2024-07-20	7	20	7126	グローバルスタイル	買物優待券	美容・ファッション	337000.0	200.0	2.96	1.77
2024-09-20	8	1	3815	メディア工房	QUOカードPay	ポイントサービス|長期保有特典	44000.0	100.0	8.96	
2024-09-20	8	2	2404	鉄人化ホールディングス	優待食事券	食料品|食事券|暮らし	43000.0	100.0	6.97	
2024-09-20	8	3	4668	明光ネットワークジャパン	QUOカード	金券|長期保有特典	68000.0	100.0	0.73	4.97
2024-09-20	8	4	7445	ライトオン	買物優待券	美容・ファッション	33000.0	100.0	9.09	
2024-09-20	8	5	8267	イオン	株主優待カード、自社グル―プ優待券	金券|暮らし|長期保有特典	404000.0	100.0		0.98
2024-09-20	8	6	7630	壱番屋	優待食事券	食事券	103000.0	100.0	1.93	1.55
2024-09-20	8	7	3198	ＳＦＰホールディングス	優待食事券	食事券	198000.0	100.0	4.03	1.31
2024-09-20	8	8	3387	クリエイト・レストランツ・ホールディングス	優待食事券	食事券|長期保有特典	108000.0	100.0	3.69	0.73
2024-09-20	8	9	3543	コメダホールディングス	プリペイドカード「ＫＯＭＥＣＡ」チャージ	食事券|長期保有特典	274000.0	100.0	0.72	1.96
2024-09-20	8	10	7453	良品計画	割引優待カード	食料品|暮らし	259000.0	100.0		1.54
2024-09-20	8	11	3826	システムインテグレータ	新潟県産特別栽培米	食料品|長期保有特典	65000.0	200.0		1.53
2024-09-20	8	12	3063	ジェイグループホールディングス	優待食事券	食事券	65000.0	100.0	6.07	0.6
2024-09-20	8	13	3073	ＤＤグループ	株主優待券（電子）	食料品|ポイントサービス	132000.0	100.0	4.53	
2024-09-20	8	14	3557	ユナイテッド＆コレクティブ	食事優待券（電子）	食事券	107000.0	100.0	9.32	
2024-09-20	8	15	8904	ＡＶＡＮＴＩＡ	QUOカード	金券|長期保有特典	78000.0	100.0		4.85
2024-09-20	8	16	3548	バロックジャパンリミテッド	店舗、通販サイトで利用可能なクーポン	美容・ファッション	76000.0	100.0	5.25	4.99
2024-09-20	8	17	2157	コシダカホールディングス	自社グループ優待券	暮らし|教養・娯楽|長期保有特典	103000.0	100.0	1.92	1.73
2024-09-20	8	18	8233	高島屋	株主優待カード	暮らし	111000.0	100.0		1.79
2024-09-20	8	19	7607	進和	お米券、新潟県ブランド米	食料品|金券|長期保有特典	263000.0	100.0		3.79
2024-09-20	8	20	2999	ホームポジション	QUOカード	金券	400000.0	1000.0	5.0	2.5
2024-09-20	9	1	6181	タメニー	自社サービス利用券	暮らし	12000.0	100.0	250.0	
2024-09-20	9	2	7885	タカノ	株主優待商品	食料品	81000.0	100.0	1.22	2.44
2024-09-20	9	3	7201	日産自動車	株主紹介特典制度	カタログギフト	40000.0	100.0		6.21
2024-09-20	9	4	3985	テモナ	QUOカード	金券	20000.0	100.0	2.41	
2024-09-20	9	5	8798	アドバンスクリエイト	カタログギフト	カタログギフト|暮らし	99000.0	100.0	3.81	1.75
2024-09-20	9	6	3205	ダイドーリミテッド	自社取扱品、買物割引券	美容・ファッション	95000.0	100.0		10.47
2024-09-20	9	7	6339	新東工業	QUOカード	金券|長期保有特典	100000.0	100.0		4.4
2024-09-20	9	8	2201	森永製菓	自社商品、寄付	食料品|長期保有特典|社会貢献	287000.0	100.0		2.08
2024-09-20	9	9	7593	ＶＴホールディングス	自社グループ優待券（レンタカー利用等）	交通・旅行	48000.0	100.0	82.47	4.94
2024-09-20	9	10	2340	極楽湯ホールディングス	自社無料入浴券	暮らし|長期保有特典	42000.0	100.0		
2024-09-20	9	11	4931	新日本製薬	自社優待品	食料品|美容・ファッション|長期保有特典	178000.0	100.0	3.92	2.52
2024-09-20	9	12	9104	商船三井	にっぽん丸クルーズ優待券、フェリー割引券、地域名産品	食料品|交通・旅行|長期保有特典	502000.0	100.0		5.56
2024-09-20	9	13	3814	アルファクス・フード・システム	自社ホテル宿泊券	交通・旅行	40000.0	100.0	17.24	
2024-09-20	9	14	2208	ブルボン	自社グループ製品詰合せ、新潟県ブランド米	食料品|長期保有特典	239000.0	100.0		1.54
2024-09-20	9	15	2694	焼肉坂井ホールディングス	自社グループ優待券、優待割引券	食事券|長期保有特典	7000.0	100.0	13.15	
2024-09-20	9	16	8153	モスフードサービス	株主優待券	食事券|長期保有特典	345000.0	100.0	0.57	0.87
2024-09-20	9	17	4932	アルマード	株主特別割引	食料品|美容・ファッション	104000.0	100.0		6.22
2024-09-20	9	18	4658	日本空調サービス	QUOカード（創業60周年記念)	金券	108000.0	100.0	0.45	3.67
2024-09-20	9	19	8864	空港施設	レストラン食事券	食事券	58000.0	100.0	8.57	3.08
2024-09-20	9	20	4751	サイバーエージェント	AbemaTV視聴クーポン	教養・娯楽	104000.0	100.0	2.74	1.43
2024-10-15	2	1	3141	ウエルシアホールディングス	株主優待券、新潟県産こしひかり、 ポイント、カタログギフト	食料品|カタログギフト|暮らし|ポイントサービス	193000.0	100.0	1.55	1.86
2024-10-15	2	2	3382	セブン＆アイ・ホールディングス	グループ共通商品券	金券|長期保有特典	228000.0	100.0	0.87	1.74
2024-10-15	2	3	2930	北の達人コーポレーション	自社商品	美容・ファッション	16000.0	100.0	27.46	1.42
2024-10-15	2	4	8267	イオン	株主優待カード、自社グル―プ優待券	金券|暮らし|長期保有特典	368000.0	100.0		1.08
2024-10-15	2	5	8016	オンワードホールディングス	自社グループ製品	カタログギフト|美容・ファッション|長期保有特典	53000.0	100.0		4.46
2024-10-15	2	6	8905	イオンモール	自社商品券、カタログギフト	金券|カタログギフト|長期保有特典|社会貢献	209000.0	100.0	1.43	2.38
2024-10-15	2	7	8125	ワキタ	ホテル優待券	交通・旅行|暮らし	164000.0	100.0	6.09	4.26
2024-10-15	2	8	3087	ドトール・日レスホールディングス	株主優待カード	食事券|ポイントサービス	229000.0	100.0	0.43	2.0
2024-10-15	2	9	3479	ティーケーピー	優待券（宿泊、レストラン）	食事券|交通・旅行	146000.0	100.0	3.4	
2024-10-15	2	10	3387	クリエイト・レストランツ・ホールディングス	優待食事券	食事券|長期保有特典	116000.0	100.0	3.43	0.68
2024-10-15	2	11	3048	ビックカメラ	買物優待券	暮らし|長期保有特典	172000.0	100.0	1.74	2.09
2024-10-15	2	12	7453	良品計画	割引優待カード	食料品|暮らし	267000.0	100.0		1.49
2024-10-15	2	13	6897	ツインバード	株主優待クーポン	暮らし|長期保有特典	45000.0	100.0	4.35	2.83
2024-10-15	2	14	8233	高島屋	株主優待カード	暮らし	125000.0	100.0		1.58
2024-10-15	2	15	3030	ハブ	飲食優待カード	食事券|ポイントサービス|長期保有特典	76000.0	100.0	2.62	1.18
2024-10-15	2	16	7603	マックハウス	株主優待券	美容・ファッション|長期保有特典	25000.0	100.0	7.87	
2024-10-15	2	17	3198	ＳＦＰホールディングス	優待食事券	食事券	191000.0	100.0	4.16	1.35
2024-10-15	2	18	3977	フュージョン	ギフトカード	食料品|暮らし|美容・ファッション|社会貢献	44000.0	100.0	2.24	
2024-10-15	2	19	7630	壱番屋	優待食事券	食事券	103000.0	100.0	1.93	1.54
2024-10-15	2	20	2726	パルグループホールディングス	株主優待券	交通・旅行	259000.0	100.0		1.92
2024-10-15	3	1	9434	ソフトバンク	PayPayポイント	ポイントサービス|長期保有特典	19000.0	100.0		4.49
2024-10-15	3	2	9432	日本電信電話	dポイント付与	ポイントサービス|長期保有特典	14000.0	100.0		3.53
2024-10-15	3	3	7182	ゆうちょ銀行	オリジナルカタログ商品	食料品|カタログギフト|暮らし|社会貢献	697000.0	500.0	0.42	3.72
2024-10-15	3	4	7201	日産自動車	株主紹介特典制度	カタログギフト	39000.0	100.0		6.31
2024-10-15	3	5	4765	ＳＢＩグローバルアセットマネジメント	自社投資情報サービス、暗号資産（仮想通貨）	教養・娯楽|金融サービス|長期保有特典	58000.0	100.0	45.06	
2024-10-15	3	6	9980	ＭＲＫホールディングス	商品割引券、RIZAPグループ商品	ポイントサービス|美容・ファッション|長期保有特典	10000.0	100.0	48.54	0.97
2024-10-15	3	7	7602	レダックス	株主優待券	暮らし	15000.0	100.0	191.08	1.27
2024-10-15	3	8	5411	ＪＦＥホールディングス	自社工場見学会	教養・娯楽	186000.0	100.0		5.88
2024-10-15	3	9	2928	ＲＩＺＡＰグループ	優待品交換ポイント、優待券	カタログギフト|ポイントサービス|長期保有特典	24000.0	100.0	35.9	
2024-10-15	3	10	9101	日本郵船	飛鳥クルーズ優待割引券	交通・旅行	497000.0	100.0		5.23
2024-10-15	3	11	3205	ダイドーリミテッド	自社取扱品、買物割引券	美容・ファッション	85000.0	100.0		11.68
2024-10-15	3	12	9020	ＪＲ東日本	株主優待割引券、自社施設サービス券、人間ドック割引券	食事券|交通・旅行|長期保有特典	297000.0	100.0		1.74
2024-10-15	3	13	7267	ホンダ	イベント、見学会、オリジナルカレンダー	教養・娯楽|カレンダー|長期保有特典	154000.0	100.0		4.39
2024-10-15	3	14	3185	夢展望	自社グループ券	カタログギフト|暮らし|美容・ファッション	36000.0	300.0	40.65	
2024-10-15	3	15	7313	テイ・エス　テック	株主優待ポイント、QUOカード	金券|カタログギフト|ポイントサービス|長期保有特典	172000.0	100.0	0.29	4.82
2024-10-15	3	16	9104	商船三井	にっぽん丸クルーズ優待券、フェリー割引券、地域名産品	食料品|交通・旅行|長期保有特典	485000.0	100.0		5.77
2024-10-15	3	17	9433	ＫＤＤＩ	自社関連サービス	暮らし|ポイントサービス|長期保有特典|社会貢献	479000.0	100.0		3.02
2024-10-15	3	18	2222	寿スピリッツ	自社グループ製品詰合せ	食料品	198000.0	100.0	1.51	1.41
2024-10-15	3	19	6419	マースグループホールディングス	オリジナルQUOカード、地方特産品	食料品|金券	324000.0	100.0	0.3	6.0
2024-10-15	3	20	6301	コマツ	オリジナルミニチュア（非売品）	教養・娯楽|長期保有特典	1224000.0	300.0		4.09
2024-11-16	2	1	8905	イオンモール	自社商品券	金券|長期保有特典|社会貢献	200000.0	100.0	1.49	2.49
2024-11-16	2	2	3141	ウエルシアホールディングス	株主優待券、新潟県産こしひかり、 ポイント、カタログギフト	食料品|カタログギフト|暮らし|ポイントサービス	190000.0	100.0	1.57	1.89
2024-11-16	2	3	3382	セブン＆アイ・ホールディングス	グループ共通商品券	金券|長期保有特典	244000.0	100.0	0.81	1.63
2024-11-16	2	4	2930	北の達人コーポレーション	自社商品	美容・ファッション	15000.0	100.0	29.28	1.65
2024-11-16	2	5	8016	オンワードホールディングス	自社グループ製品	カタログギフト|美容・ファッション|長期保有特典	52000.0	100.0		4.6
2024-11-16	2	6	3087	ドトール・日レスホールディングス	株主優待カード	食事券|ポイントサービス	222000.0	100.0	0.45	2.07
2024-11-16	2	7	7630	壱番屋	優待食事券	食事券	101000.0	100.0	1.96	1.57
2024-11-16	2	8	3198	ＳＦＰホールディングス	優待食事券	食事券	191000.0	100.0	4.17	1.35
2024-11-16	2	9	8267	イオン	株主優待カード、自社グル―プ優待券	金券|暮らし|長期保有特典	375000.0	100.0		1.06
2024-11-16	2	10	8008	ヨンドシーホールディングス	株主優待券、自社商品、寄付	金券|暮らし|美容・ファッション|社会貢献	181000.0	100.0	0.27	4.56
2024-11-16	2	11	3387	クリエイト・レストランツ・ホールディングス	優待食事券	食事券|長期保有特典	116000.0	100.0	3.42	0.68
2024-11-16	2	12	8125	ワキタ	ホテル優待券	交通・旅行|暮らし	155000.0	100.0	6.41	4.49
2024-11-16	2	13	3030	ハブ	飲食優待カード	食事券|ポイントサービス|長期保有特典	73000.0	100.0	2.7	1.21
2024-11-16	2	14	6897	ツインバード	株主優待クーポン	暮らし|長期保有特典	45000.0	100.0	4.44	2.88
2024-11-16	2	15	7512	イオン北海道	株主優待券	金券|暮らし|長期保有特典	87000.0	100.0		1.82
2024-11-16	2	16	3050	ＤＣＭホールディングス	買物優待券	暮らし|長期保有特典	140000.0	100.0	0.35	3.12
2024-11-16	2	17	7453	良品計画	割引優待カード	食料品|暮らし	278000.0	100.0		1.43
2024-11-16	2	18	8198	マックスバリュ東海	株主優待商品	食料品|食事券	329000.0	100.0	1.51	2.28
2024-11-16	2	19	3479	ティーケーピー	優待券（宿泊、レストラン）	食事券|交通・旅行	124000.0	100.0	4.01	
2024-11-16	2	20	3546	アレンザホールディングス	JCBギフト券	金券	108000.0	100.0	0.92	3.51
2024-11-17	1	1	3071	ストリーム	株主優待割引券	暮らし	10000.0	100.0	10.0	3.0
2024-11-17	1	2	1928	積水ハウス	新潟県魚沼産コシヒカリ	食料品	3561000.0	1000.0		3.62
2024-11-17	1	3	3415	ＴＯＫＹＯ　ＢＡＳＥ	買物優待券	暮らし|美容・ファッション|長期保有特典	27000.0	100.0	7.29	1.82
2024-11-17	1	4	8142	トーホー	買物割引券、自社製品、寄付	食料品|食事券|暮らし|長期保有特典|社会貢献	273000.0	100.0	0.36	4.02
2024-11-17	1	5	3246	コーセーアールイー	QUOカード	金券|長期保有特典	72000.0	100.0		3.32
2024-11-17	1	6	3169	ミサワ	株主限定商品、優待券	暮らし|長期保有特典	67000.0	100.0		1.18
2024-11-17	1	7	2997	ストレージ王	トランクルーム割引､QUOカード	金券|暮らし|長期保有特典	95000.0	100.0	5.22	
2024-11-17	1	8	3070	ジェリービーンズグループ	自社EC サイト・クーポン	暮らし|美容・ファッション	10000.0	100.0	27.52	
2024-11-17	1	9	7590	タカショー	プレミアム優待倶楽部ポイント、特別販売カタログ	カタログギフト|ポイントサービス|カレンダー|プレミアム優待倶楽部	47000.0	100.0	6.35	1.05
2024-11-17	1	10	2353	日本駐車場開発	自社施設利用券（電子チケット）	交通・旅行|暮らし|教養・娯楽	110000.0	500.0		3.18
2024-11-17	1	11	9632	スバル興業	ＴＯＨＯシネマズ ギフトカード	教養・娯楽|長期保有特典	1515000.0	500.0	0.13	2.64
2024-11-17	1	12	3320	クロスプラス	オンラインストアクーポン券	ポイントサービス|美容・ファッション|長期保有特典	107000.0	100.0	2.79	2.79
2024-11-17	1	13	2590	ダイドーグループホールディングス	自社グループ商品詰合せ	食料品|長期保有特典	587000.0	200.0		1.02
2024-11-17	1	14	7683	ダブルエー	株主優待券	美容・ファッション	135000.0	100.0		1.25
2024-11-17	1	15	2424	ブラス	QUOカード・自社ギフト	金券|暮らし|長期保有特典	54000.0	100.0		1.48
2024-11-17	1	16	7674	ＮＡＴＴＹ　ＳＷＡＮＫＹホールディングス	食事券（電子チケット）	食事券	334000.0	100.0	5.98	
2024-11-17	1	17	3399	丸千代山岡家	株主優待券	食料品|食事券	371000.0	100.0	0.51	0.13
2024-11-17	1	18	8013	ナイガイ	自社オンラインショップ利用ポイント	ポイントサービス|美容・ファッション|長期保有特典	23000.0	100.0		
2024-11-17	1	19	7118	伸和ホールディングス	上場記念株主優待（自社商品）	食料品|食事券	159000.0	100.0	7.5	2.0
2024-11-17	1	20	3193	エターナルホスピタリティグループ	優待食事券（電子チケット）	ポイントサービス	335000.0	100.0	0.59	1.37
2024-11-17	7	1	7196	Ｃａｓａ	QUOカード	金券	84000.0	100.0	1.18	3.54
2024-11-17	7	2	3159	丸善ＣＨＩホールディングス	自社商品券	暮らし	31000.0	100.0	1.58	0.95
2024-11-17	7	3	2217	モロゾフ	株主優待券または自社商品、オンラインショップ優待割引	食料品|食事券|長期保有特典	450000.0	100.0	0.44	1.73
2024-11-17	7	4	7810	クロスフォー	自社製品（ジュエリー）クーポン券	美容・ファッション	160000.0	1000.0	6.25	0.21
2024-11-17	7	5	3070	ジェリービーンズグループ	自社EC サイト・クーポン	暮らし|美容・ファッション	10000.0	100.0	27.52	
2024-11-17	7	6	7590	タカショー	プレミアム優待倶楽部ポイント、特別販売カタログ	カタログギフト|ポイントサービス|カレンダー|プレミアム優待倶楽部	47000.0	100.0	6.35	1.05
2024-11-17	7	7	3418	バルニバービ	電子チケット	食事券|暮らし|長期保有特典	115000.0	100.0	2.6	0.65
2024-11-17	7	8	3539	ＪＭホールディングス	精肉関連商品、グループ商品券	食料品|長期保有特典	279000.0	100.0		1.57
2024-11-17	7	9	2353	日本駐車場開発	自社施設利用券（電子チケット）	交通・旅行|暮らし|教養・娯楽	110000.0	500.0		3.18
2024-11-17	7	10	4014	カラダノート	ミネラルウォーター	食料品	50000.0	100.0	7.3	
2024-11-17	7	11	6091	ウエスコホールディングス	四国・神戸水族館の入場券	教養・娯楽	60000.0	100.0		3.62
2024-11-17	7	12	2590	ダイドーグループホールディングス	自社グループ商品詰合せ	食料品|長期保有特典	587000.0	200.0		1.02
2024-11-17	7	13	7683	ダブルエー	株主優待券	美容・ファッション	135000.0	100.0		1.25
2024-11-17	7	14	2424	ブラス	QUOカード・自社ギフト	金券|暮らし|長期保有特典	54000.0	100.0		1.48
2024-11-17	7	15	3172	ティーライフ	株主優待券	暮らし	120000.0	100.0	0.82	3.31
2024-11-17	7	16	7674	ＮＡＴＴＹ　ＳＷＡＮＫＹホールディングス	食事券（電子チケット）	食事券	334000.0	100.0	5.98	
2024-11-17	7	17	6577	ベストワンドットコム	株主優待割引券､QUOカード	金券|交通・旅行	271000.0	100.0	3.68	0.66
2024-11-17	7	18	6040	日本スキー場開発	自社レジャー施設優待券	暮らし|スポーツ	101000.0	100.0		0.98
2024-11-17	7	19	3399	丸千代山岡家	株主優待券	食料品|食事券	371000.0	100.0	0.51	0.13
2024-11-17	7	20	3193	エターナルホスピタリティグループ	優待食事券（電子チケット）	ポイントサービス	335000.0	100.0	0.59	1.37
2024-11-18	12	1	1605	ＩＮＰＥＸ	QUOカード、施設見学会	金券|教養・娯楽|長期保有特典|社会貢献	204000.0	100.0		4.21
2024-11-18	12	2	9160	ノバレーゼ	カタログギフト、食事割引券	食料品|食事券|カタログギフト|長期保有特典	36000.0	100.0	5.54	
2024-11-18	12	3	2503	キリンホールディングス	自社商品詰合せ	食料品|美容・ファッション|長期保有特典|社会貢献	211000.0	100.0		3.36
2024-11-18	12	4	6425	ユニバーサルエンターテインメント	オリジナルQUOカード	金券|長期保有特典	100000.0	100.0		2.97
2024-11-18	12	5	4755	楽天グループ	楽天モバイル・データ通信用eSIM	暮らし|長期保有特典	88000.0	100.0		
2024-11-18	12	6	7613	シークス	ギフトカード、旅行企画品	金券|交通・旅行|長期保有特典	113000.0	100.0	0.88	4.22
2024-11-18	12	7	3053	ペッパーフードサービス	自社商品、食事券	食料品|食事券	91000.0	500.0	3.29	
2024-11-18	12	8	4221	大倉工業	自社ホテル利用券 、QUOカード	食事券|金券	308000.0	100.0	0.97	5.02
2024-11-18	12	9	4911	資生堂	自社グループ製品	食料品|ポイントサービス|美容・ファッション|長期保有特典|社会貢献	276000.0	100.0		2.16
2024-11-18	12	10	4927	ポーラ・オルビスホールディングス	株主優待ポイント	カタログギフト|ポイントサービス|美容・ファッション|長期保有特典	137000.0	100.0	1.08	3.77
2024-11-18	12	11	3003	ヒューリック	カタログギフト	カタログギフト|長期保有特典|社会貢献	431000.0	300.0	0.69	3.75
2024-11-18	12	12	3197	すかいらーくホールディングス	優待カード	食事券	220000.0	100.0	1.81	0.79
2024-11-18	12	13	7172	ジャパンインベストメントアドバイザー	オリジナルQUOカード、新聞購読券	金券|教養・娯楽|長期保有特典	110000.0	100.0	8.12	2.16
2024-11-18	12	14	9416	ビジョン	自社サービス利用券、QUOカード	金券|交通・旅行|暮らし	132000.0	100.0	9.03	2.03
2024-11-18	12	15	3105	日清紡ホールディングス	自社製品詰合せ、寄付	暮らし|社会貢献	887000.0	1000.0	0.33	4.05
2024-11-18	12	16	5301	東海カーボン	カタログギフト	カタログギフト|長期保有特典	92000.0	100.0		3.23
2024-11-18	12	17	4912	ライオン	自社製品詰合せ	暮らし	174000.0	100.0		1.54
2024-11-18	12	18	7128	フルサト・マルカホールディングス	QUOカード	金券|長期保有特典	224000.0	100.0	0.22	4.77
2024-11-18	12	19	6029	アトラグループ	自社グループ商品（ヘルスケア）	暮らし	13000.0	100.0	30.3	
2024-11-18	12	20	3474	Ｇ－ＦＡＣＴＯＲＹ	グループ食事券	食事券	71000.0	100.0	4.2	
2024-11-19	3	1	9434	ソフトバンク	PayPayポイント	ポイントサービス|長期保有特典	19000.0	100.0		4.42
2024-11-19	3	2	9432	日本電信電話	dポイント付与	ポイントサービス|長期保有特典	15000.0	100.0		3.35
2024-11-19	3	3	7277	ＴＢＫ	東北地方ブランド米、またはQUOカード	食料品|金券|長期保有特典	27000.0	100.0		2.89
2024-11-19	3	4	4765	ＳＢＩグローバルアセットマネジメント	自社投資情報サービス、暗号資産（仮想通貨）	教養・娯楽|金融サービス|長期保有特典	62000.0	100.0	42.67	
2024-11-19	3	5	7267	ホンダ	イベント、見学会、オリジナルカレンダー	教養・娯楽|カレンダー|長期保有特典	136000.0	100.0		4.99
2024-11-19	3	6	4310	ドリームインキュベータ	プレミアム優待倶楽部ポイント	カタログギフト|ポイントサービス|長期保有特典|プレミアム優待倶楽部	289000.0	100.0	0.51	14.62
2024-11-19	3	7	2928	ＲＩＺＡＰグループ	優待品交換ポイント、優待券	カタログギフト|ポイントサービス|長期保有特典	25000.0	100.0	35.76	
2024-11-19	3	8	7602	レダックス	株主優待券	暮らし	15000.0	100.0	197.36	1.31
2024-11-19	3	9	7182	ゆうちょ銀行	オリジナルカタログ商品	食料品|カタログギフト|暮らし|社会貢献	723000.0	500.0	0.41	3.87
2024-11-19	3	10	5411	ＪＦＥホールディングス	自社工場見学会	教養・娯楽	175000.0	100.0		5.7
2024-11-19	3	11	2269	明治ホールディングス	自社グループ製品詰合せ	食料品|社会貢献	326000.0	100.0	0.45	3.06
2024-11-19	3	12	9433	ＫＤＤＩ	自社関連サービス	食料品|暮らし|ポイントサービス|長期保有特典|社会貢献	502000.0	100.0		2.88
2024-11-19	3	13	9980	ＭＲＫホールディングス	商品割引券、RIZAPグループ商品	ポイントサービス|美容・ファッション|長期保有特典	10000.0	100.0	50.0	1.0
2024-11-19	3	14	9101	日本郵船	飛鳥クルーズ優待割引券	交通・旅行	507000.0	100.0		5.12
2024-11-19	3	15	2801	キッコーマン	自社グループ商品詰合せ	食料品|長期保有特典|社会貢献	169000.0	100.0		1.24
2024-11-19	3	16	3880	大王製紙	自社商品	暮らし|長期保有特典	81000.0	100.0		1.97
2024-11-19	3	17	8742	小林洋行	全国共通おこめ券	金券|長期保有特典	26000.0	100.0		
2024-11-19	3	18	3185	夢展望	自社グループ券	カタログギフト|暮らし|美容・ファッション	38000.0	300.0	39.06	
2024-11-19	3	19	7337	ひろぎんホールディングス	地元特産品、招待券	食料品|金券|カタログギフト|教養・娯楽|金融サービス	113000.0	100.0	0.44	4.15
2024-11-19	3	20	9021	ＪＲ西日本	鉄道優待、グループ優待	食事券|交通・旅行|長期保有特典	273000.0	100.0		2.71
2024-11-19	8	1	7445	ライトオン	買物優待券	美容・ファッション	20000.0	100.0	14.92	
2024-11-19	8	2	3815	メディア工房	QUOカードPay	ポイントサービス|長期保有特典	44000.0	100.0	9.09	
2024-11-19	8	3	2404	鉄人化ホールディングス	優待食事券	食料品|食事券|暮らし	42000.0	100.0	6.99	
2024-11-19	8	4	7630	壱番屋	優待食事券	食事券	101000.0	100.0	1.97	1.58
2024-11-19	8	5	3198	ＳＦＰホールディングス	優待食事券	食事券	191000.0	100.0	4.17	1.35
2024-11-19	8	6	8267	イオン	株主優待カード、自社グル―プ優待券	金券|暮らし|長期保有特典	373000.0	100.0		1.07
2024-11-19	8	7	3387	クリエイト・レストランツ・ホールディングス	優待食事券	食事券|長期保有特典	116000.0	100.0	3.43	0.68
2024-11-19	8	8	7453	良品計画	割引優待カード	食料品|暮らし	293000.0	100.0		1.36
2024-11-19	8	9	3543	コメダホールディングス	プリペイドカード「ＫＯＭＥＣＡ」チャージ	食事券|長期保有特典	284000.0	100.0	0.7	1.89
2024-11-19	8	10	3562	Ｎｏ．１	QUOカード	金券	489000.0	300.0	6.13	2.14
2024-11-19	8	11	9861	吉野家ホールディングス	買物優待券	食事券	312000.0	100.0	1.27	0.64
2024-11-19	8	12	3557	ユナイテッド＆コレクティブ	食事優待券（電子）	食事券	103000.0	100.0	9.68	
2024-11-19	8	13	8904	ＡＶＡＮＴＩＡ	QUOカード	金券|長期保有特典	77000.0	100.0		4.92
2024-11-19	8	14	3063	ジェイグループホールディングス	優待食事券	食事券	67000.0	100.0	5.89	0.59
2024-11-19	8	15	3548	バロックジャパンリミテッド	店舗、通販サイトで利用可能なクーポン	美容・ファッション	77000.0	100.0	5.16	4.9
2024-11-19	8	16	9979	大庄	優待飲食券	食事券	103000.0	100.0	5.81	1.35
2024-11-19	8	17	3073	ＤＤグループ	株主優待券（電子）	食料品|ポイントサービス	134000.0	100.0	4.47	
2024-11-19	8	18	9418	Ｕ－ＮＥＸＴ　ＨＯＬＤＩＮＧＳ	コンテンツ配信サービス｢U-NEXT｣	暮らし|ポイントサービス|長期保有特典	492000.0	100.0	0.2	0.85
2024-11-19	8	19	3048	ビックカメラ	買物優待券	暮らし|長期保有特典	171000.0	100.0	1.74	2.09
2024-11-19	8	20	4668	明光ネットワークジャパン	QUOカード	金券|長期保有特典	71000.0	100.0	0.7	3.66
2024-11-25	4	1	2198	アイ・ケイ・ケイホールディングス	優待食事券、株主優待商品	食料品|食事券	72000.0	100.0	2.75	3.31
2024-11-25	4	2	6630	ヤーマン	自社商品・優待割引券	美容・ファッション|長期保有特典	77000.0	100.0	6.41	1.15
2024-11-25	4	3	2695	くら寿司	優待割引券（電子チケット）	食事券	384000.0	100.0		0.52
2024-11-25	4	4	2593	伊藤園	自社製品詰合せ、自社通信販売製品割引	食料品|暮らし	314000.0	100.0	0.47	1.4
2024-11-25	4	5	2294	柿安本店	優待利用券	食料品|食事券|長期保有特典	275000.0	100.0	0.36	3.08
2024-11-25	4	6	8894	ＲＥＶＯＬＵＴＩＯＮ	QUOカードPay	ポイントサービス|長期保有特典	1242000.0	2000.0		
2024-11-25	4	7	1873	日本ハウスホールディングス	自社製品（ジャム詰合せ）	食料品	326000.0	1000.0		3.37
2024-11-25	4	8	8917	ファースト住建	QUOカード、優待品	食料品|金券|長期保有特典	100000.0	100.0		4.29
2024-11-25	4	9	7804	ビーアンドピー	QUOカード	金券|長期保有特典	164000.0	100.0		3.64
2024-11-25	4	10	3121	マーチャント・バンカーズ	QUOカード、自社販売商品	食料品|金券|暮らし|長期保有特典	81000.0	300.0	3.69	0.73
2024-11-25	4	11	9603	エイチ・アイ・エス	株主優待券、自社施設優待券	交通・旅行|教養・娯楽	183000.0	100.0	2.72	0.54
2024-11-25	4	12	1436	グリーンエナジー＆カンパニー	QUOカード	金券	615000.0	300.0	4.87	0.63
2024-11-25	4	13	3180	ビューティガレージ	自社オリジナル商品	美容・ファッション|長期保有特典	143000.0	100.0	2.52	0.97
2024-11-25	4	14	2751	テンポスホールディングス	優待食事券	食事券	344000.0	100.0	2.46	0.26
2024-11-25	4	15	8079	正栄食品工業	自社製品詰合せ	食料品	446000.0	100.0		1.12
2024-11-25	4	16	9279	ギフトホールディングス	食事優待券（電子チケット）	食事券	349000.0	100.0		0.51
2024-11-25	4	17	7604	梅の花	株主優待証	食事券	90000.0	100.0		1.1
2024-11-25	4	18	1383	ベルグアース	QUOカード、メロン等	食料品|金券|暮らし	308000.0	100.0	0.32	0.32
2024-11-25	4	19	2910	ロック・フィールド	そうざい券、株主向け会社見学会へのご招待	食事券|教養・娯楽|長期保有特典	147000.0	100.0	0.67	1.55
2024-11-25	4	20	2438	アスカネット	自社サービス優待割引券	暮らし	49000.0	100.0	2.0	1.4
2024-11-30	12	1	1605	ＩＮＰＥＸ	QUOカード、施設見学会	金券|教養・娯楽|長期保有特典|社会貢献	197000.0	100.0		4.35
2024-11-30	12	2	9160	ノバレーゼ	カタログギフト、食事割引券	食料品|食事券|カタログギフト|長期保有特典	36000.0	100.0	5.47	
2024-11-30	12	3	2503	キリンホールディングス	自社商品詰合せ	食料品|美容・ファッション|長期保有特典|社会貢献	208000.0	100.0		3.39
2024-11-30	12	4	3003	ヒューリック	カタログギフト	カタログギフト|長期保有特典|社会貢献	404000.0	300.0	0.74	4.0
2024-11-30	12	5	4221	大倉工業	自社ホテル利用券 、QUOカード	食事券|金券	310000.0	100.0	0.96	4.99
2024-11-30	12	6	7613	シークス	ギフトカード、旅行企画品	金券|交通・旅行|長期保有特典	112000.0	100.0	0.89	4.28
2024-11-30	12	7	4755	楽天グループ	楽天モバイル・データ通信用eSIM	暮らし|長期保有特典	85000.0	100.0		
2024-11-30	12	8	3053	ペッパーフードサービス	自社商品、食事券	食料品|食事券	95000.0	500.0	3.15	
2024-11-30	12	9	4927	ポーラ・オルビスホールディングス	株主優待ポイント	カタログギフト|ポイントサービス|美容・ファッション|長期保有特典	136000.0	100.0	1.09	3.8
2024-11-30	12	10	3197	すかいらーくホールディングス	優待カード	食事券	227000.0	100.0	1.75	0.76
2024-11-30	12	11	6425	ユニバーサルエンターテインメント	オリジナルQUOカード	金券|長期保有特典	106000.0	100.0		2.82
2024-11-30	12	12	5301	東海カーボン	カタログギフト	カタログギフト|長期保有特典	90000.0	100.0		3.31
2024-11-30	12	13	3105	日清紡ホールディングス	自社製品詰合せ、寄付	暮らし|社会貢献	878000.0	1000.0	0.34	4.09
2024-11-30	12	14	4911	資生堂	自社グループ製品	食料品|ポイントサービス|美容・ファッション|長期保有特典|社会貢献	285000.0	100.0		2.1
2024-11-30	12	15	7128	フルサト・マルカホールディングス	QUOカード	金券|長期保有特典	229000.0	100.0	0.21	4.66
2024-11-30	12	16	2501	サッポロホールディングス	自社商品詰合せ、優待食事割引券	食料品|食事券|長期保有特典|社会貢献	884000.0	100.0	0.11	0.58
2024-11-30	12	17	7172	ジャパンインベストメントアドバイザー	オリジナルQUOカード、新聞購読券	金券|教養・娯楽|長期保有特典	108000.0	100.0	8.3	2.21
2024-11-30	12	18	4912	ライオン	自社製品詰合せ	暮らし	178000.0	100.0		1.51
2024-11-30	12	19	4404	ミヨシ油脂	QUOカード	金券	145000.0	100.0	0.68	4.13
2024-11-30	12	20	6029	アトラグループ	自社グループ商品（ヘルスケア）	暮らし	12000.0	100.0	31.0	
2024-12-05	1	1	3071	ストリーム	株主優待割引券	暮らし	10000.0	100.0	9.9	2.97
2024-12-05	1	2	3415	ＴＯＫＹＯ　ＢＡＳＥ	買物優待券	暮らし|美容・ファッション|長期保有特典	31000.0	100.0	6.41	1.6
2024-12-05	1	3	1928	積水ハウス	新潟県魚沼産コシヒカリ	食料品	3626000.0	1000.0		3.55
2024-12-05	1	4	7118	伸和ホールディングス	上場記念株主優待（自社商品）	食料品|食事券	168000.0	100.0	7.13	1.9
2024-12-05	1	5	8142	トーホー	買物割引券、自社製品、寄付	食料品|食事券|暮らし|長期保有特典|社会貢献	280000.0	100.0	0.35	3.92
2024-12-05	1	6	3246	コーセーアールイー	QUOカード	金券|長期保有特典	70000.0	100.0		3.38
2024-12-05	1	7	3169	ミサワ	株主限定商品、優待券	暮らし|長期保有特典	67000.0	100.0		1.18
2024-12-05	1	8	2997	ストレージ王	トランクルーム割引､QUOカード	金券|暮らし|長期保有特典	92000.0	100.0	5.39	
2024-12-05	1	9	7590	タカショー	プレミアム優待倶楽部ポイント、特別販売カタログ	カタログギフト|ポイントサービス|カレンダー|プレミアム優待倶楽部	45000.0	100.0	6.63	1.1
2024-12-05	1	10	3070	ジェリービーンズグループ	自社EC サイト・クーポン	暮らし|美容・ファッション	10000.0	100.0	28.03	
2024-12-05	1	11	2353	日本駐車場開発	自社施設利用券（電子チケット）	交通・旅行|暮らし|教養・娯楽	112000.0	500.0		3.12
2024-12-05	1	12	3320	クロスプラス	オンラインストアクーポン券	ポイントサービス|美容・ファッション|長期保有特典	106000.0	100.0	2.8	2.8
2024-12-05	1	13	9632	スバル興業	ＴＯＨＯシネマズ ギフトカード	教養・娯楽|長期保有特典	1535000.0	500.0	0.13	2.6
2024-12-05	1	14	2424	ブラス	QUOカード・自社ギフト	金券|暮らし|長期保有特典	54000.0	100.0		1.47
2024-12-05	1	15	2590	ダイドーグループホールディングス	自社グループ商品詰合せ	食料品|長期保有特典	710000.0	200.0		0.84
2024-12-05	1	16	3662	エイチーム	QUOカード	金券	430000.0	500.0	4.65	2.55
2024-12-05	1	17	3399	丸千代山岡家	株主優待券	食料品|食事券	447000.0	100.0	0.43	0.11
2024-12-05	1	18	3193	エターナルホスピタリティグループ	優待食事券（電子チケット）	ポイントサービス	326000.0	100.0	0.61	1.41
2024-12-05	1	19	3421	稲葉製作所	オリジナル図書カード、地域特産品	食料品|金券	177000.0	100.0	0.56	2.37
2024-12-05	1	20	7674	ＮＡＴＴＹ　ＳＷＡＮＫＹホールディングス	食事券（電子チケット）	食事券	334000.0	100.0	5.98	
2025-01-14	9	1	6181	タメニー	自社サービス利用券	暮らし	10000.0	100.0	280.37	
2025-01-14	9	2	8798	アドバンスクリエイト	カタログギフト	カタログギフト|暮らし	51000.0	100.0	7.42	3.41
2025-01-14	9	3	9104	商船三井	にっぽん丸クルーズ優待券、フェリー割引券、地域名産品	食料品|交通・旅行|長期保有特典	526000.0	100.0		5.7
2025-01-14	9	4	2694	焼肉坂井ホールディングス	自社グループ優待券、優待割引券	食事券|長期保有特典	7000.0	100.0	14.28	
2025-01-14	9	5	3205	ダイドーリミテッド	自社取扱品、買物割引券	美容・ファッション	94000.0	100.0		10.56
2025-01-14	9	6	7593	ＶＴホールディングス	自社グループ優待券（レンタカー利用等）	交通・旅行	49000.0	100.0	80.16	4.81
2025-01-14	9	7	2340	極楽湯ホールディングス	自社無料入浴券	暮らし|長期保有特典	47000.0	100.0		
2025-01-14	9	8	7885	タカノ	株主優待商品	食料品	71000.0	100.0	1.4	2.81
2025-01-14	9	9	3814	アルファクス・フード・システム	自社ホテル宿泊券	交通・旅行	32000.0	100.0	21.27	
2025-01-14	9	10	3397	トリドールホールディングス	株主優待カード（電子式）	食事券|長期保有特典	360000.0	100.0	1.66	0.27
2025-01-14	9	11	4661	オリエンタルランド	自社レジャー施設優待券	教養・娯楽|長期保有特典	1647000.0	500.0	0.47	0.42
2025-01-14	9	12	5401	日本製鉄	Ｊリーグ観戦チケット、自社工場見学	教養・娯楽|スポーツ	3010000.0	1000.0		5.31
2025-01-14	9	13	9831	ヤマダホールディングス	自社優待割引券	暮らし	44000.0	100.0		2.95
2025-01-14	9	14	9202	ＡＮＡホールディングス	株主優待航空割引･自社グループ優待券･カレンダー	食事券|交通・旅行|暮らし|スポーツ|カレンダー|長期保有特典	278000.0	100.0		1.79
2025-01-14	9	15	8864	空港施設	レストラン食事券	食事券	57000.0	100.0	8.72	3.14
2025-01-14	9	16	2208	ブルボン	自社グループ製品詰合せ、新潟県ブランド米	食料品|長期保有特典	233000.0	100.0		1.58
2025-01-14	9	17	2201	森永製菓	自社商品、寄付	食料品|長期保有特典|社会貢献	264000.0	100.0		2.27
2025-01-14	9	18	3289	東急不動産ホールディングス	優待ポイント、自社リゾートホテル割引券、スポーツ・施設優待券	食料品|カタログギフト|交通・旅行|ポイントサービス|スポーツ|長期保有特典|社会貢献	93000.0	100.0		3.62
2025-01-14	9	19	9201	日本航空	株主優待航空割引券	交通・旅行|長期保有特典	243000.0	100.0		3.29
2025-01-14	9	20	3372	関門海	株主優待券	食事券	21000.0	100.0	16.75	
2025-01-24	12	1	1605	ＩＮＰＥＸ	QUOカード、施設見学会	金券|教養・娯楽|長期保有特典|社会貢献	188000.0	100.0		4.55
2025-01-24	12	2	2503	キリンホールディングス	自社商品詰合せ	食料品|美容・ファッション|長期保有特典|社会貢献	192000.0	100.0		3.68
2025-01-24	12	3	4755	楽天グループ	楽天モバイル回線	暮らし	91000.0	100.0		
2025-01-24	12	4	3003	ヒューリック	カタログギフト	カタログギフト|長期保有特典|社会貢献	407000.0	300.0		3.97
2025-01-24	12	5	9160	ノバレーゼ	カタログギフト、食事割引券	食料品|食事券|カタログギフト|長期保有特典	29000.0	100.0	6.84	
2025-01-24	12	6	3053	ペッパーフードサービス	自社商品、食事券	食料品|食事券	76000.0	500.0	3.92	
2025-01-24	12	7	2702	日本マクドナルドホールディングス	優待食事券	食事券|長期保有特典	566000.0	100.0		0.74
2025-01-24	12	8	4911	資生堂	自社グループ製品	食料品|ポイントサービス|美容・ファッション|長期保有特典|社会貢献	258000.0	100.0		2.31
2025-01-24	12	9	3197	すかいらーくホールディングス	優待カード	食事券	228000.0	100.0	1.74	0.76
2025-01-24	12	10	6029	アトラグループ	自社グループ商品（ヘルスケア）	暮らし	12000.0	100.0	35.26	
2025-01-24	12	11	7613	シークス	ギフトカード、旅行企画品	金券|交通・旅行|長期保有特典	114000.0	100.0	0.87	4.18
2025-01-24	12	12	4912	ライオン	自社製品詰合せ	暮らし	165000.0	100.0		1.63
2025-01-24	12	13	7172	ジャパンインベストメントアドバイザー	オリジナルQUOカード、新聞購読券	金券|教養・娯楽|長期保有特典	121000.0	100.0	7.42	1.98
2025-01-24	12	14	4927	ポーラ・オルビスホールディングス	株主優待ポイント	カタログギフト|ポイントサービス|美容・ファッション|長期保有特典	138000.0	100.0	1.08	3.75
2025-01-24	12	15	5301	東海カーボン	カタログギフト	カタログギフト|長期保有特典	88000.0	100.0		3.39
2025-01-24	12	16	3350	メタプラネット	ホテル宿泊割引、ビットコイン関連優待	交通・旅行|金融サービス	399000.0	100.0		
2025-01-24	12	17	9416	ビジョン	自社サービス利用券、QUOカード	金券|交通・旅行|暮らし	112000.0	100.0	10.64	2.39
2025-01-24	12	18	3105	日清紡ホールディングス	自社製品詰合せ、寄付	暮らし|社会貢献	889000.0	1000.0	0.33	4.04
2025-01-24	12	19	4221	大倉工業	自社ホテル利用券 、QUOカード	食事券|金券	303000.0	100.0	0.99	5.11
2025-01-24	12	20	3097	物語コーポレーション	優待電子カード	食事券|ポイントサービス	330000.0	100.0	2.11	1.08
2025-02-12	6	1	2811	カゴメ	自社製品詰合せ、オリジナル記念品	食料品|長期保有特典	282000.0	100.0		1.69
2025-02-12	6	2	2702	日本マクドナルドホールディングス	優待食事券	食事券|長期保有特典	606000.0	100.0		0.92
2025-02-12	6	3	7272	ヤマハ発動機	株主優待ポイント、オリジナルカレンダー	ポイントサービス|スポーツ|カレンダー|長期保有特典|社会貢献	123000.0	100.0		4.03
2025-02-12	6	4	3326	ランシステム	QUOカード、優待券、ギフトカード	金券|教養・娯楽	53000.0	100.0	3.73	
2025-02-12	6	5	3197	すかいらーくホールディングス	優待カード	食事券	247000.0	100.0	1.61	0.7
2025-02-12	6	6	9416	ビジョン	自社サービス利用券、QUOカード	金券|交通・旅行|暮らし	119000.0	100.0	10.0	2.25
2025-02-12	6	7	3191	ジョイフル本田	自社商品券、または茨城県特産品	食料品|カタログギフト|暮らし|社会貢献	190000.0	100.0	1.05	3.36
2025-02-12	6	8	9439	エム・エイチ・グループ	オンラインストア株主優待券	美容・ファッション|長期保有特典	19000.0	100.0	16.23	0.25
2025-02-12	6	9	3097	物語コーポレーション	優待電子カード	食事券|ポイントサービス	342000.0	100.0	2.04	1.05
2025-02-12	6	10	3140	ＢＲＵＮＯ	RIZAPグループ商品	カタログギフト	99000.0	100.0	9.0	0.4
2025-02-12	6	11	2752	フジオフードグループ本社	自社オリジナル商品詰合せ	食料品|食事券	112000.0	100.0	5.31	
2025-02-12	6	12	7135	ジャパンクラフトホールディングス	買物優待券	暮らし|長期保有特典	13000.0	100.0	14.49	2.17
2025-02-12	6	13	3286	トラストホールディングス	九州特産品	食料品|カタログギフト	252000.0	300.0	3.17	1.9
2025-02-12	6	14	3807	フィスコ	自社サービス無料クーポン（IPOナビ）	金融サービス	18000.0	100.0	64.17	
2025-02-12	6	15	3469	デュアルタップ	QUOカード	金券|長期保有特典	110000.0	100.0	3.61	1.13
2025-02-12	6	16	2206	江崎グリコ	自社グループ製品詰合せ	食料品|長期保有特典	461000.0	100.0	0.21	1.95
2025-02-12	6	17	5884	クラダシ	自社オンラインストア・ギフトカード	食料品	31000.0	100.0	6.28	
2025-02-12	6	18	3242	アーバネットコーポレーション	QUOカード	金券	217000.0	500.0	2.3	4.83
2025-02-12	6	19	8165	千趣会	買物優待券	暮らし|長期保有特典	24000.0	100.0	8.33	
2025-02-12	6	20	2762	ＳＡＮＫＯ　ＭＡＲＫＥＴＩＮＧ　ＦＯＯＤＳ	自社商品・割引券	食料品|食事券	10000.0	100.0		
2025-03-26	10	1	8917	ファースト住建	QUOカード、優待品	食料品|金券|長期保有特典	111000.0	100.0		3.87
2025-03-26	10	2	7856	萩原工業	株主優待品（QUOカード、食料品等）	食料品|金券|暮らし|長期保有特典|社会貢献	156000.0	100.0	0.63	4.15
2025-03-26	10	3	9603	エイチ・アイ・エス	株主優待券、自社施設優待券	交通・旅行|教養・娯楽	149000.0	100.0	3.35	
2025-03-26	10	4	9251	ＡＢ＆Ｃｏｍｐａｎｙ	オンラインストア優待券	美容・ファッション	93000.0	100.0	8.59	3.01
2025-03-26	10	5	9444	トーシンホールディングス	自社商品券、自社施設利用無料券	暮らし|スポーツ	64000.0	100.0		3.09
2025-03-26	10	6	3121	マーチャント・バンカーズ	QUOカード、自社販売商品	食料品|金券|暮らし|長期保有特典	93000.0	300.0	3.22	0.64
2025-03-26	10	7	3038	神戸物産	JCB ギフトカード	金券|長期保有特典	346000.0	100.0	0.28	0.75
2025-03-26	10	8	7604	梅の花	株主優待証	食事券	85000.0	100.0		1.17
2025-03-26	10	9	6309	巴工業	自社関連商品	食料品|長期保有特典	431000.0	100.0		3.43
2025-03-26	10	10	1436	グリーンエナジー＆カンパニー	QUOカード	金券	755000.0	300.0	3.97	0.51
2025-03-26	10	11	9279	ギフトホールディングス	食事優待券（電子チケット）	食事券	298000.0	100.0		0.73
2025-03-26	10	12	8079	正栄食品工業	自社製品詰合せ	食料品	413000.0	100.0		1.45
2025-03-26	10	13	2751	テンポスホールディングス	優待食事券	食事券	369000.0	100.0	2.3	0.24
2025-03-26	10	14	3329	東和フードサービス	優待食事券	食料品|食事券	211000.0	100.0	1.18	0.94
2025-03-26	10	15	2910	ロック・フィールド	そうざい券、株主向け会社見学会へのご招待	食事券|教養・娯楽|長期保有特典	161000.0	100.0	0.62	1.42
2025-03-26	10	16	7831	ウイルコホールディングス	化粧品等	美容・ファッション	120000.0	1000.0	5.83	1.66
2025-03-26	10	17	3134	Ｈａｍｅｅ	自社グループクーポン	暮らし|ポイントサービス	129000.0	100.0	2.3	1.73
2025-03-26	10	18	3031	ラクーンホールディングス	デジタルギフト	ポイントサービス|長期保有特典	482000.0	500.0		2.28
2025-03-26	10	19	3476	投資法人みらい	ホテル優待	交通・旅行	42000.0	1.0		
2025-03-26	10	20	2923	サトウ食品	自社グループ商品詰合せ	食料品	731000.0	100.0	0.13	0.82
2025-04-23	1	1	1928	積水ハウス	新潟県魚沼産コシヒカリ	食料品	3175000.0	1000.0		4.53
2025-04-23	1	2	3071	ストリーム	株主優待割引券	暮らし	10000.0	100.0	9.8	2.94
2025-04-23	1	3	3415	ＴＯＫＹＯ　ＢＡＳＥ	買物優待券	暮らし|美容・ファッション|長期保有特典	25000.0	100.0	7.9	2.37
2025-04-23	1	4	8609	岡三証券グループ	証券金融サービス	金融サービス	63000.0	100.0		4.74
2025-04-23	1	5	7590	タカショー	プレミアム優待倶楽部ポイント、特別販売カタログ	カタログギフト|ポイントサービス|カレンダー|プレミアム優待倶楽部	42000.0	100.0	7.12	1.18
2025-04-23	1	6	2997	ストレージ王	トランクルーム割引､QUOカード	金券|暮らし|長期保有特典	89000.0	100.0	5.58	
2025-04-23	1	7	8142	トーホー	買物割引券、自社製品、寄付	食料品|食事券|暮らし|長期保有特典|社会貢献	339000.0	100.0	0.29	4.41
2025-04-23	1	8	2353	日本駐車場開発	自社施設利用券（電子チケット）	交通・旅行|暮らし|教養・娯楽	121000.0	500.0		3.29
2025-04-23	1	9	2590	ダイドーグループホールディングス	自社グループ商品詰合せ	食料品|長期保有特典	599000.0	200.0		1.0
2025-04-23	1	10	3320	クロスプラス	オンラインストアクーポン券	ポイントサービス|美容・ファッション|長期保有特典	101000.0	100.0	2.95	4.53
2025-04-23	1	11	3246	コーセーアールイー	QUOカード	金券|長期保有特典	65000.0	100.0		3.68
2025-04-23	1	12	3662	エイチームホールディングス	QUOカード	金券	512000.0	500.0	3.9	2.14
2025-04-23	1	13	7683	ダブルエー	株主優待券	美容・ファッション	129000.0	100.0		1.31
2025-04-23	1	14	3193	エターナルホスピタリティグループ	優待食事券（電子チケット）	ポイントサービス	286000.0	100.0	0.69	1.6
2025-04-23	1	15	3169	ミサワ	株主限定商品、優待券	暮らし|長期保有特典	62000.0	100.0		1.27
2025-04-23	1	16	3421	稲葉製作所	オリジナル図書カード、地域特産品	食料品|金券	170000.0	100.0	0.58	2.46
2025-04-23	1	17	7097	さくらさくプラス	QUOカード	金券	417000.0	200.0	4.78	1.14
2025-04-23	1	18	7674	ＮＡＴＴＹ　ＳＷＡＮＫＹホールディングス	食事券（電子チケット）	食事券	322000.0	100.0	6.21	
2025-04-23	1	19	2424	ブラス	QUOカード・自社ギフト	金券|暮らし|長期保有特典	60000.0	100.0		1.31
2025-04-23	1	20	7678	あさくま	自社グループ食事券	食事券	400000.0	100.0	1.75	
2025-04-23	4	1	2198	アイ・ケイ・ケイホールディングス	優待食事券、株主優待商品	食料品|食事券	83000.0	100.0	2.4	2.88
2025-04-23	4	2	6630	ヤーマン	自社商品・優待割引券	美容・ファッション|長期保有特典	92000.0	100.0	5.43	0.97
2025-04-23	4	3	2695	くら寿司	優待食事券	食事券	338000.0	100.0	0.73	0.59
2025-04-23	4	4	2593	伊藤園	自社製品詰合せ、自社通信販売製品割引	食料品|暮らし	334000.0	100.0	0.44	1.31
2025-04-23	4	5	2294	柿安本店	優待利用券	食料品|食事券|長期保有特典	303000.0	100.0	0.33	2.8
2025-04-23	4	6	9603	エイチ・アイ・エス	株主優待券、自社施設優待券	交通・旅行|教養・娯楽	175000.0	100.0	0.56	1.13
2025-04-23	4	7	8917	ファースト住建	QUOカード、優待品	食料品|金券|長期保有特典	105000.0	100.0		4.09
2025-04-23	4	8	7804	ビーアンドピー	QUOカード	金券|長期保有特典	208000.0	100.0		3.35
2025-04-23	4	9	1873	日本ハウスホールディングス	自社関連会社製品（スープセット）	食料品	345000.0	1000.0		3.18
2025-04-23	4	10	2438	アスカネット	自社サービス優待割引券	暮らし	46000.0	100.0	2.13	1.49
2025-04-23	4	11	9627	アインホールディングス	自社グループ商品券	暮らし	529000.0	100.0	0.37	1.51
2025-04-23	4	12	3121	マーチャント・バンカーズ	QUOカード、自社販売商品	食料品|金券|暮らし|長期保有特典	91000.0	300.0	3.26	0.65
2025-04-23	4	13	9444	トーシンホールディングス	自社商品券、自社施設利用無料券	暮らし|スポーツ	62000.0	100.0		3.22
2025-04-23	4	14	7604	梅の花	株主優待証	食事券	87000.0	100.0		1.13
2025-04-23	4	15	1383	ベルグアース	QUOカード、メロン等	食料品|金券|暮らし	327000.0	100.0	0.3	0.3
2025-04-23	4	16	3329	東和フードサービス	優待食事券	食料品|食事券	210000.0	100.0	1.18	0.94
2025-04-23	4	17	3134	Ｈａｍｅｅ	自社グループクーポン	暮らし|ポイントサービス	120000.0	100.0	2.48	1.86
2025-04-23	4	18	2751	テンポスホールディングス	優待食事券	食事券	359000.0	100.0	2.36	0.25
2025-04-23	4	19	8079	正栄食品工業	自社製品詰合せ	食料品	432000.0	100.0		1.38
2025-04-23	4	20	8609	岡三証券グループ	証券金融サービス	金融サービス	63000.0	100.0		4.74
2025-04-23	6	1	7272	ヤマハ発動機	株主優待ポイント、オリジナルカレンダー	ポイントサービス|スポーツ|カレンダー|長期保有特典|社会貢献	107000.0	100.0		4.65
2025-04-23	6	2	9439	エム・エイチ・グループ	オンラインストア株主優待券	美容・ファッション|長期保有特典	20000.0	100.0	15.59	0.24
2025-04-23	6	3	3053	ペッパーフードサービス	自社商品、食事券	食料品|食事券	108000.0	500.0	5.52	
2025-04-23	6	4	3197	すかいらーくホールディングス	優待カード	食事券	300000.0	100.0	1.32	0.66
2025-04-23	6	5	2702	日本マクドナルドホールディングス	優待食事券	食事券|長期保有特典	601000.0	100.0		0.93
2025-04-23	6	6	2811	カゴメ	自社製品詰合せ、オリジナル記念品	食料品|長期保有特典	303000.0	100.0		1.58
2025-04-23	6	7	3191	ジョイフル本田	自社商品券、または茨城県特産品	食料品|カタログギフト|暮らし|長期保有特典|社会貢献	207000.0	100.0	1.44	3.08
2025-04-23	6	8	2752	フジオフードグループ本社	自社オリジナル商品詰合せ	食料品|食事券	120000.0	100.0	4.97	0.24
2025-04-23	6	9	5589	オートサーバー	QUOカード	金券|長期保有特典	225000.0	100.0	4.44	2.93
2025-04-23	6	10	8508	Ｊトラスト	各種利用券	美容・ファッション|教養・娯楽|保育・介護・医療	38000.0	100.0		4.46
2025-04-23	6	11	3140	ＢＲＵＮＯ	RIZAPグループ商品	カタログギフト	103000.0	100.0	8.72	0.38
2025-04-23	6	12	5884	クラダシ	自社オンラインストア・ギフトカード	食料品	32000.0	100.0	6.09	
2025-04-23	6	13	9416	ビジョン	自社サービス利用券	交通・旅行|暮らし	125000.0	100.0	9.57	3.59
2025-04-23	6	14	3097	物語コーポレーション	優待電子カード	食事券|ポイントサービス	379000.0	100.0	1.84	0.95
2025-04-23	6	15	8165	千趣会	買物優待券	暮らし|長期保有特典	26000.0	100.0	7.49	
2025-04-23	6	16	7135	ジャパンクラフトホールディングス	買物優待券	暮らし|長期保有特典	15000.0	100.0	12.73	1.91
2025-04-23	6	17	3807	フィスコ	自社サービス無料クーポン（IPOナビ）	金融サービス	12000.0	100.0	102.32	
2025-04-23	6	18	2904	一正蒲鉾	自社商品	食料品|長期保有特典|社会貢献	76000.0	100.0		1.82
2025-04-23	6	19	4767	テー・オー・ダブリュー	QUOカード	金券|長期保有特典	314000.0	1000.0		4.77
2025-04-23	6	20	2009	鳥越製粉	自社製品	食料品|長期保有特典	440000.0	500.0	0.9	4.99
2025-04-23	7	1	7196	Ｃａｓａ	QUOカード	金券	80000.0	100.0	1.24	3.97
2025-04-23	7	2	2217	モロゾフ	株主優待券または自社商品	食料品|食事券|長期保有特典	181000.0	100.0		0.77
2025-04-23	7	3	4014	カラダノート	ミネラルウォーター	食料品	43000.0	100.0	8.4	
2025-04-23	7	4	3159	丸善ＣＨＩホールディングス	自社商品券	暮らし	32000.0	100.0	1.55	1.24
2025-04-23	7	5	3418	バルニバービ	電子チケット	食事券|暮らし|長期保有特典	115000.0	100.0	2.6	0.65
2025-04-23	7	6	8609	岡三証券グループ	証券金融サービス	金融サービス	63000.0	100.0		4.74
2025-04-23	7	7	7590	タカショー	プレミアム優待倶楽部ポイント、特別販売カタログ	カタログギフト|ポイントサービス|カレンダー|プレミアム優待倶楽部	42000.0	100.0	7.12	1.18
2025-04-23	7	8	3539	ＪＭホールディングス	精肉関連商品、グループ商品券	食料品|長期保有特典	256000.0	100.0		1.71
2025-04-23	7	9	4936	アクシージア	自社EC優待券	美容・ファッション|長期保有特典	88000.0	200.0	6.77	2.25
2025-04-23	7	10	2353	日本駐車場開発	自社施設利用券（電子チケット）	交通・旅行|暮らし|教養・娯楽	121000.0	500.0		3.29
2025-04-23	7	11	3172	ティーライフ	株主優待券	暮らし	113000.0	100.0	0.88	3.53
2025-04-23	7	12	2590	ダイドーグループホールディングス	自社グループ商品詰合せ	食料品|長期保有特典	599000.0	200.0		1.0
2025-04-23	7	13	6091	ウエスコホールディングス	四国・神戸水族館の入場券	教養・娯楽	65000.0	100.0		3.36
2025-04-23	7	14	3662	エイチームホールディングス	QUOカード	金券	512000.0	500.0	3.9	2.14
2025-04-23	7	15	7683	ダブルエー	株主優待券	美容・ファッション	129000.0	100.0		1.31
2025-04-23	7	16	3193	エターナルホスピタリティグループ	優待食事券（電子チケット）	ポイントサービス	286000.0	100.0	0.69	1.6
2025-04-23	7	17	4934	プレミアアンチエイジング	自社商品	美容・ファッション	83000.0	100.0	4.79	
2025-04-23	7	18	9235	売れるネット広告社グループ	QUOカード	食料品|金券|美容・ファッション|長期保有特典	135000.0	200.0		
2025-04-23	7	19	3421	稲葉製作所	オリジナル図書カード、地域特産品	食料品|金券	170000.0	100.0	0.58	2.46
2025-04-23	7	20	7097	さくらさくプラス	QUOカード	金券	417000.0	200.0	4.78	1.14
2025-04-23	8	1	7445	ライトオン	買物優待券	美容・ファッション	25000.0	100.0	11.85	
2025-04-23	8	2	2404	鉄人化ホールディングス	優待食事券	食料品|食事券|暮らし	47000.0	100.0	6.28	
2025-04-23	8	3	3826	システムインテグレータ	新潟県産特別栽培米	食料品|長期保有特典	72000.0	200.0		2.48
2025-04-23	8	4	7630	壱番屋	優待食事券	食事券	99000.0	100.0	2.01	1.6
2025-04-23	8	5	8267	イオン	株主優待カード、自社グル―プ優待券	金券|暮らし|長期保有特典	420000.0	100.0		0.95
2025-04-23	8	6	3543	コメダホールディングス	プリペイドカード「ＫＯＭＥＣＡ」チャージ	食事券|長期保有特典	295000.0	100.0	0.67	2.03
2025-04-23	8	7	3387	クリエイト・レストランツ・ホールディングス	優待食事券	食事券|長期保有特典	146000.0	100.0	2.73	0.61
2025-04-23	8	8	3815	メディア工房	QUOカードPay	ポイントサービス|長期保有特典	52000.0	100.0	7.56	
2025-04-23	8	9	8904	ＡＶＡＮＴＩＡ	QUOカード	金券|長期保有特典	77000.0	100.0		4.92
2025-04-23	8	10	3198	ＳＦＰホールディングス	優待食事券	食事券	226000.0	100.0	3.53	1.23
2025-04-23	8	11	3048	ビックカメラ	買物優待券	暮らし|長期保有特典	145000.0	100.0	2.05	2.74
2025-04-23	8	12	3168	ＭＥＲＦ	QUOカード	金券	51000.0	100.0	0.97	3.9
2025-04-23	8	13	7607	進和	お米券、新潟県ブランド米	食料品|金券|長期保有特典	301000.0	100.0		3.71
2025-04-23	8	14	3063	ジェイグループホールディングス	優待食事券	食事券	69000.0	100.0	5.74	0.57
2025-04-23	8	15	3607	クラウディアホールディングス	株主優待割引券、QUOカード	金券|美容・ファッション	31000.0	100.0	1.6	3.21
2025-04-23	8	16	7453	良品計画	割引優待カード	食料品|暮らし	482000.0	100.0		0.91
2025-04-23	8	17	3557	ユナイテッド＆コレクティブ	食事優待券（電子）	食事券	88000.0	100.0	11.24	
2025-04-23	8	18	8609	岡三証券グループ	証券金融サービス	金融サービス	63000.0	100.0		4.74
2025-04-23	8	19	7730	マニー	オリジナルQUOカード	金券|長期保有特典|社会貢献	328000.0	300.0		3.56
2025-04-23	8	20	9861	吉野家ホールディングス	買物優待券	食事券	342000.0	100.0	1.16	0.58
2025-04-23	9	1	6181	タメニー	自社サービス利用券	暮らし	13000.0	100.0	229.0	
2025-04-23	9	2	8798	アドバンスクリエイト	カタログギフト	カタログギフト|暮らし	29000.0	100.0	12.7	
2025-04-23	9	3	9104	商船三井	にっぽん丸クルーズ優待券、フェリー割引券、地域名産品	食料品|交通・旅行|長期保有特典	490000.0	100.0		6.92
2025-04-23	9	4	7885	タカノ	株主優待商品	食料品	70000.0	100.0	1.42	2.84
2025-04-23	9	5	6339	新東工業	QUOカード	金券|長期保有特典	80000.0	100.0		5.43
2025-04-23	9	6	2201	森永製菓	自社商品、寄付	食料品|長期保有特典|社会貢献	258000.0	100.0		2.32
2025-04-23	9	7	3814	アルファクス・フード・システム	自社ホテル宿泊券	交通・旅行	34000.0	100.0	20.28	
2025-04-23	9	8	2208	ブルボン	自社グループ製品詰合せ、新潟県ブランド米	食料品|長期保有特典	262000.0	100.0		1.41
2025-04-23	9	9	2340	極楽湯ホールディングス	自社無料入浴券	暮らし|長期保有特典	47000.0	100.0		
2025-04-23	9	10	9202	ＡＮＡホールディングス	株主優待航空割引･自社グループ優待券･カレンダー	食事券|交通・旅行|暮らし|スポーツ|カレンダー|長期保有特典	272000.0	100.0		1.83
2025-04-23	9	11	7593	ＶＴホールディングス	自社グループ優待券（レンタカー利用等）	交通・旅行	49000.0	100.0	80.32	4.81
2025-04-23	9	12	3861	王子ホールディングス	自社グループ商品、植林活動応援	カタログギフト|暮らし|長期保有特典|社会貢献	675000.0	1000.0		3.55
2025-04-23	9	13	8864	空港施設	レストラン食事券	食事券	66000.0	100.0	7.57	3.03
2025-04-23	9	14	9831	ヤマダホールディングス	自社優待割引券	暮らし	44000.0	100.0		2.92
2025-04-23	9	15	9201	日本航空	株主優待航空割引券	交通・旅行|長期保有特典	259000.0	100.0		3.08
2025-04-23	9	16	4661	オリエンタルランド	自社レジャー施設優待券	教養・娯楽|長期保有特典	1562000.0	500.0	0.5	0.44
2025-04-23	9	17	3397	トリドールホールディングス	株主優待カード（電子式）	食事券|長期保有特典	445000.0	100.0	1.34	0.22
2025-04-23	9	18	2897	日清食品ホールディングス	自社グループ製品詰合せ、自社クーポン	食料品|暮らし|長期保有特典|社会貢献	322000.0	100.0	0.3	2.16
2025-04-23	9	19	3372	関門海	株主優待券	食事券	23000.0	100.0	15.74	
2025-04-23	9	20	6625	ＪＡＬＣＯホールディングス	QUOカード、図書	金券|教養・娯楽	298000.0	1000.0		6.04
2025-04-23	10	1	9603	エイチ・アイ・エス	株主優待券、自社施設優待券	交通・旅行|教養・娯楽	175000.0	100.0	0.56	1.13
2025-04-23	10	2	8917	ファースト住建	QUOカード、優待品	食料品|金券|長期保有特典	105000.0	100.0		4.09
2025-04-23	10	3	7856	萩原工業	株主優待品（QUOカード、食料品等）	食料品|金券|暮らし|長期保有特典|社会貢献	146000.0	100.0	0.68	4.45
2025-04-23	10	4	3121	マーチャント・バンカーズ	QUOカード、自社販売商品	食料品|金券|暮らし|長期保有特典	91000.0	300.0	3.26	0.65
2025-04-23	10	5	9444	トーシンホールディングス	自社商品券、自社施設利用無料券	暮らし|スポーツ	62000.0	100.0		3.22
2025-04-23	10	6	3475	グッドコムアセット	デジタルギフト（重複上場記念）	ポイントサービス	608000.0	500.0	6.57	3.69
2025-04-23	10	7	7604	梅の花	株主優待証	食事券	87000.0	100.0		1.13
2025-04-23	10	8	9251	ＡＢ＆Ｃｏｍｐａｎｙ	オンラインストア優待券	美容・ファッション	90000.0	100.0	8.86	3.11
2025-04-23	10	9	3329	東和フードサービス	優待食事券	食料品|食事券	210000.0	100.0	1.18	0.94
2025-04-23	10	10	3134	Ｈａｍｅｅ	自社グループクーポン	暮らし|ポイントサービス	120000.0	100.0	2.48	1.86
2025-04-23	10	11	2751	テンポスホールディングス	優待食事券	食事券	359000.0	100.0	2.36	0.25
2025-04-23	10	12	8079	正栄食品工業	自社製品詰合せ	食料品	432000.0	100.0		1.38
2025-04-23	10	13	8609	岡三証券グループ	証券金融サービス	金融サービス	63000.0	100.0		4.74
2025-04-23	10	14	3038	神戸物産	JCB ギフトカード	金券|長期保有特典	444000.0	100.0	0.22	0.58
2025-04-23	10	15	2910	ロック・フィールド	そうざい券、株主向け会社見学会へのご招待	食事券|教養・娯楽|長期保有特典	161000.0	100.0	0.62	1.42
2025-04-23	10	16	3476	投資法人みらい	ホテル優待	交通・旅行	42000.0	1.0		
2025-04-23	10	17	6309	巴工業	自社関連商品	食料品|長期保有特典	422000.0	100.0		3.5
2025-04-23	10	18	9279	ギフトホールディングス	食事優待券（電子チケット）	食事券	358000.0	100.0		0.61
2025-04-23	10	19	3031	ラクーンホールディングス	デジタルギフト	ポイントサービス|長期保有特典	431000.0	500.0		2.55
2025-04-23	10	20	3361	トーエル	自社取扱商品	食料品|カレンダー	402000.0	500.0	0.74	2.86
2025-04-23	11	1	9765	オオバ	QUOカード、チョコレート菓子	食料品|金券|長期保有特典|社会貢献	104000.0	100.0		4.01
2025-04-23	11	2	7388	ＦＰパートナー	QUOカード	金券	240000.0	100.0	2.5	3.91
2025-04-23	11	3	1419	タマホーム	オリジナルQUOカード	金券|長期保有特典	386000.0	100.0	0.25	5.05
2025-04-23	11	4	2809	キユーピー	自社製品詰合せ	食料品|長期保有特典	332000.0	100.0		1.92
2025-04-23	11	5	3139	ラクト・ジャパン	カタログギフト	食料品|カタログギフト|長期保有特典	375000.0	100.0		2.66
2025-04-23	11	6	3547	串カツ田中ホールディングス	食事優待券	食事券	141000.0	100.0	1.4	
2025-04-23	11	7	8609	岡三証券グループ	証券金融サービス	金融サービス	63000.0	100.0		4.74
2025-04-23	11	8	2678	アスクル	割引クーポン	暮らし	146000.0	100.0		2.59
2025-04-23	11	9	3377	バイク王＆カンパニー	自社商品購入割引券	暮らし	39000.0	100.0	25.64	2.82
2025-04-23	11	10	4465	ニイタカ	ギフトカード、自社優待商品	金券|交通・旅行|暮らし|社会貢献	214000.0	100.0	0.46	3.73
2025-04-23	11	11	2459	アウンコンサルティング	上場20周年記念株主優待	金券|長期保有特典	132000.0	500.0	3.77	
2025-04-23	11	12	3160	大光	QUOカード、自社商品券	金券|暮らし	284000.0	500.0	0.7	2.46
2025-04-23	11	13	3472	日本ホテル＆レジデンシャル投資法人	宿泊優待ポイント	交通・旅行|ポイントサービス	66000.0	1.0	1.5	
2025-04-23	11	14	8095	アステナホールディングス	自社グループ商品	暮らし|美容・ファッション|長期保有特典|社会貢献	235000.0	500.0		3.83
2025-04-23	11	15	4825	ウェザーニューズ	自社サービス「ウェザーニュース」無料利用権	暮らし	368000.0	100.0	1.0	1.9
2025-04-23	11	16	6634	ネクスグループ	株主優待券	交通・旅行	13000.0	100.0		
2025-04-23	11	17	9215	ＣａＳｙ	自社サービス利用券	暮らし	97000.0	100.0	8.17	
2025-04-23	11	18	8923	トーセイ	QUOカード、ホテル宿泊割引	金券|交通・旅行|長期保有特典	241000.0	100.0	1.24	3.68
2025-04-23	11	19	2796	ファーマライズホールディングス	自社グループ商品	暮らし|保育・介護・医療|長期保有特典	48000.0	100.0		2.86
2025-04-23	11	20	7965	象印マホービン	自社商品優待価格販売	暮らし	136000.0	100.0	0.73	2.93
2025-04-23	12	1	1605	ＩＮＰＥＸ	QUOカード、施設見学会	金券|教養・娯楽|長期保有特典|社会貢献	182000.0	100.0		4.94
2025-04-23	12	2	2503	キリンホールディングス	自社商品詰合せ	食料品|美容・ファッション|長期保有特典|社会貢献	215000.0	100.0		3.43
2025-04-23	12	3	4755	楽天グループ	楽天モバイル回線	暮らし	75000.0	100.0		
2025-04-23	12	4	7272	ヤマハ発動機	株主優待ポイント、オリジナルカレンダー	ポイントサービス|スポーツ|カレンダー|長期保有特典|社会貢献	107000.0	100.0		4.65
2025-04-23	12	5	9160	ノバレーゼ	カタログギフト、食事割引券	食料品|食事券|カタログギフト|長期保有特典	29000.0	100.0	6.71	
2025-04-23	12	6	3053	ペッパーフードサービス	自社商品、食事券	食料品|食事券	108000.0	500.0	5.52	
2025-04-23	12	7	3197	すかいらーくホールディングス	優待カード	食事券	300000.0	100.0	1.32	0.66
2025-04-23	12	8	4911	資生堂	自社グループ製品	食料品|ポイントサービス|美容・ファッション|長期保有特典|社会貢献	222000.0	100.0		1.79
2025-04-23	12	9	3003	ヒューリック	カタログギフト	カタログギフト|長期保有特典|社会貢献	443000.0	300.0		3.85
2025-04-23	12	10	2702	日本マクドナルドホールディングス	優待食事券	食事券|長期保有特典	601000.0	100.0		0.93
2025-04-23	12	11	4927	ポーラ・オルビスホールディングス	株主優待ポイント	カタログギフト|ポイントサービス|美容・ファッション|長期保有特典	128000.0	100.0	1.16	4.04
2025-04-23	12	12	7613	シークス	ギフトカード、旅行企画品	金券|交通・旅行|長期保有特典	99000.0	100.0	1.0	4.82
2025-04-23	12	13	2752	フジオフードグループ本社	自社オリジナル商品詰合せ	食料品|食事券	120000.0	100.0	4.97	0.24
2025-04-23	12	14	4404	ミヨシ油脂	QUOカード	金券	170000.0	100.0	0.58	5.87
2025-04-23	12	15	5301	東海カーボン	カタログギフト	カタログギフト|長期保有特典	85000.0	100.0		3.52
2025-04-23	12	16	3105	日清紡ホールディングス	自社製品詰合せ、寄付	暮らし|社会貢献	813000.0	1000.0	0.36	4.42
2025-04-23	12	17	7172	ジャパンインベストメントアドバイザー	オリジナルQUOカード、新聞購読券	金券|教養・娯楽|長期保有特典	159000.0	100.0	5.64	5.45
2025-04-23	12	18	9973	ＫＯＺＯホールディングス	優待券（アプリ）	食料品|食事券	1000.0	100.0		
2025-04-23	12	19	9416	ビジョン	自社サービス利用券	交通・旅行|暮らし	125000.0	100.0	9.57	3.59
2025-04-23	12	20	3097	物語コーポレーション	優待電子カード	食事券|ポイントサービス	379000.0	100.0	1.84	0.95
2025-04-24	8	1	7445	ライトオン	買物優待券	美容・ファッション	25000.0	100.0	11.95	
2025-04-24	8	2	2404	鉄人化ホールディングス	優待食事券	食料品|食事券|暮らし	47000.0	100.0	6.31	
2025-04-24	8	3	3826	システムインテグレータ	新潟県産特別栽培米	食料品|長期保有特典	72000.0	200.0		2.48
2025-04-24	8	4	7630	壱番屋	優待食事券	食事券	99000.0	100.0	2.01	1.6
2025-04-24	8	5	8267	イオン	株主優待カード、自社グル―プ優待券	金券|暮らし|長期保有特典	429000.0	100.0		0.93
2025-04-24	8	6	3543	コメダホールディングス	プリペイドカード「ＫＯＭＥＣＡ」チャージ	食事券|長期保有特典	295000.0	100.0	0.67	2.03
2025-04-24	8	7	3387	クリエイト・レストランツ・ホールディングス	優待食事券	食事券|長期保有特典	147000.0	100.0	2.71	0.61
2025-04-24	8	8	3815	メディア工房	QUOカードPay	ポイントサービス|長期保有特典	52000.0	100.0	7.56	
2025-04-24	8	9	8904	ＡＶＡＮＴＩＡ	QUOカード	金券|長期保有特典	77000.0	100.0		4.93
2025-04-24	8	10	3198	ＳＦＰホールディングス	優待食事券	食事券	226000.0	100.0	3.52	1.23
2025-04-24	8	11	3048	ビックカメラ	買物優待券	暮らし|長期保有特典	148000.0	100.0	2.01	2.69
2025-04-24	8	12	3063	ジェイグループホールディングス	優待食事券	食事券	69000.0	100.0	5.77	0.57
2025-04-24	8	13	3168	ＭＥＲＦ	QUOカード	金券	51000.0	100.0	0.98	3.92
2025-04-24	8	14	7607	進和	お米券、新潟県ブランド米	食料品|金券|長期保有特典	309000.0	100.0		3.62
2025-04-24	8	15	3607	クラウディアホールディングス	株主優待割引券、QUOカード	金券|美容・ファッション	31000.0	100.0	1.61	3.22
2025-04-24	8	16	3557	ユナイテッド＆コレクティブ	食事優待券（電子）	食事券	88000.0	100.0	11.29	
2025-04-24	8	17	8609	岡三証券グループ	証券金融サービス	金融サービス	63000.0	100.0		4.71
2025-04-24	8	18	7453	良品計画	割引優待カード	食料品|暮らし	479000.0	100.0		0.91
2025-04-24	8	19	9861	吉野家ホールディングス	買物優待券	食事券	337000.0	100.0	1.18	0.59
2025-04-24	8	20	7730	マニー	オリジナルQUOカード	金券|長期保有特典|社会貢献	336000.0	300.0		3.47
2025-04-25	10	1	8917	ファースト住建	QUOカード、優待品	食料品|金券|長期保有特典	105000.0	100.0		4.09
2025-04-25	10	2	9603	エイチ・アイ・エス	株主優待券、自社施設優待券	交通・旅行|教養・娯楽	169000.0	100.0	0.58	1.17
2025-04-25	10	3	7856	萩原工業	株主優待品（QUOカード、食料品等）	食料品|金券|暮らし|長期保有特典|社会貢献	146000.0	100.0	0.68	4.44
2025-04-25	10	4	3121	マーチャント・バンカーズ	QUOカード、自社販売商品	食料品|金券|暮らし|長期保有特典	92000.0	300.0	3.25	0.65
2025-04-25	10	5	9444	トーシンホールディングス	自社商品券、自社施設利用無料券	暮らし|スポーツ	61000.0	100.0		3.26
2025-04-25	10	6	7604	梅の花	株主優待証	食事券	88000.0	100.0		1.13
2025-04-25	10	7	3475	グッドコムアセット	デジタルギフト（重複上場記念）	ポイントサービス	598000.0	500.0	6.68	3.76
2025-04-25	10	8	3329	東和フードサービス	優待食事券	食料品|食事券	207000.0	100.0	1.2	0.96
2025-04-25	10	9	9251	ＡＢ＆Ｃｏｍｐａｎｙ	オンラインストア優待券	美容・ファッション	90000.0	100.0	8.82	3.09
2025-04-25	10	10	3134	Ｈａｍｅｅ	自社グループクーポン	暮らし|ポイントサービス	121000.0	100.0	2.46	1.85
2025-04-25	10	11	2751	テンポスホールディングス	優待食事券	食事券	352000.0	100.0	2.41	0.25
2025-04-25	10	12	8609	岡三証券グループ	証券金融サービス	金融サービス	65000.0	100.0		4.57
2025-04-25	10	13	2910	ロック・フィールド	そうざい券、株主向け会社見学会へのご招待	食事券|教養・娯楽|長期保有特典	159000.0	100.0	0.62	1.43
2025-04-25	10	14	8079	正栄食品工業	自社製品詰合せ	食料品	429000.0	100.0		1.39
2025-04-25	10	15	3038	神戸物産	JCB ギフトカード	金券|長期保有特典	410000.0	100.0	0.24	0.63
2025-04-25	10	16	3476	投資法人みらい	ホテル優待	交通・旅行	42000.0	1.0		
2025-04-25	10	17	9279	ギフトホールディングス	食事優待券（電子チケット）	食事券	351000.0	100.0		0.62
2025-04-25	10	18	3031	ラクーンホールディングス	デジタルギフト	ポイントサービス|長期保有特典	423000.0	500.0		2.59
2025-04-25	10	19	3361	トーエル	自社取扱商品	食料品|カレンダー	415000.0	500.0	0.72	2.77
2025-04-25	10	20	6309	巴工業	自社関連商品	食料品|長期保有特典	421000.0	100.0		3.51
2025-04-26	11	1	9765	オオバ	QUOカード、チョコレート菓子	食料品|金券|長期保有特典|社会貢献	106000.0	100.0		3.94
2025-04-26	11	2	1419	タマホーム	オリジナルQUOカード	金券|長期保有特典	392000.0	100.0	0.25	4.97
2025-04-26	11	3	7388	ＦＰパートナー	QUOカード	金券	243000.0	100.0	2.46	3.85
2025-04-26	11	4	2809	キユーピー	自社製品詰合せ	食料品|長期保有特典	318000.0	100.0		2.01
2025-04-26	11	5	3139	ラクト・ジャパン	カタログギフト	食料品|カタログギフト|長期保有特典	357000.0	100.0		2.79
2025-04-26	11	6	8609	岡三証券グループ	証券金融サービス	金融サービス	65000.0	100.0		4.57
2025-04-26	11	7	8095	アステナホールディングス	自社グループ商品	暮らし|美容・ファッション|長期保有特典|社会貢献	238000.0	500.0		3.77
2025-04-26	11	8	3547	串カツ田中ホールディングス	食事優待券	食事券	139000.0	100.0	1.43	
2025-04-26	11	9	4465	ニイタカ	ギフトカード、自社優待商品	金券|交通・旅行|暮らし|社会貢献	214000.0	100.0	0.46	3.72
2025-04-26	11	10	2678	アスクル	割引クーポン	暮らし	151000.0	100.0		2.51
2025-04-26	11	11	2459	アウンコンサルティング	上場20周年記念株主優待	金券|長期保有特典	133000.0	500.0	3.74	
2025-04-26	11	12	3377	バイク王＆カンパニー	自社商品購入割引券	暮らし	40000.0	100.0	24.75	2.72
2025-04-26	11	13	3472	日本ホテル＆レジデンシャル投資法人	宿泊優待ポイント	交通・旅行|ポイントサービス	66000.0	1.0	1.5	
2025-04-26	11	14	3160	大光	QUOカード、自社商品券	金券|暮らし	287000.0	500.0	0.69	2.43
2025-04-26	11	15	6634	ネクスグループ	株主優待券	交通・旅行	13000.0	100.0		
2025-04-26	11	16	4825	ウェザーニューズ	自社サービス「ウェザーニュース」無料利用権	暮らし	353000.0	100.0	1.04	1.98
2025-04-26	11	17	9215	ＣａＳｙ	自社サービス利用券	暮らし	85000.0	100.0	9.33	
2025-04-26	11	18	8923	トーセイ	QUOカード、ホテル宿泊割引	金券|交通・旅行|長期保有特典	241000.0	100.0	1.24	3.68
2025-04-26	11	19	2796	ファーマライズホールディングス	自社グループ商品	暮らし|保育・介護・医療|長期保有特典	48000.0	100.0		2.89
2025-04-26	11	20	7965	象印マホービン	自社商品優待価格販売	暮らし	136000.0	100.0	0.73	2.93
2025-04-28	3	1	9434	ソフトバンク	PayPayポイント	ポイントサービス|長期保有特典	21000.0	100.0		3.96
2025-04-28	3	2	7602	レダックス	株主優待券	暮らし	13000.0	100.0	225.56	1.5
2025-04-28	3	3	7277	ＴＢＫ	東北地方ブランド米、またはQUOカード	食料品|金券|長期保有特典	28000.0	100.0		2.78
2025-04-28	3	4	8613	丸三証券	海苔、新潟県ブランド米	食料品	86000.0	100.0	1.16	6.96
2025-04-28	3	5	8616	東海東京フィナンシャル・ホールディングス	株主優待カタログ、オリジナルQUOカード	金券|カタログギフト|長期保有特典	47000.0	100.0		5.88
2025-04-28	3	6	9432	日本電信電話	dポイント付与	ポイントサービス|長期保有特典	14000.0	100.0		3.49
2025-04-28	3	7	3205	ダイドーリミテッド	自社取扱品、買物割引券	美容・ファッション	83000.0	100.0		12.01
2025-04-28	3	8	2801	キッコーマン	自社グループ商品詰合せ	食料品|長期保有特典|社会貢献	154000.0	100.0		1.36
2025-04-28	3	9	4765	ＳＢＩグローバルアセットマネジメント	自社投資情報サービス、暗号資産（仮想通貨）	教養・娯楽|金融サービス|長期保有特典	63000.0	100.0	79.4	
2025-04-28	3	10	7203	トヨタ自動車	TOYOTA Wallet、モータースポーツ	ポイントサービス|教養・娯楽|長期保有特典	278000.0	100.0	0.17	3.23
2025-04-28	3	11	6433	ヒーハイスト	QUOカード	金券	37000.0	100.0	8.0	0.26
2025-04-28	3	12	2928	ＲＩＺＡＰグループ	優待品交換ポイント、優待券	カタログギフト|ポイントサービス|長期保有特典	22000.0	100.0	39.91	
2025-04-28	3	13	7182	ゆうちょ銀行	オリジナルカタログ商品	食料品|カタログギフト|暮らし|社会貢献	719000.0	500.0	0.41	3.89
2025-04-28	3	14	8742	小林洋行	全国共通おこめ券	金券|長期保有特典	29000.0	100.0		1.7
2025-04-28	3	15	9104	商船三井	にっぽん丸クルーズ優待券、フェリー割引券、地域名産品	食料品|交通・旅行|長期保有特典	527000.0	100.0		6.44
2025-04-28	3	16	3880	大王製紙	自社商品	暮らし|長期保有特典	92000.0	100.0		1.51
2025-04-28	3	17	4310	ドリームインキュベータ	プレミアム優待倶楽部ポイント	カタログギフト|ポイントサービス|長期保有特典|プレミアム優待倶楽部	325000.0	100.0	0.46	13.01
2025-04-28	3	18	1332	ニッスイ	自社商品	食料品|暮らし	432000.0	500.0	0.69	3.23
2025-04-28	3	19	9433	ＫＤＤＩ	自社関連サービス	食料品|暮らし|ポイントサービス|長期保有特典|社会貢献	506000.0	200.0		2.86
2025-04-28	3	20	7267	ホンダ	イベント、見学会、クーポン	交通・旅行|教養・娯楽|長期保有特典	145000.0	100.0		4.68
2025-05-01	1	1	1928	積水ハウス	新潟県魚沼産コシヒカリ	食料品	3276000.0	1000.0		4.39
2025-05-01	1	2	3071	ストリーム	株主優待割引券	暮らし	10000.0	100.0	9.7	2.91
2025-05-01	1	3	3415	ＴＯＫＹＯ　ＢＡＳＥ	買物優待券	暮らし|美容・ファッション|長期保有特典	26000.0	100.0	7.63	2.29
2025-05-01	1	4	7590	タカショー	プレミアム優待倶楽部ポイント、特別販売カタログ	カタログギフト|ポイントサービス|カレンダー|プレミアム優待倶楽部	40000.0	100.0	7.42	1.23
2025-05-01	1	5	8609	岡三証券グループ	証券金融サービス	金融サービス	63000.0	100.0		
2025-05-01	1	6	2353	日本駐車場開発	自社施設利用券（電子チケット）	交通・旅行|暮らし|教養・娯楽	119000.0	500.0		3.36
2025-05-01	1	7	8142	トーホー	買物割引券、自社製品、寄付	食料品|食事券|暮らし|長期保有特典|社会貢献	328000.0	100.0	0.3	4.57
2025-05-01	1	8	2997	ストレージ王	トランクルーム割引､QUOカード	金券|暮らし|長期保有特典	85000.0	100.0	5.88	
2025-05-01	1	9	3246	コーセーアールイー	QUOカード	金券|長期保有特典	64000.0	100.0		3.73
2025-05-01	1	10	2590	ダイドーグループホールディングス	自社グループ商品詰合せ	食料品|長期保有特典	583000.0	200.0		1.02
2025-05-01	1	11	3662	エイチームホールディングス	QUOカード	金券	528000.0	500.0	3.78	2.08
2025-05-01	1	12	3320	クロスプラス	オンラインストアクーポン券	ポイントサービス|美容・ファッション|長期保有特典	104000.0	100.0	2.87	4.4
2025-05-01	1	13	7674	ＮＡＴＴＹ　ＳＷＡＮＫＹホールディングス	食事券（電子チケット）	食事券	323000.0	100.0	6.19	
2025-05-01	1	14	3421	稲葉製作所	オリジナル図書カード、地域特産品	食料品|金券	170000.0	100.0	0.58	2.46
2025-05-01	1	15	7097	さくらさくプラス	QUOカード	金券	426000.0	200.0	4.68	1.12
2025-05-01	1	16	7683	ダブルエー	株主優待券	美容・ファッション	132000.0	100.0		1.28
2025-05-01	1	17	3193	エターナルホスピタリティグループ	優待食事券（電子チケット）	ポイントサービス	282000.0	100.0	0.7	1.62
2025-05-01	1	18	3399	丸千代山岡家	株主優待券	食料品|食事券	447000.0	100.0	0.43	0.13
2025-05-01	1	19	7678	あさくま	自社グループ食事券	食事券	406000.0	100.0	1.72	
2025-05-01	1	20	2424	ブラス	QUOカード・自社ギフト	金券|暮らし|長期保有特典	60000.0	100.0		1.31
2025-05-04	4	1	2198	アイ・ケイ・ケイホールディングス	優待食事券、株主優待商品	食料品|食事券|長期保有特典	79000.0	100.0		3.03
2025-05-04	4	2	6630	ヤーマン	自社商品・優待割引券	美容・ファッション|長期保有特典	84000.0	100.0	5.92	1.06
2025-05-04	4	3	2695	くら寿司	優待食事券	食事券	314000.0	100.0	0.79	0.63
2025-05-04	4	4	2294	柿安本店	優待利用券	食料品|食事券|長期保有特典	270000.0	100.0	0.36	3.13
2025-05-04	4	5	2593	伊藤園	自社製品詰合せ、自社通信販売製品割引	食料品|暮らし	339000.0	100.0	0.44	1.29
2025-05-04	4	6	9603	エイチ・アイ・エス	株主優待券、自社施設優待券	交通・旅行|教養・娯楽	165000.0	100.0	0.6	1.21
2025-05-04	4	7	8917	ファースト住建	QUOカード、優待品	食料品|金券|長期保有特典	99000.0	100.0		4.33
2025-05-04	4	8	7804	ビーアンドピー	QUOカード	金券|長期保有特典	198000.0	100.0		3.53
2025-05-04	4	9	1873	日本ハウスホールディングス	自社関連会社製品（スープセット）	食料品	317000.0	1000.0		3.47
2025-05-04	4	10	7604	梅の花グループ	株主優待証	食事券	84000.0	100.0		1.18
2025-05-04	4	11	2438	アスカネット	自社サービス優待割引券	暮らし	43000.0	100.0	2.27	1.59
2025-05-04	4	12	9627	アインホールディングス	自社グループ商品券	暮らし	557000.0	100.0	0.35	1.43
2025-05-04	4	13	9444	トーシンホールディングス	自社商品券、自社施設利用無料券	暮らし|スポーツ	59000.0	100.0		3.35
2025-05-04	4	14	2751	テンポスホールディングス	優待食事券	食事券	343000.0	100.0	2.47	0.26
2025-05-04	4	15	1383	ベルグアース	QUOカード、メロン等	食料品|金券|暮らし	295000.0	100.0	0.33	0.33
2025-05-04	4	16	8609	岡三証券グループ	証券金融サービス	金融サービス	65000.0	100.0		
2025-05-04	4	17	8079	正栄食品工業	自社製品詰合せ	食料品	413000.0	100.0		1.45
2025-05-04	4	18	3329	東和フードサービス	優待食事券	食料品|食事券	208000.0	100.0	1.19	0.96
2025-05-04	4	19	3134	Ｈａｍｅｅ	自社グループクーポン	暮らし|ポイントサービス	114000.0	100.0	2.61	1.96
2025-05-04	4	20	3476	投資法人みらい	ホテル優待	交通・旅行	42000.0	1.0		
2025-05-04	12	1	1605	ＩＮＰＥＸ	QUOカード、施設見学会	金券|教養・娯楽|長期保有特典|社会貢献	182000.0	100.0		4.93
2025-05-04	12	2	2503	キリンホールディングス	自社商品詰合せ	食料品|美容・ファッション|長期保有特典|社会貢献	214000.0	100.0		3.44
2025-05-04	12	3	4755	楽天グループ	楽天モバイル回線	暮らし	83000.0	100.0		
2025-05-04	12	4	7272	ヤマハ発動機	株主優待ポイント、オリジナルカレンダー	ポイントサービス|スポーツ|カレンダー|長期保有特典|社会貢献	114000.0	100.0		4.36
2025-05-04	12	5	9160	ノバレーゼ	カタログギフト、食事割引券	食料品|食事券|カタログギフト|長期保有特典	30000.0	100.0	6.51	
2025-05-04	12	6	3053	ペッパーフードサービス	自社商品、食事券	食料品|食事券	108000.0	500.0	5.52	
2025-05-04	12	7	3003	ヒューリック	カタログギフト	カタログギフト|長期保有特典|社会貢献	451000.0	300.0		3.78
2025-05-04	12	8	3197	すかいらーくホールディングス	優待カード	食事券	290000.0	100.0	1.37	0.68
2025-05-04	12	9	2702	日本マクドナルドホールディングス	優待食事券	食事券|長期保有特典	601000.0	100.0		0.93
2025-05-04	12	10	2752	フジオフードグループ本社	自社オリジナル商品詰合せ	食料品|食事券	120000.0	100.0	5.0	0.25
2025-05-04	12	11	4404	ミヨシ油脂	QUOカード	金券	165000.0	100.0	0.6	6.06
2025-05-04	12	12	5301	東海カーボン	カタログギフト	カタログギフト|長期保有特典	92000.0	100.0		3.24
2025-05-04	12	13	4911	資生堂	自社グループ製品	食料品|ポイントサービス|美容・ファッション|長期保有特典|社会貢献	233000.0	100.0		1.71
2025-05-04	12	14	7613	シークス	ギフトカード、旅行企画品	金券|交通・旅行|長期保有特典	106000.0	100.0	0.94	4.52
2025-05-04	12	15	3105	日清紡ホールディングス	自社製品詰合せ、寄付	暮らし|社会貢献	866000.0	1000.0	0.34	4.15
2025-05-04	12	16	4927	ポーラ・オルビスホールディングス	株主優待ポイント	カタログギフト|ポイントサービス|美容・ファッション|長期保有特典	128000.0	100.0	1.16	4.04
2025-05-04	12	17	9416	ビジョン	自社サービス利用券	交通・旅行|暮らし	126000.0	100.0	9.47	3.55
2025-05-04	12	18	7135	ジャパンクラフトホールディングス	買物優待券	暮らし|長期保有特典	17000.0	100.0	11.49	1.72
2025-05-04	12	19	2009	鳥越製粉	自社製品	食料品|長期保有特典	424000.0	500.0	0.94	5.18
2025-05-04	12	20	3350	メタプラネット	ホテル宿泊割引、ビットコイン関連優待	交通・旅行|金融サービス	42000.0	100.0		
2025-05-06	6	1	7272	ヤマハ発動機	株主優待ポイント、オリジナルカレンダー	ポイントサービス|スポーツ|カレンダー|長期保有特典|社会貢献	114000.0	100.0		4.36
2025-05-06	6	2	9439	エム・エイチ・グループ	オンラインストア株主優待券	美容・ファッション|長期保有特典	20000.0	100.0	15.44	0.24
2025-05-06	6	3	3053	ペッパーフードサービス	自社商品、食事券	食料品|食事券	108000.0	500.0	5.52	
2025-05-06	6	4	2811	カゴメ	自社製品詰合せ、オリジナル記念品	食料品|長期保有特典	300000.0	100.0		1.59
2025-05-06	6	5	3197	すかいらーくホールディングス	優待カード	食事券	290000.0	100.0	1.37	0.68
2025-05-06	6	6	8508	Ｊトラスト	各種利用券	美容・ファッション|教養・娯楽|保育・介護・医療	39000.0	100.0		4.29
2025-05-06	6	7	2702	日本マクドナルドホールディングス	優待食事券	食事券|長期保有特典	601000.0	100.0		0.93
2025-05-06	6	8	3191	ジョイフル本田	自社商品券、または茨城県特産品	食料品|カタログギフト|暮らし|長期保有特典|社会貢献	200000.0	100.0	1.49	3.19
2025-05-06	6	9	2752	フジオフードグループ本社	自社オリジナル商品詰合せ	食料品|食事券	120000.0	100.0	5.0	0.25
2025-05-06	6	10	5589	オートサーバー	QUOカード	金券|長期保有特典	248000.0	100.0	4.02	2.65
2025-05-06	6	11	3140	ＢＲＵＮＯ	RIZAPグループ商品	カタログギフト	103000.0	100.0	8.67	0.38
2025-05-06	6	12	3041	ビューティカダンホールディングス	新米、ディナー招待	食料品|食事券|長期保有特典	93000.0	200.0		1.91
2025-05-06	6	13	5884	クラダシ	自社オンラインストア・ギフトカード	食料品	33000.0	100.0	5.98	
2025-05-06	6	14	9416	ビジョン	自社サービス利用券	交通・旅行|暮らし	126000.0	100.0	9.47	3.55
2025-05-06	6	15	7135	ジャパンクラフトホールディングス	買物優待券	暮らし|長期保有特典	17000.0	100.0	11.49	1.72
2025-05-06	6	16	4767	テー・オー・ダブリュー	QUOカード	金券|長期保有特典	317000.0	1000.0		4.73
2025-05-06	6	17	3097	物語コーポレーション	優待電子カード	食事券|ポイントサービス	364000.0	100.0	1.92	0.98
2025-05-06	6	18	2579	コカ・コーラ　ボトラーズジャパンホールディングス	ドリンクチケット	食料品|長期保有特典	240000.0	100.0		2.36
2025-05-06	6	19	2009	鳥越製粉	自社製品	食料品|長期保有特典	424000.0	500.0	0.94	5.18
2025-05-06	6	20	3807	フィスコ	自社サービス無料クーポン（IPOナビ）	金融サービス	12000.0	100.0	103.12	
2025-05-13	9	1	6181	タメニー	自社サービス利用券	暮らし	12000.0	100.0	232.55	
2025-05-13	9	2	8798	アドバンスクリエイト	カタログギフト	カタログギフト|暮らし	31000.0	100.0	12.14	
2025-05-13	9	3	7885	タカノ	株主優待商品	食料品	72000.0	100.0	1.38	2.77
2025-05-13	9	4	4661	オリエンタルランド	自社レジャー施設優待券	教養・娯楽|長期保有特典	1647000.0	500.0	0.47	0.42
2025-05-13	9	5	9104	商船三井	にっぽん丸クルーズ優待券、フェリー割引券、地域名産品	食料品|交通・旅行|長期保有特典	473000.0	100.0		3.16
2025-05-13	9	6	6339	新東工業	QUOカード	金券|長期保有特典	84000.0	100.0		5.18
2025-05-13	9	7	3814	アルファクス・フード・システム	自社ホテル宿泊券	交通・旅行	31000.0	100.0	22.15	
2025-05-13	9	8	7616	コロワイド	株主優待ポイント	ポイントサービス	916000.0	500.0	4.36	0.27
2025-05-13	9	9	2201	森永製菓	自社商品、寄付	食料品|長期保有特典|社会貢献	249000.0	100.0		2.6
2025-05-13	9	10	9831	ヤマダホールディングス	自社優待割引券	暮らし	43000.0	100.0		3.86
2025-05-13	9	11	9202	ＡＮＡホールディングス	株主優待航空割引･自社グループ優待券･カレンダー	食事券|交通・旅行|暮らし|スポーツ|カレンダー|長期保有特典	285000.0	100.0		2.09
2025-05-13	9	12	7421	カッパ・クリエイト	株主優待ポイント	食事券	151000.0	100.0	3.96	
2025-05-13	9	13	2432	ディー・エヌ・エー	プロ野球・バスケット観戦チケット	スポーツ	303000.0	100.0		
2025-05-13	9	14	2208	ブルボン	自社グループ製品詰合せ、新潟県ブランド米	食料品|長期保有特典	261000.0	100.0		1.53
2025-05-13	9	15	2340	極楽湯ホールディングス	自社無料入浴券	暮らし|長期保有特典	50000.0	100.0		
2025-05-13	9	16	7593	ＶＴホールディングス	自社グループ優待券（レンタカー利用等）	交通・旅行	51000.0	100.0	77.51	4.65
2025-05-13	9	17	5401	日本製鉄	Ｊリーグ観戦チケット、自社工場見学	教養・娯楽|スポーツ	2883000.0	1000.0		4.16
2025-05-13	9	18	9201	日本航空	株主優待航空割引券	交通・旅行|長期保有特典	278000.0	100.0		3.3
2025-05-13	9	19	3289	東急不動産ホールディングス	優待ポイント、自社リゾートホテル割引券、スポーツ・施設優待券	食料品|カタログギフト|交通・旅行|ポイントサービス|スポーツ|長期保有特典|社会貢献	108000.0	100.0		3.85
2025-05-13	9	20	2897	日清食品ホールディングス	自社グループ製品詰合せ、自社クーポン	食料品|暮らし|長期保有特典|社会貢献	324000.0	100.0	0.3	2.15
2025-05-13	10	1	7856	萩原工業	株主優待品（QUOカード、食料品等）	食料品|金券|暮らし|長期保有特典|社会貢献	146000.0	100.0	0.68	4.43
2025-05-13	10	2	3475	グッドコムアセット	デジタルギフト（重複上場記念）	ポイントサービス	626000.0	500.0	6.38	3.59
2025-05-13	10	3	9251	ＡＢ＆Ｃｏｍｐａｎｙ	オンラインストア優待券	美容・ファッション	94000.0	100.0	8.46	2.97
2025-05-13	10	4	8917	ファースト住建	QUOカード、優待品	食料品|金券|長期保有特典	99000.0	100.0		4.33
2025-05-13	10	5	3121	マーチャント・バンカーズ	QUOカード、自社販売商品	食料品|金券|暮らし|長期保有特典	90000.0	300.0	3.3	0.66
2025-05-13	10	6	3038	神戸物産	JCB ギフトカード	金券|長期保有特典	443000.0	100.0	0.22	0.58
2025-05-13	10	7	9603	エイチ・アイ・エス	株主優待券、自社施設優待券	交通・旅行|教養・娯楽	161000.0	100.0	0.61	1.23
2025-05-13	10	8	6309	巴工業	自社関連商品	食料品|長期保有特典	281000.0	200.0		3.5
2025-05-13	10	9	7604	梅の花グループ	株主優待証	食事券	84000.0	100.0		1.18
2025-05-13	10	10	7831	ウイルコホールディングス	化粧品等	美容・ファッション	121000.0	1000.0	5.78	1.65
2025-05-13	10	11	8079	正栄食品工業	自社製品詰合せ	食料品	403000.0	100.0		1.48
2025-05-13	10	12	9444	トーシンホールディングス	自社商品券、自社施設利用無料券	暮らし|スポーツ	62000.0	100.0		3.21
2025-05-13	10	13	2751	テンポスホールディングス	優待食事券	食事券	337000.0	100.0	2.51	0.26
2025-05-13	10	14	2301	学情	オリジナルQUOカード	金券	857000.0	500.0	0.35	3.9
2025-05-13	10	15	9824	泉州電業	オリジナルQUOカード	金券|長期保有特典	452000.0	100.0	0.22	3.09
2025-05-13	10	16	3329	東和フードサービス	優待食事券	食料品|食事券	208000.0	100.0	1.2	0.96
2025-05-13	10	17	7640	トップカルチャー	図書カード	金券|長期保有特典	71000.0	500.0	1.39	
2025-05-13	10	18	3476	投資法人みらい	ホテル優待	交通・旅行	42000.0	1.0		
2025-05-13	10	19	3195	ジェネレーションパス	自社ＥＣサイト買物券	暮らし	37000.0	100.0	5.33	
2025-05-13	10	20	2910	ロック・フィールド	そうざい券、株主向け会社見学会へのご招待	食事券|教養・娯楽|長期保有特典	151000.0	100.0	0.66	1.51
2025-05-15	4	1	2198	アイ・ケイ・ケイホールディングス	優待食事券、株主優待商品	食料品|食事券|長期保有特典	80000.0	100.0		3.0
2025-05-15	4	2	2695	くら寿司	優待食事券	食事券	319000.0	100.0	0.78	0.62
2025-05-15	4	3	6630	ヤーマン	自社商品・優待割引券	美容・ファッション|長期保有特典	84000.0	100.0	5.89	1.06
2025-05-15	4	4	2294	柿安本店	優待利用券	食料品|食事券|長期保有特典	274000.0	100.0	0.36	3.09
2025-05-15	4	5	2593	伊藤園	自社製品詰合せ、自社通信販売製品割引	食料品|暮らし	318000.0	100.0	0.47	1.38
2025-05-15	4	6	8917	ファースト住建	QUOカード、優待品	食料品|金券|長期保有特典	98000.0	100.0		4.36
2025-05-15	4	7	9603	エイチ・アイ・エス	株主優待券、自社施設優待券	交通・旅行|教養・娯楽	160000.0	100.0	0.62	1.25
2025-05-15	4	8	7804	ビーアンドピー	QUOカード	金券|長期保有特典	210000.0	100.0		3.33
2025-05-15	4	9	8079	正栄食品工業	自社製品詰合せ	食料品	398000.0	100.0		1.5
2025-05-15	4	10	1873	日本ハウスホールディングス	自社関連会社製品（スープセット）	食料品	317000.0	1000.0		3.47
2025-05-15	4	11	7604	梅の花グループ	株主優待証	食事券	83000.0	100.0		1.19
2025-05-15	4	12	2751	テンポスホールディングス	優待食事券	食事券	336000.0	100.0	2.52	0.26
2025-05-15	4	13	9444	トーシンホールディングス	自社商品券、自社施設利用無料券	暮らし|スポーツ	61000.0	100.0		3.24
2025-05-15	4	14	1383	ベルグアース	QUOカード、メロン等	食料品|金券|暮らし	286000.0	100.0	0.34	0.34
2025-05-15	4	15	3329	東和フードサービス	優待食事券	食料品|食事券	208000.0	100.0	1.19	0.95
2025-05-15	4	16	3476	投資法人みらい	ホテル優待	交通・旅行	42000.0	1.0		
2025-05-15	4	17	2438	アスカネット	自社サービス優待割引券	暮らし	43000.0	100.0	2.29	1.6
2025-05-15	4	18	9279	ギフトホールディングス	食事優待券（電子チケット）	食事券	336000.0	100.0		0.65
2025-05-15	4	19	8562	福島銀行	優待定期預金	金融サービス	22000.0	100.0		2.26
2025-05-15	4	20	2910	ロック・フィールド	そうざい券、株主向け会社見学会へのご招待	食事券|教養・娯楽|長期保有特典	150000.0	100.0	0.66	1.52
2025-06-21	6	1	8508	Ｊトラスト	各種利用券	美容・ファッション|教養・娯楽|保育・介護・医療|長期保有特典	40000.0	100.0		4.17
2025-06-21	6	2	7272	ヤマハ発動機	株主優待ポイント、オリジナルカレンダー	ポイントサービス|スポーツ|カレンダー|長期保有特典|社会貢献	108000.0	100.0		4.62
2025-06-21	6	3	9439	エム・エイチ・グループ	オンラインストア株主優待券	美容・ファッション|長期保有特典	22000.0	100.0	13.95	0.21
2025-06-21	6	4	2811	カゴメ	自社製品詰合せ、オリジナル記念品	食料品|長期保有特典	288000.0	100.0		1.66
2025-06-21	6	5	3191	ジョイフル本田	自社商品券、または茨城県特産品	食料品|カタログギフト|暮らし|長期保有特典|社会貢献	208000.0	100.0	1.43	3.06
2025-06-21	6	6	3053	ペッパーフードサービス	自社商品、食事券	食料品|食事券	107000.0	500.0	5.6	
2025-06-21	6	7	4767	テー・オー・ダブリュー	QUOカード	金券|長期保有特典	315000.0	1000.0		4.76
2025-06-21	6	8	5884	クラダシ	自社オンラインストア・クーポン	食料品	45000.0	100.0	8.77	
2025-06-21	6	9	2752	フジオフードグループ本社	自社オリジナル商品詰合せ	食料品|食事券	120000.0	100.0	4.99	0.25
2025-06-21	6	10	3140	ＢＲＵＮＯ	RIZAPグループ商品	カタログギフト	104000.0	100.0	8.65	0.38
2025-06-21	6	11	3197	すかいらーくホールディングス	優待券（電子チケット）	食事券|ポイントサービス	309000.0	100.0	1.29	0.64
2025-06-21	6	12	3469	デュアルタップ	QUOカード	金券|長期保有特典	108000.0	100.0	3.67	1.15
2025-06-21	6	13	2579	コカ・コーラ　ボトラーズジャパンホールディングス	ドリンクチケット	食料品|長期保有特典	235000.0	100.0		2.42
2025-06-21	6	14	2702	日本マクドナルドホールディングス	優待食事券	食事券|長期保有特典	595000.0	100.0		0.94
2025-06-21	6	15	7135	ジャパンクラフトホールディングス	買物優待券	暮らし|長期保有特典	23000.0	100.0	4.32	1.29
2025-06-21	6	16	9416	ビジョン	自社サービス利用券	交通・旅行|暮らし	117000.0	100.0	10.2	3.82
2025-06-21	6	17	2904	一正蒲鉾	自社商品	食料品|長期保有特典|社会貢献	77000.0	100.0		1.8
2025-06-21	6	18	5589	オートサーバー	QUOカード	金券|長期保有特典	259000.0	100.0	3.85	2.54
2025-06-21	6	19	3242	アーバネットコーポレーション	QUOカード	金券	243000.0	500.0	2.05	4.32
2025-06-21	6	20	3097	物語コーポレーション	優待電子カード	食事券|ポイントサービス|長期保有特典	381000.0	100.0	1.83	0.94
2025-06-22	1	1	1928	積水ハウス	新潟県魚沼産コシヒカリ	食料品	3021000.0	1000.0		4.76
2025-06-22	1	2	3071	ストリーム	株主優待割引券	暮らし	10000.0	100.0	9.25	2.77
2025-06-22	1	3	8142	トーホー	買物割引券、自社製品、寄付	食料品|食事券|暮らし|長期保有特典|社会貢献	296000.0	100.0	0.33	5.06
2025-06-22	1	4	2353	日本駐車場開発	自社施設利用券（電子チケット）	交通・旅行|暮らし|教養・娯楽	125000.0	500.0		3.2
2025-06-22	1	5	3415	ＴＯＫＹＯ　ＢＡＳＥ	買物優待券	暮らし|美容・ファッション|長期保有特典	43000.0	100.0	4.61	1.38
2025-06-22	1	6	2590	ダイドーグループホールディングス	自社グループ商品詰合せ	食料品|長期保有特典	524000.0	200.0		1.14
2025-06-22	1	7	3421	稲葉製作所	オリジナル図書カード、地域特産品	食料品|金券	182000.0	100.0	0.54	2.3
2025-06-22	1	8	7097	さくらさくプラス	QUOカード	金券	477000.0	200.0	4.19	1.0
2025-06-22	1	9	7674	ＮＡＴＴＹ　ＳＷＡＮＫＹホールディングス	食事券（電子チケット）	食事券	329000.0	100.0	6.07	
2025-06-22	1	10	2424	ブラス	デジタルギフト・自社ギフト	暮らし|ポイントサービス|長期保有特典	67000.0	100.0		1.19
2025-06-22	1	11	7590	タカショー	プレミアム優待倶楽部ポイント、特別販売カタログ	カタログギフト|ポイントサービス|カレンダー|プレミアム優待倶楽部	41000.0	100.0		1.22
2025-06-22	1	12	3662	エイチームホールディングス	QUOカード	金券	585000.0	500.0	3.41	1.88
2025-06-22	1	13	6654	不二電機工業	QUOカード	金券|長期保有特典	319000.0	300.0	0.31	3.0
2025-06-22	1	14	2997	ストレージ王	トランクルーム割引､QUOカード	金券|暮らし|長期保有特典	85000.0	100.0	5.84	
2025-06-22	1	15	3246	コーセーアールイー	QUOカード	金券|長期保有特典	64000.0	100.0		3.73
2025-06-22	1	16	9166	ＧＥＮＤＡ	自社グループ店クーポン	教養・娯楽|長期保有特典	91000.0	100.0		
2025-06-22	1	17	3399	丸千代山岡家	株主優待券	食料品|食事券	629000.0	100.0	0.31	0.09
2025-06-22	1	18	3070	ジェリービーンズグループ	自社EC サイト・ポイント	暮らし|ポイントサービス|美容・ファッション	24000.0	100.0		
2025-06-22	1	19	3193	エターナルホスピタリティグループ	優待食事券（電子チケット）	ポイントサービス	313000.0	100.0	0.63	1.47
2025-06-22	1	20	7073	ジェイック	QUOカード	金券	223000.0	100.0	1.78	2.01
2025-06-22	3	1	7602	レダックス	株主優待券	暮らし	13000.0	100.0	227.27	2.27
2025-06-22	3	2	9434	ソフトバンク	PayPayポイント	ポイントサービス|長期保有特典	21000.0	100.0		3.95
2025-06-22	3	3	7277	ＴＢＫ	東北地方ブランド米、またはQUOカード	食料品|金券|長期保有特典	28000.0	100.0		2.79
2025-06-22	3	4	9432	日本電信電話	dポイント付与	ポイントサービス|長期保有特典	15000.0	100.0		3.48
2025-06-22	3	5	2801	キッコーマン	自社グループ商品詰合せ	食料品|長期保有特典|社会貢献	127000.0	100.0		1.95
2025-06-22	3	6	3205	ダイドーリミテッド	自社取扱品、買物割引券	美容・ファッション	102000.0	100.0		9.74
2025-06-22	3	7	2928	ＲＩＺＡＰグループ	優待品交換ポイント、優待券	カタログギフト|ポイントサービス|長期保有特典	20000.0	100.0	44.47	
2025-06-22	3	8	4765	ＳＢＩグローバルアセットマネジメント	自社投資情報サービス、暗号資産（仮想通貨）	教養・娯楽|金融サービス|長期保有特典	63000.0	100.0	79.9	
2025-06-22	3	9	9433	ＫＤＤＩ	自社関連サービス	食料品|暮らし|ポイントサービス|長期保有特典|社会貢献	479000.0	200.0		3.33
2025-06-22	3	10	7203	トヨタ自動車	TOYOTA Wallet、モータースポーツ	ポイントサービス|教養・娯楽|長期保有特典	250000.0	100.0	0.19	3.79
2025-06-22	3	11	6433	ヒーハイスト	QUOカード	金券	39000.0	100.0	7.63	0.5
2025-06-22	3	12	5161	西川ゴム工業	QUOカード	金券|長期保有特典|社会貢献	251000.0	100.0	0.19	7.32
2025-06-22	3	13	2296	伊藤ハム米久ホールディングス	自社グループ商品、寄付	食料品|社会貢献	985000.0	200.0	0.5	6.49
2025-06-22	3	14	7267	ホンダ	イベント、見学会、クーポン	交通・旅行|教養・娯楽|長期保有特典	142000.0	100.0		4.91
2025-06-22	3	15	1332	ニッスイ	自社商品	食料品|暮らし	436000.0	500.0	0.68	3.2
2025-06-22	3	16	3880	大王製紙	自社商品	暮らし|長期保有特典	79000.0	100.0		1.77
2025-06-22	3	17	5401	日本製鉄	Ｊリーグ観戦チケット、自社工場見学	教養・娯楽|スポーツ	2732000.0	1000.0		4.39
2025-06-22	3	18	9020	ＪＲ東日本	株主優待割引券、自社施設サービス券、人間ドック割引券	食事券|交通・旅行|長期保有特典	305000.0	100.0		2.03
2025-06-22	3	19	7182	ゆうちょ銀行	オリジナルカタログ商品	食料品|カタログギフト|暮らし|社会貢献	759000.0	500.0	0.39	4.34
2025-06-22	3	20	9831	ヤマダホールディングス	自社優待割引券	暮らし	44000.0	100.0		3.79
2025-06-22	8	1	2404	鉄人化ホールディングス	優待食事券	食料品|食事券|暮らし	48000.0	100.0	6.22	
2025-06-22	8	2	7445	ライトオン	買物優待券	美容・ファッション	29000.0	100.0	10.13	
2025-06-22	8	3	7630	壱番屋	優待食事券	食事券	89000.0	100.0	2.23	1.78
2025-06-22	8	4	8904	ＡＶＡＮＴＩＡ	QUOカード	金券|長期保有特典	78000.0	100.0		4.81
2025-06-22	8	5	8267	イオン	株主優待カード、自社グル―プ優待券	金券|暮らし|長期保有特典	450000.0	100.0		0.9
2025-06-22	8	6	3607	クラウディアホールディングス	株主優待割引券、QUOカード	金券|美容・ファッション	34000.0	100.0	1.46	2.92
2025-06-22	8	7	3826	システムインテグレータ	新潟県産特別栽培米	食料品|長期保有特典	79000.0	200.0		2.27
2025-06-22	8	8	3815	メディア工房	デジタルギフト	ポイントサービス|長期保有特典	57000.0	100.0	6.92	
2025-06-22	8	9	7603	マックハウス	株主優待券	美容・ファッション|長期保有特典	53000.0	100.0	3.76	
2025-06-22	8	10	3198	ＳＦＰホールディングス	優待食事券	食事券	222000.0	100.0	3.59	1.25
2025-06-22	8	11	3543	コメダホールディングス	プリペイドカード「ＫＯＭＥＣＡ」チャージ	食事券|長期保有特典	301000.0	100.0	0.66	1.99
2025-06-22	8	12	3387	クリエイト・レストランツ・ホールディングス	優待食事券	食事券|長期保有特典	141000.0	100.0	2.83	0.63
2025-06-22	8	13	3168	ＭＥＲＦ	QUOカード	金券	53000.0	100.0	0.93	3.75
2025-06-22	8	14	9612	ラックランド	地方産品	食料品|暮らし	99000.0	100.0		
2025-06-22	8	15	7730	マニー	オリジナルQUOカード	金券|長期保有特典|社会貢献	354000.0	300.0		3.29
2025-06-22	8	16	7453	良品計画	割引優待カード	食料品|暮らし	660000.0	100.0		0.66
2025-06-22	8	17	3063	ジェイグループホールディングス	優待食事券	食事券	71000.0	100.0	5.59	0.55
2025-06-22	8	18	3557	ユナイテッド＆コレクティブ	食事優待券（電子）	食事券	91000.0	100.0	10.97	
2025-06-22	8	19	7607	進和	お米券、新潟県ブランド米	食料品|金券|長期保有特典	297000.0	100.0		3.77
2025-06-22	8	20	3048	ビックカメラ	買物優待券	暮らし|長期保有特典	158000.0	100.0	1.89	2.52
2025-06-22	9	1	8798	アドバンスクリエイト	カタログギフト	カタログギフト|暮らし	37000.0	100.0	10.18	
2025-06-22	9	2	6181	タメニー	自社サービス利用券	暮らし	13000.0	100.0	215.82	
2025-06-22	9	3	2201	森永製菓	自社商品、寄付	食料品|長期保有特典|社会貢献	233000.0	100.0		2.78
2025-06-22	9	4	5401	日本製鉄	Ｊリーグ観戦チケット、自社工場見学	教養・娯楽|スポーツ	2732000.0	1000.0		4.39
2025-06-22	9	5	6339	新東工業	QUOカード	金券|長期保有特典	82000.0	100.0		5.31
2025-06-22	9	6	4540	ツムラ	入浴剤バスハーブ、ツムラ漢方記念館見学会招待	暮らし|教養・娯楽|長期保有特典	334000.0	100.0		4.06
2025-06-22	9	7	9831	ヤマダホールディングス	自社優待割引券	暮らし	44000.0	100.0		3.79
2025-06-22	9	8	3814	アルファクス・フード・システム	自社ホテル宿泊券	交通・旅行	31000.0	100.0	21.94	
2025-06-22	9	9	2340	極楽湯ホールディングス	自社無料入浴券	暮らし|長期保有特典	48000.0	100.0		
2025-06-22	9	10	7593	ＶＴホールディングス	自社グループ優待券（レンタカー利用等）	交通・旅行	46000.0	100.0	85.28	5.11
2025-06-22	9	11	7885	タカノ	株主優待商品	食料品	72000.0	100.0	1.38	2.77
2025-06-22	9	12	3002	グンゼ	自社商品、自社通販カタログ割引	暮らし|長期保有特典|社会貢献	346000.0	100.0	0.28	6.23
2025-06-22	9	13	2897	日清食品ホールディングス	自社グループ製品詰合せ、自社クーポン	食料品|暮らし|長期保有特典|社会貢献	294000.0	100.0	0.33	2.37
2025-06-22	9	14	7278	エクセディ	株主優待カタログ	カタログギフト|長期保有特典	415000.0	100.0		6.02
2025-06-22	9	15	4661	オリエンタルランド	自社レジャー施設優待券	教養・娯楽|長期保有特典	1600000.0	500.0	0.49	0.43
2025-06-22	9	16	3598	山喜	買物優待券	美容・ファッション	17000.0	100.0	11.56	1.73
2025-06-22	9	17	6625	ＪＡＬＣＯホールディングス	QUOカード、図書	金券|教養・娯楽	305000.0	1000.0		5.9
2025-06-22	9	18	1848	富士ピー・エス	QUOカード	金券|長期保有特典	47000.0	100.0	1.04	2.93
2025-06-22	9	19	3861	王子ホールディングス	自社グループ商品、植林活動応援	カタログギフト|暮らし|長期保有特典|社会貢献	719000.0	1000.0		5.0
2025-06-22	9	20	3289	東急不動産ホールディングス	優待ポイント、自社リゾートホテル割引券、スポーツ・施設優待券	食料品|カタログギフト|交通・旅行|ポイントサービス|スポーツ|長期保有特典|社会貢献	105000.0	100.0		3.99
2025-06-22	10	1	7856	萩原工業	株主優待品（QUOカード、食料品等）	食料品|金券|暮らし|長期保有特典|社会貢献	149000.0	100.0	0.66	4.34
2025-06-22	10	2	9251	ＡＢ＆Ｃｏｍｐａｎｙ	オンラインストア優待券	美容・ファッション	93000.0	100.0	8.55	3.0
2025-06-22	10	3	212A	フィットイージー	QUOカード、会員割引	金券|スポーツ	235000.0	100.0	2.97	1.02
2025-06-22	10	4	3038	神戸物産	自社カード（VISA ギフトカード）	金券|ポイントサービス|長期保有特典	453000.0	100.0	0.22	0.57
2025-06-22	10	5	9603	エイチ・アイ・エス	株主優待券、自社施設優待券	交通・旅行|教養・娯楽	136000.0	100.0	0.73	1.46
2025-06-22	10	6	8917	ファースト住建	QUOカード、優待品	食料品|金券|長期保有特典	100000.0	100.0		4.29
2025-06-22	10	7	3475	グッドコムアセット	デジタルギフト（重複上場記念）	ポイントサービス	549000.0	500.0	3.64	4.09
2025-06-22	10	8	3121	マーチャント・バンカーズ	QUOカード、自社販売商品	食料品|金券|暮らし|長期保有特典	108000.0	300.0	2.77	0.55
2025-06-22	10	9	8927	明豊エンタープライズ	デジタルギフト	カタログギフト	428000.0	1000.0	3.73	2.8
2025-06-22	10	10	6309	巴工業	自社関連商品	食料品|長期保有特典	278000.0	200.0		3.62
2025-06-22	10	11	7604	梅の花グループ	株主優待証	食事券	82000.0	100.0		1.2
2025-06-22	10	12	7831	ウイルコホールディングス	化粧品等	美容・ファッション	126000.0	1000.0	5.55	1.58
2025-06-22	10	13	9425	ＲｅＹｕｕ　Ｊａｐａｎ	優待割引券、買取券	暮らし	63000.0	100.0	7.84	
2025-06-22	10	14	3031	ラクーンホールディングス	デジタルギフト	ポイントサービス|長期保有特典	354000.0	500.0		3.1
2025-06-22	10	15	2375	ギグワークス	自社グループ割引クーポン	暮らし|美容・ファッション	23000.0	100.0		0.83
2025-06-22	10	16	2910	ロック・フィールド	そうざい券、株主向け会社見学会へのご招待	食事券|教養・娯楽|長期保有特典	150000.0	100.0	0.66	1.59
2025-06-22	10	17	2751	テンポスホールディングス	優待食事券	食事券	337000.0	100.0	2.51	0.26
2025-06-22	10	18	9824	泉州電業	オリジナルQUOカード	金券|長期保有特典	415000.0	100.0	0.24	3.61
2025-06-22	10	19	8079	正栄食品工業	自社製品詰合せ	食料品	386000.0	100.0		1.55
2025-06-22	10	20	9678	カナモト	カタログギフト	カタログギフト|長期保有特典	1540000.0	500.0		2.92
2025-06-22	12	1	7272	ヤマハ発動機	株主優待ポイント、オリジナルカレンダー	ポイントサービス|スポーツ|カレンダー|長期保有特典|社会貢献	108000.0	100.0		4.62
2025-06-22	12	2	1605	ＩＮＰＥＸ	QUOカード、施設見学会	金券|教養・娯楽|長期保有特典|社会貢献	212000.0	100.0		4.24
2025-06-22	12	3	2503	キリンホールディングス	自社商品詰合せ	食料品|美容・ファッション|長期保有特典|社会貢献	203000.0	100.0		3.63
2025-06-22	12	4	4755	楽天グループ	楽天モバイル回線	暮らし	80000.0	100.0		
2025-06-22	12	5	3053	ペッパーフードサービス	自社商品、食事券	食料品|食事券	107000.0	500.0	5.6	
2025-06-22	12	6	2752	フジオフードグループ本社	自社オリジナル商品詰合せ	食料品|食事券	120000.0	100.0	4.99	0.25
2025-06-22	12	7	3197	すかいらーくホールディングス	優待券（電子チケット）	食事券|ポイントサービス	309000.0	100.0	1.29	0.64
2025-06-22	12	8	2579	コカ・コーラ　ボトラーズジャパンホールディングス	ドリンクチケット	食料品|長期保有特典	235000.0	100.0		2.42
2025-06-22	12	9	2702	日本マクドナルドホールディングス	優待食事券	食事券|長期保有特典	595000.0	100.0		0.94
2025-06-22	12	10	9160	ノバレーゼ	カタログギフト、食事割引券	食料品|食事券|カタログギフト|長期保有特典	31000.0	100.0	6.41	
2025-06-22	12	11	7135	ジャパンクラフトホールディングス	買物優待券	暮らし|長期保有特典	23000.0	100.0	4.32	1.29
2025-06-22	12	12	9416	ビジョン	自社サービス利用券	交通・旅行|暮らし	117000.0	100.0	10.2	3.82
2025-06-22	12	13	3003	ヒューリック	カタログギフト	カタログギフト|長期保有特典|社会貢献	441000.0	300.0		3.87
2025-06-22	12	14	4967	小林製薬	自社製品詰合せ、自社商品優待価格販売	暮らし|長期保有特典|社会貢献	550000.0	100.0	1.81	1.88
2025-06-22	12	15	8179	ロイヤルホールディングス	優待食事券	食事券	260000.0	100.0	0.38	1.23
2025-06-22	12	16	7936	アシックス	株主優待割引券、自社通販優待価格割引	美容・ファッション|スポーツ|長期保有特典	330000.0	100.0		0.78
2025-06-22	12	17	3097	物語コーポレーション	優待電子カード	食事券|ポイントサービス|長期保有特典	381000.0	100.0	1.83	0.94
2025-06-22	12	18	3350	メタプラネット	ホテル宿泊割引、ビットコイン関連優待	交通・旅行|金融サービス	178000.0	100.0		
2025-06-22	12	19	3950	ザ・パック	図書カード、オリジナルQUOカード	金券	316000.0	100.0	0.47	3.91
2025-06-22	12	20	3242	アーバネットコーポレーション	QUOカード	金券	243000.0	500.0	2.05	4.32
2025-07-25	1	1	1928	積水ハウス	新潟県魚沼産コシヒカリ	食料品	3285000.0	1000.0		4.38
2025-07-25	1	2	3071	ストリーム	株主優待割引券	暮らし	11000.0	100.0	8.92	2.67
2025-07-25	1	3	2353	日本駐車場開発	自社施設利用券（電子チケット）	交通・旅行|暮らし|教養・娯楽	133000.0	500.0		2.99
2025-07-25	1	4	3421	稲葉製作所	オリジナル図書カード、地域特産品	食料品|金券	182000.0	100.0	0.54	2.3
2025-07-25	1	5	3193	エターナルホスピタリティグループ	優待食事券（電子チケット）	ポイントサービス	315000.0	100.0	0.63	1.45
2025-07-25	1	6	8142	トーホー	買物割引券、自社製品、寄付	食料品|食事券|暮らし|長期保有特典|社会貢献	324000.0	100.0	0.3	4.63
2025-07-25	1	7	7674	ＮＡＴＴＹ　ＳＷＡＮＫＹホールディングス	食事券（電子チケット）	食事券	330000.0	100.0	6.05	
2025-07-25	1	8	2590	ダイドーグループホールディングス	自社グループ商品詰合せ	食料品|長期保有特典	543000.0	200.0		1.1
2025-07-25	1	9	3662	エイチームホールディングス	QUOカード	金券	659000.0	500.0	3.03	1.66
2025-07-25	1	10	3399	丸千代山岡家	株主優待券	食料品|食事券	625000.0	100.0	0.32	0.09
2025-07-25	1	11	7590	タカショー	プレミアム優待倶楽部ポイント、特別販売カタログ	カタログギフト|ポイントサービス|カレンダー|プレミアム優待倶楽部	43000.0	100.0		1.16
2025-07-25	1	12	7097	さくらさくプラス	QUOカード	金券	554000.0	200.0	3.6	0.86
2025-07-25	1	13	6654	不二電機工業	QUOカード	金券|長期保有特典	325000.0	300.0	0.3	2.94
2025-07-25	1	14	3415	ＴＯＫＹＯ　ＢＡＳＥ	買物優待券	暮らし|美容・ファッション|長期保有特典	46000.0	100.0	4.26	1.27
2025-07-25	1	15	7073	ジェイック	QUOカード	金券	250000.0	100.0	1.59	1.79
2025-07-25	1	16	7678	あさくま	自社グループ食事券	食事券	436000.0	100.0	1.6	
2025-07-25	1	17	2424	ブラス	デジタルギフト・自社ギフト	金券|暮らし|ポイントサービス|長期保有特典	70000.0	100.0		1.13
2025-07-25	1	18	9166	ＧＥＮＤＡ	自社グループ店クーポン	教養・娯楽|長期保有特典	96000.0	100.0		
2025-07-25	1	19	2997	ストレージ王	トランクルーム割引､QUOカード	金券|暮らし|長期保有特典	87000.0	100.0	5.69	
2025-07-25	1	20	3070	ジェリービーンズグループ	自社EC サイト・ポイント	暮らし|ポイントサービス|美容・ファッション	27000.0	100.0		
2025-07-25	3	1	7602	レダックス	株主優待券	暮らし	13000.0	100.0	222.22	2.22
2025-07-25	3	2	9434	ソフトバンク	PayPayポイント	ポイントサービス|長期保有特典	21000.0	100.0		3.91
2025-07-25	3	3	9432	ＮＴＴ	dポイント付与	ポイントサービス|長期保有特典	15000.0	100.0		3.47
2025-07-25	3	4	3205	ダイドーリミテッド	自社取扱品、買物割引券	美容・ファッション	97000.0	100.0		10.23
2025-07-25	3	5	7277	ＴＢＫ	東北地方ブランド米、またはQUOカード	食料品|金券|長期保有特典	31000.0	100.0		2.51
2025-07-25	3	6	4765	ＳＢＩグローバルアセットマネジメント	自社投資情報サービス、暗号資産（仮想通貨）	教養・娯楽|金融サービス|長期保有特典	64000.0	100.0	78.05	
2025-07-25	3	7	7203	トヨタ自動車	TOYOTA Wallet、モータースポーツ	ポイントサービス|教養・娯楽|長期保有特典	284000.0	100.0	0.17	3.34
2025-07-25	3	8	2801	キッコーマン	自社グループ商品詰合せ	食料品|長期保有特典|社会貢献	134000.0	100.0		1.85
2025-07-25	3	9	2928	ＲＩＺＡＰグループ	優待品交換ポイント、優待券	カタログギフト|ポイントサービス|長期保有特典	20000.0	100.0	44.47	
2025-07-25	3	10	9433	ＫＤＤＩ	自社関連サービス	食料品|暮らし|ポイントサービス|長期保有特典|社会貢献	502000.0	200.0		3.18
2025-07-25	3	11	6433	ヒーハイスト	QUOカード	金券	42000.0	100.0	7.02	0.46
2025-07-25	3	12	5161	西川ゴム工業	QUOカード	金券|長期保有特典|社会貢献	289000.0	100.0	0.17	6.36
2025-07-25	3	13	2296	伊藤ハム米久ホールディングス	自社グループ商品、寄付	食料品|社会貢献	994000.0	200.0	0.5	6.43
2025-07-25	3	14	7267	ホンダ	イベント、見学会、クーポン	交通・旅行|教養・娯楽|長期保有特典	165000.0	100.0		4.24
2025-07-25	3	15	2269	明治ホールディングス	自社グループ製品詰合せ	食料品|社会貢献	307000.0	100.0	0.48	3.41
2025-07-25	3	16	2897	日清食品ホールディングス	自社グループ製品詰合せ、自社クーポン	食料品|暮らし|長期保有特典|社会貢献	290000.0	100.0	0.34	2.41
2025-07-25	3	17	3880	大王製紙	自社商品	暮らし|長期保有特典	82000.0	100.0		1.68
2025-07-25	3	18	8783	ＧＦＡ	株主優待ポイント、暗号資産付与	ポイントサービス|金融サービス|長期保有特典	25000.0	100.0	39.84	
2025-07-25	3	19	7182	ゆうちょ銀行	オリジナルカタログ商品	食料品|カタログギフト|暮らし|社会貢献	858000.0	500.0	0.34	3.84
2025-07-25	3	20	3137	ファンデリー	食事クーポン	食事券	49000.0	100.0	6.09	
2025-07-25	6	1	7272	ヤマハ発動機	株主優待ポイント、オリジナルカレンダー	ポイントサービス|スポーツ|カレンダー|長期保有特典|社会貢献	115000.0	100.0		4.34
2025-07-25	6	2	3469	デュアルタップ	QUOカード	金券|長期保有特典	79000.0	100.0	5.03	1.57
2025-07-25	6	3	3197	すかいらーくホールディングス	優待券（電子チケット）	食事券|ポイントサービス	292000.0	100.0	1.36	0.68
2025-07-25	6	4	2702	日本マクドナルドホールディングス	優待食事券	食事券|長期保有特典	592000.0	100.0		0.94
2025-07-25	6	5	3053	ペッパーフードサービス	自社商品、食事券	食料品|食事券	103000.0	500.0	5.79	
2025-07-25	6	6	2811	カゴメ	自社製品詰合せ、オリジナル記念品	食料品|長期保有特典	291000.0	100.0		1.64
2025-07-25	6	7	2752	フジオフードグループ本社	自社オリジナル商品詰合せ	食料品|食事券	114000.0	100.0	5.23	0.26
2025-07-25	6	8	9439	エム・エイチ・グループ	オンラインストア株主優待券	美容・ファッション|長期保有特典	20000.0	100.0	15.22	0.23
2025-07-25	6	9	8508	Ｊトラスト	各種利用券	美容・ファッション|教養・娯楽|保育・介護・医療|長期保有特典	45000.0	100.0		3.74
2025-07-25	6	10	3140	ＢＲＵＮＯ	RIZAPグループ商品	カタログギフト	99000.0	100.0	9.08	0.4
2025-07-25	6	11	3097	物語コーポレーション	優待電子カード	食事券|ポイントサービス|長期保有特典	388000.0	100.0		0.92
2025-07-25	6	12	9416	ビジョン	自社サービス利用券	交通・旅行|暮らし	110000.0	100.0	10.85	4.07
2025-07-25	6	13	5884	クラダシ	自社オンラインストア・クーポン	食料品	41000.0	100.0	9.61	
2025-07-25	6	14	3807	フィスコ	自社サービス無料クーポン（IPOナビ）	金融サービス	14000.0	100.0	93.61	
2025-07-25	6	15	2579	コカ・コーラ　ボトラーズジャパンホールディングス	ドリンクチケット	食料品|長期保有特典	234000.0	100.0		2.43
2025-07-25	6	16	2938	オカムラ食品工業	自社商品	食料品	112000.0	100.0	2.66	0.56
2025-07-25	6	17	8165	千趣会	買物優待券	暮らし|長期保有特典	24000.0	100.0	8.19	
2025-07-25	6	18	3950	ザ・パック	図書カード、オリジナルQUOカード	金券	112000.0	100.0	1.33	3.68
2025-07-25	6	19	3191	ジョイフル本田	自社商品券、または地元特産品等	食料品|カタログギフト|暮らし|長期保有特典|社会貢献	205000.0	100.0	1.46	3.12
2025-07-25	6	20	3091	ブロンコビリー	優待食事券、お米	食料品|食事券	373000.0	100.0	1.07	0.69
2025-08-14	7	1	7196	Ｃａｓａ	QUOカード	金券	82000.0	100.0	1.21	3.89
2025-08-14	7	2	3159	丸善ＣＨＩホールディングス	自社商品券	暮らし	32000.0	100.0	1.52	1.22
2025-08-14	7	3	2217	モロゾフ	株主優待券または自社商品	食料品|食事券|長期保有特典	155000.0	100.0		0.89
2025-08-14	7	4	3418	バルニバービ	電子チケット	食事券|暮らし|長期保有特典	114000.0	100.0	2.63	0.65
2025-08-14	7	5	2353	日本駐車場開発	自社施設利用券（電子チケット）	交通・旅行|暮らし|教養・娯楽	143000.0	500.0		2.79
2025-08-14	7	6	4936	アクシージア	自社EC優待券	美容・ファッション|長期保有特典	88000.0	200.0	6.75	2.25
2025-08-14	7	7	2590	ダイドーグループホールディングス	自社グループ商品詰合せ	食料品|長期保有特典	535000.0	200.0		1.12
2025-08-14	7	8	6577	ベストワンドットコム	株主優待割引券､デジタルギフト	金券|交通・旅行|ポイントサービス	228000.0	100.0	4.37	0.78
2025-08-14	7	9	3172	ティーライフ	株主優待券	暮らし	112000.0	100.0	0.89	3.56
2025-08-14	7	10	7674	ＮＡＴＴＹ　ＳＷＡＮＫＹホールディングス	食事券（電子チケット）	食事券	314000.0	100.0	6.35	
2025-08-14	7	11	3539	ＪＭホールディングス	精肉関連商品、グループ商品券	食料品|長期保有特典	298000.0	100.0		1.47
2025-08-14	7	12	3399	丸千代山岡家	株主優待券	食料品|食事券	695000.0	100.0	0.28	0.08
2025-08-14	7	13	3662	エイチームホールディングス	QUOカード	金券	603000.0	500.0	3.31	1.82
2025-08-14	7	14	7126	グローバルスタイル	買物優待券	美容・ファッション	300000.0	200.0	3.33	2.19
2025-08-14	7	15	3931	バリューゴルフ	ゴルフ・サービス割引券、QUOカード	金券|スポーツ	336000.0	200.0	2.97	1.48
2025-08-14	7	16	6091	ウエスコホールディングス	四国・神戸水族館の入場券	教養・娯楽	71000.0	100.0		3.07
2025-08-14	7	17	7590	タカショー	プレミアム優待倶楽部ポイント、特別販売カタログ	カタログギフト|ポイントサービス|カレンダー|プレミアム優待倶楽部	45000.0	100.0		1.11
2025-08-14	7	18	7683	ダブルエー	株主優待券	美容・ファッション	128000.0	100.0		1.32
2025-08-14	7	19	7810	クロスフォー	自社製品（ジュエリー）クーポン券	美容・ファッション	159000.0	1000.0	6.28	0.22
2025-08-14	7	20	3070	ジェリービーンズグループ	自社EC サイト・ポイント	暮らし|ポイントサービス|美容・ファッション|長期保有特典	26000.0	100.0		
2025-09-06	5	1	7388	ＦＰパートナー	QUOカード	金券	217000.0	100.0	2.75	4.32
2025-09-06	5	2	5967	ＴＯＮＥ	自社ＥＣサイト割引	金券|暮らし	58000.0	100.0	5.14	1.54
2025-09-06	5	3	9765	オオバ	QUOカード、チョコレート菓子	食料品|金券|長期保有特典|社会貢献	113000.0	100.0		3.71
2025-09-06	5	4	2722	ＩＫホールディングス	買物優待券、自社製品	食料品|長期保有特典	45000.0	100.0		1.97
2025-09-06	5	5	9216	ビーウィズ	プレミアム優待倶楽部ポイント	カタログギフト|ポイントサービス|長期保有特典|プレミアム優待倶楽部	302000.0	200.0	2.64	5.08
2025-09-06	5	6	5869	早稲田学習研究会	QUOカード	金券|長期保有特典	235000.0	200.0		5.27
2025-09-06	5	7	2168	パソナグループ	抽選式株主優待、施設割引	食事券|交通・旅行|教養・娯楽	215000.0	100.0		3.48
2025-09-06	5	8	3501	ＳＵＭＩＮＯＥ	自社商品、地域特産品	食料品|カタログギフト|暮らし	361000.0	300.0	1.1	3.56
2025-09-06	5	9	1377	サカタのタネ	カタログギフト	カタログギフト|長期保有特典	364000.0	100.0		2.06
2025-09-06	5	10	7487	小津産業	QUOカード、株主優待商品	金券|暮らし	167000.0	100.0	0.59	1.48
2025-09-06	5	11	2792	ハニーズホールディングス	自社商品引換券	美容・ファッション|長期保有特典	155000.0	100.0		3.53
2025-09-06	5	12	3645	メディカルネット	QUOカード	金券|長期保有特典	32000.0	100.0		0.93
2025-09-06	5	13	3148	クリエイトＳＤホールディングス	買物優待券、カタログギフト、全国共通おこめ券	金券|カタログギフト|暮らし	344000.0	100.0	0.43	2.61
2025-09-06	5	14	9278	ブックオフグループホールディングス	買物優待券、買取アップ券	暮らし|長期保有特典	156000.0	100.0	1.28	1.92
2025-09-06	5	15	3297	東武住販	地域特産品	食料品|長期保有特典	113000.0	100.0	0.88	3.53
2025-09-06	5	16	3472	日本ホテル＆レジデンシャル投資法人	宿泊優待ポイント	交通・旅行|ポイントサービス	79000.0	1.0	1.26	
2025-09-06	5	17	3544	サツドラホールディングス	株主優待カード、自社商品券、北海道名産品	食料品|金券|暮らし	83000.0	100.0	1.19	1.43
2025-09-06	5	18	2678	アスクル	割引クーポン	暮らし	155000.0	100.0		2.44
2025-09-06	5	19	4465	ニイタカ	ギフトカード、自社優待商品	金券|交通・旅行|暮らし|社会貢献	216000.0	100.0	0.46	3.51
2025-09-06	5	20	3549	クスリのアオキホールディングス	優待カード、地方名産品	食料品|金券|暮らし	395000.0	100.0	0.37	0.4
2025-09-09	2	1	3382	セブン＆アイ・ホールディングス	グループ共通商品券	金券|長期保有特典	194000.0	100.0	1.02	2.57
2025-09-09	2	2	8267	イオン	株主優待カード、自社グル―プ優待券	金券|暮らし|長期保有特典	176000.0	100.0		0.77
2025-09-09	2	3	7453	良品計画	割引優待カード	食料品|暮らし	307000.0	100.0		0.71
2025-09-09	2	4	8016	オンワードホールディングス	自社グループ製品	カタログギフト|美容・ファッション|長期保有特典	67000.0	100.0		4.41
2025-09-09	2	5	3387	クリエイト・レストランツ・ホールディングス	優待食事券	食事券|長期保有特典	79000.0	100.0	3.75	0.56
2025-09-09	2	6	2930	北の達人コーポレーション	自社商品・ＥＣサイト商品券	食料品|美容・ファッション|長期保有特典	14000.0	100.0	36.63	2.36
2025-09-09	2	7	4596	窪田製薬ホールディングス	自社割引チケット	暮らし	93000.0	1000.0	107.52	
2025-09-09	2	8	8125	ワキタ	ホテル優待券（電子チケット）	交通・旅行	188000.0	100.0	5.31	5.31
2025-09-09	2	9	7630	壱番屋	優待食事券	食事券	93000.0	100.0	2.13	1.7
2025-09-09	2	10	6897	ツインバード	株主優待クーポン	暮らし|長期保有特典	41000.0	100.0	4.83	3.14
2025-09-09	2	11	3087	ドトール・日レスホールディングス	株主優待カード	食事券|ポイントサービス	265000.0	100.0	0.37	2.03
2025-09-09	2	12	3198	ＳＦＰホールディングス	優待食事券	食事券	217000.0	100.0	3.67	1.28
2025-09-09	2	13	3141	ウエルシアホールディングス	株主優待券、ポイント、カタログギフト	食料品|カタログギフト|暮らし|ポイントサービス	292000.0	100.0	1.02	
2025-09-09	2	14	3391	ツルハホールディングス	自社商品券、自社商品詰合せ、株主優待カード	食料品|暮らし|長期保有特典	255000.0	100.0	0.97	
2025-09-09	2	15	3543	コメダホールディングス	プリペイドカード「ＫＯＭＥＣＡ」チャージ	食事券|長期保有特典	304000.0	100.0	0.65	1.97
2025-09-09	2	16	8008	ヨンドシーホールディングス	株主優待券、自社商品、寄付	金券|暮らし|美容・ファッション|社会貢献	173000.0	100.0	0.28	4.78
2025-09-09	2	17	2726	パルグループホールディングス	株主優待券	交通・旅行	286000.0	100.0		1.04
2025-09-09	2	18	3557	ユナイテッド＆コレクティブ	食事優待券（電子）	食事券	94000.0	100.0	10.58	
2025-09-09	2	19	3048	ビックカメラ	買物優待券	暮らし|長期保有特典	165000.0	100.0	1.8	2.41
2025-09-09	2	20	9861	吉野家ホールディングス	買物優待券	食事券	305000.0	100.0	1.3	0.65
2025-09-16	3	1	7602	レダックス	株主優待券	暮らし	13000.0	100.0	222.22	2.22
2025-09-16	3	2	9434	ソフトバンク	PayPayポイント	ポイントサービス|長期保有特典	22000.0	100.0		3.74
2025-09-16	3	3	9432	ＮＴＴ	dポイント付与	ポイントサービス|長期保有特典	16000.0	100.0		3.28
2025-09-16	3	4	7277	ＴＢＫ	東北地方ブランド米、またはQUOカード	食料品|金券|長期保有特典	34000.0	100.0		2.31
2025-09-16	3	5	3205	ダイドーリミテッド	自社取扱品、買物割引券	美容・ファッション	99000.0	100.0		10.09
2025-09-16	3	6	2801	キッコーマン	自社グループ商品詰合せ	食料品|長期保有特典|社会貢献	129000.0	100.0		1.92
2025-09-16	3	7	2897	日清食品ホールディングス	自社グループ製品詰合せ、自社クーポン	食料品|暮らし|長期保有特典|社会貢献	281000.0	100.0	0.35	2.49
2025-09-16	3	8	4765	ＳＢＩグローバルアセットマネジメント	自社投資情報サービス、暗号資産（仮想通貨）	教養・娯楽|金融サービス|長期保有特典	64000.0	100.0	78.41	
2025-09-16	3	9	2928	ＲＩＺＡＰグループ	優待品交換ポイント、優待券	カタログギフト|ポイントサービス|長期保有特典	20000.0	100.0	43.6	
2025-09-16	3	10	2269	明治ホールディングス	自社グループ製品詰合せ	食料品|社会貢献	314000.0	100.0	0.47	3.33
2025-09-16	3	11	8153	モスフードサービス	株主優待券	食事券|長期保有特典	405000.0	100.0	0.49	0.74
2025-09-16	3	12	9433	ＫＤＤＩ	自社関連サービス	食料品|暮らし|ポイントサービス|長期保有特典|社会貢献	499000.0	200.0		3.2
2025-09-16	3	13	9104	商船三井	にっぽん丸クルーズ優待券、フェリー割引券、地域名産品	食料品|交通・旅行|長期保有特典	482000.0	100.0		3.62
2025-09-16	3	14	4526	理研ビタミン	自社製品詰合せ	食料品|長期保有特典	296000.0	100.0	0.67	3.7
2025-09-16	3	15	6594	ニデック	オルゴール記念館すわのね無料入館リーフレット、オルゴール	暮らし|教養・娯楽|長期保有特典	260000.0	100.0		1.63
2025-09-16	3	16	3002	グンゼ	自社商品、自社通販カタログ割引	暮らし|長期保有特典|社会貢献	384000.0	100.0	0.26	5.61
2025-09-16	3	17	5161	西川ゴム工業	QUOカード	金券|長期保有特典|社会貢献	309000.0	100.0	0.16	5.95
2025-09-16	3	18	7203	トヨタ自動車	TOYOTA Wallet、モータースポーツ	ポイントサービス|教養・娯楽|長期保有特典	288000.0	100.0	0.17	3.28
2025-09-16	3	19	9831	ヤマダホールディングス	自社優待割引券	暮らし	49000.0	100.0		3.43
2025-09-16	3	20	7267	ホンダ	イベント、見学会、クーポン	交通・旅行|教養・娯楽|長期保有特典	164000.0	100.0		4.24
2025-09-16	11	1	1419	タマホーム	オリジナルQUOカード	金券|長期保有特典	367000.0	100.0	0.54	5.33
2025-09-16	11	2	7965	象印マホービン	自社商品優待価格販売	暮らし	166000.0	100.0	0.6	3.84
2025-09-16	11	3	7388	ＦＰパートナー	QUOカード	金券	220000.0	100.0	2.72	4.27
2025-09-16	11	4	3377	バイク王＆カンパニー	自社商品購入割引券	暮らし	42000.0	100.0	23.64	2.6
2025-09-16	11	5	1430	ファーストコーポレーション	QUOカード	金券|長期保有特典	489000.0	500.0		4.49
2025-09-16	11	6	2809	キユーピー	自社製品詰合せ	食料品|長期保有特典	417000.0	100.0		1.53
2025-09-16	11	7	9765	オオバ	QUOカード、チョコレート菓子	食料品|金券|長期保有特典|社会貢献	111000.0	100.0		3.76
2025-09-16	11	8	3547	串カツ田中ホールディングス	食事優待券	食事券	261000.0	100.0	0.76	
2025-09-16	11	9	5967	ＴＯＮＥ	自社ＥＣサイト割引	金券|暮らし	58000.0	100.0	5.13	1.54
2025-09-16	11	10	9872	北恵	QUOカード、ギフトカード	金券|カタログギフト	94000.0	100.0	0.53	2.97
2025-09-16	11	11	3139	ラクト・ジャパン	カタログギフト	食料品|カタログギフト|長期保有特典	419000.0	100.0		3.14
2025-09-16	11	12	8095	アステナホールディングス	自社グループ商品	暮らし|美容・ファッション|長期保有特典|社会貢献	259000.0	500.0		3.47
2025-09-16	11	13	9215	ＣａＳｙ	自社サービス利用券	暮らし	103000.0	100.0	7.75	
2025-09-16	11	14	2796	ファーマライズホールディングス	自社グループ商品	暮らし|保育・介護・医療|長期保有特典	50000.0	100.0		2.76
2025-09-16	11	15	2678	アスクル	割引クーポン	暮らし	157000.0	100.0		2.41
2025-09-16	11	16	2769	ヴィレッジヴァンガードコーポレーション	買物優待券	暮らし|長期保有特典	102000.0	100.0		
2025-09-16	11	17	8887	シーラホールディングス	デジタルギフト、自社サービスポイント	金券|ポイントサービス|金融サービス	84000.0	200.0	0.59	2.85
2025-09-16	11	18	8923	トーセイ	QUOカード、ホテル宿泊割引	金券|交通・旅行|長期保有特典	340000.0	100.0	0.88	2.87
2025-09-16	11	19	2830	アヲハタ	自社製品詰合せ	食料品	377000.0	100.0	0.26	0.26
2025-09-16	11	20	4016	ＭＩＴホールディングス	QUOカード	金券	362000.0	300.0	1.38	2.48
2025-09-17	8	1	2404	鉄人化ホールディングス	優待食事券	食料品|食事券|暮らし	54000.0	100.0	5.48	
2025-09-17	8	2	8267	イオン	株主優待カード、自社グル―プ優待券	金券|暮らし|長期保有特典	181000.0	100.0		0.75
2025-09-17	8	3	8783	ａｂｃ	株主優待ポイント、暗号資産付与	ポイントサービス|金融サービス|長期保有特典	39000.0	100.0	25.64	
2025-09-17	8	4	3387	クリエイト・レストランツ・ホールディングス	優待食事券	食事券|長期保有特典	80000.0	100.0	3.72	0.55
2025-09-17	8	5	7445	ライトオン	買物優待券	美容・ファッション	28000.0	100.0	10.6	
2025-09-17	8	6	7453	良品計画	割引優待カード	食料品|暮らし	314000.0	100.0		0.7
2025-09-17	8	7	7630	壱番屋	優待食事券	食事券	94000.0	100.0	2.1	1.68
2025-09-17	8	8	8904	ＡＶＡＮＴＩＡ	QUOカード	金券|長期保有特典	84000.0	100.0		4.49
2025-09-17	8	9	3815	メディア工房	デジタルギフト	金券|ポイントサービス|長期保有特典	50000.0	100.0	7.85	
2025-09-17	8	10	3607	クラウディアホールディングス	株主優待割引券、QUOカード	金券|美容・ファッション	35000.0	100.0	1.41	2.82
2025-09-17	8	11	3198	ＳＦＰホールディングス	優待食事券	食事券	221000.0	100.0	3.6	1.26
2025-09-17	8	12	3543	コメダホールディングス	プリペイドカード「ＫＯＭＥＣＡ」チャージ	食事券|長期保有特典	309000.0	100.0	0.64	1.93
2025-09-17	8	13	3987	エコモット	自社オンラインショップ・ギフトカード	食料品|カタログギフト|ポイントサービス	48000.0	100.0	8.26	
2025-09-17	8	14	3557	ユナイテッド＆コレクティブ	食事優待券（電子）	食事券	94000.0	100.0	10.53	
2025-09-17	8	15	9861	吉野家ホールディングス	買物優待券	食事券	307000.0	100.0	1.29	0.65
2025-09-17	8	16	3826	システムインテグレータ	新潟県産特別栽培米	食料品|長期保有特典	89000.0	200.0		2.02
2025-09-17	8	17	2927	ＡＦＣ－ＨＤアムスライフサイエンス	株主優待割引券・商品引換券	カタログギフト|美容・ファッション	86000.0	100.0	4.6	3.91
2025-09-17	8	18	3048	ビックカメラ	買物優待券	暮らし|長期保有特典	169000.0	100.0	1.76	2.35
2025-09-17	8	19	3548	バロックジャパンリミテッド	店舗、通販サイトで利用可能なクーポン（電子）	美容・ファッション|長期保有特典	77000.0	100.0	5.16	4.91
2025-09-17	8	20	3063	ジェイグループホールディングス	優待食事券	食事券	77000.0	100.0	5.18	0.51
2025-09-18	3	1	7602	レダックス	株主優待券	暮らし	13000.0	100.0	217.39	2.17
2025-09-18	3	2	9434	ソフトバンク	PayPayポイント	ポイントサービス|長期保有特典	22000.0	100.0		3.75
2025-09-18	3	3	9432	ＮＴＴ	dポイント付与	ポイントサービス|長期保有特典	15000.0	100.0		3.31
2025-09-18	3	4	7277	ＴＢＫ	東北地方ブランド米、またはQUOカード	食料品|金券|長期保有特典	34000.0	100.0		2.35
2025-09-18	3	5	3205	ダイドーリミテッド	自社取扱品、買物割引券	美容・ファッション	99000.0	100.0		10.08
2025-09-18	3	6	2801	キッコーマン	自社グループ商品詰合せ	食料品|長期保有特典|社会貢献	130000.0	100.0		1.9
2025-09-18	3	7	2897	日清食品ホールディングス	自社グループ製品詰合せ、自社クーポン	食料品|暮らし|長期保有特典|社会貢献	288000.0	100.0	0.34	2.42
2025-09-18	3	8	4765	ＳＢＩグローバルアセットマネジメント	自社投資情報サービス、暗号資産（仮想通貨）	教養・娯楽|金融サービス|長期保有特典	64000.0	100.0	78.78	
2025-09-18	3	9	2928	ＲＩＺＡＰグループ	優待品交換ポイント、優待券	カタログギフト|ポイントサービス|長期保有特典	20000.0	100.0	43.82	
2025-09-18	3	10	2269	明治ホールディングス	自社グループ製品詰合せ	食料品|社会貢献	314000.0	100.0	0.47	3.33
2025-09-18	3	11	8153	モスフードサービス	株主優待券	食事券|長期保有特典	405000.0	100.0	0.49	0.74
2025-09-18	3	12	9433	ＫＤＤＩ	自社関連サービス	食料品|暮らし|ポイントサービス|長期保有特典|社会貢献	499000.0	200.0		3.2
2025-09-18	3	13	9104	商船三井	にっぽん丸クルーズ優待券、フェリー割引券、地域名産品	食料品|交通・旅行|長期保有特典	479000.0	100.0		3.64
2025-09-18	3	14	5161	西川ゴム工業	QUOカード	金券|長期保有特典|社会貢献	305000.0	100.0	0.16	6.02
2025-09-18	3	15	4526	理研ビタミン	自社製品詰合せ	食料品|長期保有特典	295000.0	100.0	0.67	3.72
2025-09-18	3	16	3002	グンゼ	自社商品、自社通販カタログ割引	暮らし|長期保有特典|社会貢献	384000.0	100.0	0.26	5.62
2025-09-18	3	17	7203	トヨタ自動車	TOYOTA Wallet、モータースポーツ	ポイントサービス|教養・娯楽|長期保有特典	294000.0	100.0	0.17	3.23
2025-09-18	3	18	9831	ヤマダホールディングス	自社優待割引券	暮らし	49000.0	100.0		3.46
2025-09-18	3	19	6594	ニデック	オルゴール記念館すわのね無料入館リーフレット、オルゴール	暮らし|教養・娯楽|長期保有特典	269000.0	100.0		1.57
2025-09-18	3	20	6433	ヒーハイスト	QUOカード	金券	47000.0	100.0	6.34	0.42
2025-09-19	6	1	7272	ヤマハ発動機	株主優待ポイント、オリジナルカレンダー	ポイントサービス|スポーツ|カレンダー|長期保有特典|社会貢献	111000.0	100.0		4.5
2025-09-19	6	2	3197	すかいらーくホールディングス	優待券（電子チケット）	食事券|ポイントサービス	301000.0	100.0	1.32	0.66
2025-09-19	6	3	3053	ペッパーフードサービス	自社商品、食事券	食料品|食事券	93000.0	500.0	6.45	
2025-09-19	6	4	2752	フジオフードグループ本社	自社オリジナル商品詰合せ	食料品|食事券	117000.0	100.0	5.08	0.25
2025-09-19	6	5	2702	日本マクドナルドホールディングス	優待食事券	食事券|長期保有特典	638000.0	100.0		0.87
2025-09-19	6	6	2811	カゴメ	自社製品詰合せ、オリジナル記念品	食料品|長期保有特典	295000.0	100.0		1.62
2025-09-19	6	7	9439	エム・エイチ・グループ	オンラインストア株主優待券	美容・ファッション|長期保有特典	21000.0	100.0	14.8	0.23
2025-09-19	6	8	3469	デュアルタップ	QUOカードPay	金券|ポイントサービス|長期保有特典	85000.0	100.0	4.66	1.45
2025-09-19	6	9	2938	オカムラ食品工業	自社商品	食料品	120000.0	100.0	2.48	0.66
2025-09-19	6	10	3191	ジョイフル本田	自社商品券、または地元特産品等	食料品|カタログギフト|暮らし|長期保有特典|社会貢献	220000.0	100.0	1.36	3.81
2025-09-19	6	11	8165	千趣会	買物優待券	暮らし|長期保有特典	24000.0	100.0	8.19	
2025-09-19	6	12	3807	フィスコ	自社サービス無料クーポン（IPOナビ）	金融サービス	14000.0	100.0	88.59	
2025-09-19	6	13	3097	物語コーポレーション	優待電子カード	食事券|ポイントサービス|長期保有特典	433000.0	100.0		0.92
2025-09-19	6	14	3140	ＢＲＵＮＯ	RIZAPグループ商品	カタログギフト	99000.0	100.0	9.04	0.4
2025-09-19	6	15	9416	ビジョン	自社サービス利用券	交通・旅行|暮らし	120000.0	100.0	9.95	3.73
2025-09-19	6	16	7532	パン・パシフィック・インターナショナルホールディングス	自社グループ電子マネー・ポイント	ポイントサービス	503000.0	100.0	0.79	0.84
2025-09-19	6	17	5884	クラダシ	自社オンラインストア・クーポン	食料品	51000.0	100.0	7.73	
2025-09-19	6	18	3962	チェンジホールディングス	デジタルギフト	金券|ポイントサービス|長期保有特典	340000.0	300.0	4.4	2.02
2025-09-19	6	19	3950	ザ・パック	図書カード、オリジナルQUOカード	金券	120000.0	100.0	1.25	3.44
2025-09-19	6	20	8508	Ｊトラスト	各種利用券	美容・ファッション|教養・娯楽|保育・介護・医療|長期保有特典	44000.0	100.0		3.86
2025-09-19	9	1	3672	オルトプラス	QUOカード（議決権行使）	金券	7000.0	100.0	6.49	
2025-09-19	9	2	6339	新東工業	QUOカード	金券|長期保有特典	100000.0	100.0		4.36
2025-09-19	9	3	6181	タメニー	自社サービス利用券	暮らし	12000.0	100.0	240.0	
2025-09-19	9	4	7278	エクセディ	株主優待カタログ	カタログギフト|長期保有特典	550000.0	100.0		5.45
2025-09-19	9	5	7885	タカノ	株主優待商品	食料品	80000.0	100.0	1.24	2.49
2025-09-19	9	6	2897	日清食品ホールディングス	自社グループ製品詰合せ、自社クーポン	食料品|暮らし|長期保有特典|社会貢献	288000.0	100.0	0.34	2.42
2025-09-19	9	7	7593	ＶＴホールディングス	自社グループ優待券（レンタカー利用等）	交通・旅行	49000.0	100.0	80.48	4.82
2025-09-19	9	8	4658	日本空調サービス	QUOカード	金券	130000.0	100.0	0.76	3.53
2025-09-19	9	9	8153	モスフードサービス	株主優待券	食事券|長期保有特典	405000.0	100.0	0.49	0.74
2025-09-19	9	10	2201	森永製菓	自社商品、寄付	食料品|長期保有特典|社会貢献	265000.0	100.0		2.44
2025-09-19	9	11	9104	商船三井	にっぽん丸クルーズ優待券、フェリー割引券、地域名産品	食料品|交通・旅行|長期保有特典	479000.0	100.0		3.64
2025-09-19	9	12	2340	極楽湯ホールディングス	自社無料入浴券（電子化）	暮らし|長期保有特典	50000.0	100.0		
2025-09-19	9	13	4526	理研ビタミン	自社製品詰合せ	食料品|長期保有特典	295000.0	100.0	0.67	3.72
2025-09-19	9	14	3002	グンゼ	自社商品、自社通販カタログ割引	暮らし|長期保有特典|社会貢献	384000.0	100.0	0.26	5.62
2025-09-19	9	15	6070	キャリアリンク	QUOカード	金券|長期保有特典	239000.0	100.0	0.2	5.01
2025-09-19	9	16	4932	アルマード	自社ECサイトクーポン	食料品|美容・ファッション	117000.0	100.0	0.85	5.54
2025-09-19	9	17	9831	ヤマダホールディングス	自社優待割引券	暮らし	49000.0	100.0		3.46
2025-09-19	9	18	2208	ブルボン	自社グループ製品詰合せ、新潟県ブランド米	食料品|長期保有特典	255000.0	100.0		1.56
2025-09-19	9	19	6625	ＪＡＬＣＯホールディングス	QUOカード、お米券	金券	1266000.0	3000.0	0.39	4.26
2025-09-19	9	20	3861	王子ホールディングス	自社グループ商品、植林活動応援	カタログギフト|暮らし|教養・娯楽|長期保有特典|社会貢献	834000.0	1000.0		4.31
2025-09-20	1	1	1928	積水ハウス	新潟県魚沼産コシヒカリ	食料品	3406000.0	1000.0		4.22
2025-09-20	1	2	3071	ストリーム	株主優待割引券	暮らし	11000.0	100.0	8.92	2.67
2025-09-20	1	3	8142	トーホー	買物割引券、自社製品、寄付	食料品|食事券|暮らし|長期保有特典|社会貢献	340000.0	100.0	0.29	4.4
2025-09-20	1	4	3415	ＴＯＫＹＯ　ＢＡＳＥ	買物優待券	暮らし|美容・ファッション|長期保有特典	46000.0	100.0	4.3	1.29
2025-09-20	1	5	3246	コーセーアールイー	QUOカード	金券|長期保有特典	68000.0	100.0		3.51
2025-09-20	1	6	2353	日本駐車場開発	自社施設利用券（電子チケット）	交通・旅行|暮らし|教養・娯楽	148000.0	500.0		3.04
2025-09-20	1	7	9262	シルバーライフ	自社商品	食料品	171000.0	200.0	2.91	2.1
2025-09-20	1	8	1433	ベステラ	プレミアム優待倶楽部ポイント	カタログギフト|ポイントサービス|長期保有特典|プレミアム優待倶楽部	534000.0	500.0	0.56	3.74
2025-09-20	1	9	3070	ジェリービーンズグループ	自社EC サイト・ポイント	暮らし|ポイントサービス|美容・ファッション|長期保有特典	11000.0	100.0		
2025-09-20	1	10	2997	ストレージ王	トランクルーム割引､QUOカード	金券|暮らし|長期保有特典	98000.0	100.0	5.1	
2025-09-20	1	11	3169	ミサワ	株主限定商品、優待券	暮らし|長期保有特典	67000.0	100.0		1.19
2025-09-20	1	12	8013	ナイガイ	自社オンラインショップ利用ポイント	ポイントサービス|美容・ファッション|長期保有特典	37000.0	100.0		
2025-09-20	1	13	3399	丸千代山岡家	株主優待券	食料品|食事券	337000.0	100.0	0.59	0.62
2025-09-20	1	14	3320	クロスプラス	オンラインストアクーポン券	ポイントサービス|美容・ファッション|長期保有特典	130000.0	100.0	2.3	3.52
2025-09-20	1	15	2590	ダイドーグループホールディングス	自社グループ商品詰合せ	食料品|長期保有特典	515000.0	200.0		1.16
2025-09-20	1	16	3662	エイチームホールディングス	QUOカード	金券	564000.0	500.0	3.54	2.48
2025-09-20	1	17	9166	ＧＥＮＤＡ	自社グループ店クーポン	教養・娯楽|長期保有特典	96000.0	100.0		
2025-09-20	1	18	7674	ＮＡＴＴＹ　ＳＷＡＮＫＹホールディングス	食事券（電子チケット）	食事券	304000.0	100.0	6.56	
2025-09-20	1	19	5248	テクノロジーズ	QUOカードPay	金券|ポイントサービス|長期保有特典	668000.0	1000.0		
2025-09-20	1	20	9632	スバル興業	ＴＯＨＯシネマズ ギフトカード	教養・娯楽|長期保有特典	1715000.0	500.0	0.11	2.33
2025-09-28	9	1	3672	オルトプラス	QUOカード（議決権行使）	金券	7000.0	100.0	6.49	
2025-09-28	9	2	6339	新東工業	QUOカード	金券|長期保有特典	100000.0	100.0		4.36
2025-09-28	9	3	6181	タメニー	自社サービス利用券	暮らし	12000.0	100.0	240.0	
2025-09-28	9	4	7278	エクセディ	株主優待カタログ	カタログギフト|長期保有特典	550000.0	100.0		5.45
2025-09-28	9	5	7885	タカノ	株主優待商品	食料品	80000.0	100.0	1.24	2.49
2025-09-28	9	6	2897	日清食品ホールディングス	自社グループ製品詰合せ、自社クーポン	食料品|暮らし|長期保有特典|社会貢献	288000.0	100.0	0.34	2.42
2025-09-28	9	7	7593	ＶＴホールディングス	自社グループ優待券（レンタカー利用等）	交通・旅行	49000.0	100.0	80.48	4.82
2025-09-28	9	8	4658	日本空調サービス	QUOカード	金券	130000.0	100.0	0.76	3.53
2025-09-28	9	9	8153	モスフードサービス	株主優待券	食事券|長期保有特典	405000.0	100.0	0.49	0.74
2025-09-28	9	10	2201	森永製菓	自社商品、寄付	食料品|長期保有特典|社会貢献	265000.0	100.0		2.44
2025-09-28	9	11	9104	商船三井	にっぽん丸クルーズ優待券、フェリー割引券、地域名産品	食料品|交通・旅行|長期保有特典	479000.0	100.0		3.64
2025-09-28	9	12	2340	極楽湯ホールディングス	自社無料入浴券（電子化）	暮らし|長期保有特典	50000.0	100.0		
2025-09-28	9	13	4526	理研ビタミン	自社製品詰合せ	食料品|長期保有特典	295000.0	100.0	0.67	3.72
2025-09-28	9	14	3002	グンゼ	自社商品、自社通販カタログ割引	暮らし|長期保有特典|社会貢献	384000.0	100.0	0.26	5.62
2025-09-28	9	15	6070	キャリアリンク	QUOカード	金券|長期保有特典	239000.0	100.0	0.2	5.01
2025-09-28	9	16	4932	アルマード	自社ECサイトクーポン	食料品|美容・ファッション	117000.0	100.0	0.85	5.54
2025-09-28	9	17	9831	ヤマダホールディングス	自社優待割引券	暮らし	49000.0	100.0		3.46
2025-09-28	9	18	2208	ブルボン	自社グループ製品詰合せ、新潟県ブランド米	食料品|長期保有特典	255000.0	100.0		1.56
2025-09-28	9	19	6625	ＪＡＬＣＯホールディングス	QUOカード、お米券	金券	1266000.0	3000.0	0.39	4.26
2025-09-28	9	20	3861	王子ホールディングス	自社グループ商品、植林活動応援	カタログギフト|暮らし|教養・娯楽|長期保有特典|社会貢献	834000.0	1000.0		4.31
2025-11-06	12	1	9973	ＫＯＺＯホールディングス	優待券（アプリ）	食料品|食事券	2000.0	100.0	20.83	
2025-11-06	12	2	2503	キリンホールディングス	自社商品詰合せ	食料品|美容・ファッション|長期保有特典|社会貢献	218000.0	100.0		3.38
2025-11-06	12	3	9160	ノバレーゼ	カタログギフト、食事割引券	食料品|食事券|カタログギフト|長期保有特典	34000.0	100.0	5.81	
2025-11-06	12	4	4755	楽天グループ	楽天モバイル回線	暮らし	100000.0	100.0		
2025-11-06	12	5	1605	ＩＮＰＥＸ	QUOカード、施設見学会	金券|教養・娯楽|長期保有特典|社会貢献	283000.0	100.0		3.52
2025-11-06	12	6	3350	メタプラネット	ホテル宿泊割引、ビットコイン関連優待	交通・旅行|金融サービス	44000.0	100.0		
2025-11-06	12	7	7272	ヤマハ発動機	株主優待ポイント、オリジナルカレンダー	ポイントサービス|スポーツ|カレンダー|長期保有特典|社会貢献	110000.0	100.0		4.53
2025-11-06	12	8	3003	ヒューリック	カタログギフト	カタログギフト|長期保有特典|社会貢献	476000.0	300.0		3.78
2025-11-06	12	9	7172	ジャパンインベストメントアドバイザー	オリジナルQUOカード、新聞購読券	金券|教養・娯楽|長期保有特典	202000.0	100.0	4.43	4.29
2025-11-06	12	10	4927	ポーラ・オルビスホールディングス	株主優待ポイント	カタログギフト|ポイントサービス|美容・ファッション|長期保有特典	134000.0	100.0	1.11	3.88
2025-11-06	12	11	6141	ＤＭＧ森精機	ジャパン・ナショナル・オーケストラ（JNO）コンサートご招待	教養・娯楽|長期保有特典	1305000.0	500.0		4.02
2025-11-06	12	12	6630	ヤーマン	自社商品・優待割引券	美容・ファッション|長期保有特典	77000.0	100.0	6.45	1.16
2025-11-06	12	13	4045	東亞合成	自社商品、QUOカード、カタログギフト	金券|カタログギフト|暮らし|長期保有特典	151000.0	100.0		4.3
2025-11-06	12	14	4912	ライオン	自社製品詰合せ	暮らし|長期保有特典	153000.0	100.0		1.95
2025-11-06	12	15	2215	第一屋製パン	自社グループ会社商品詰合せ	食料品	62000.0	100.0		
2025-11-06	12	16	3053	ペッパーフードサービス	自社商品、食事券	食料品|食事券	89000.0	500.0	6.7	
2025-11-06	12	17	3197	すかいらーくホールディングス	優待券（電子チケット）	食事券|ポイントサービス	285000.0	100.0	1.4	0.7
2025-11-06	12	18	3474	Ｇ－ＦＡＣＴＯＲＹ	グループ食事券	食事券	63000.0	100.0	4.75	
2025-11-06	12	19	4404	ミヨシ油脂	QUOカード	金券	222000.0	100.0	0.45	4.5
2025-11-06	12	20	4344	ソースネクスト	株主優待クーポン贈呈	暮らし|長期保有特典	16000.0	100.0	11.97	
2025-11-12	2	1	3382	セブン＆アイ・ホールディングス	グループ共通商品券	金券|長期保有特典	202000.0	100.0	0.98	2.47
2025-11-12	2	2	8016	オンワードホールディングス	自社グループ製品	カタログギフト|美容・ファッション|長期保有特典	67000.0	100.0		4.47
2025-11-12	2	3	2930	北の達人コーポレーション	自社商品・ＥＣサイト商品券	食料品|美容・ファッション|長期保有特典	13000.0	100.0	39.86	2.57
2025-11-12	2	4	3087	ドトール・日レスホールディングス	株主優待カード	食事券|ポイントサービス	243000.0	100.0	0.41	2.21
2025-11-12	2	5	3387	クリエイト・レストランツ・ホールディングス	優待食事券	食事券|長期保有特典	75000.0	100.0	3.98	0.59
2025-11-12	2	6	4596	窪田製薬ホールディングス	自社割引チケット	暮らし	58000.0	1000.0	172.41	
2025-11-12	2	7	8267	イオン	株主優待カード、自社グル―プ優待券	金券|暮らし|長期保有特典	239000.0	100.0		0.57
2025-11-12	2	8	7630	壱番屋	優待食事券	食事券	90000.0	100.0	2.2	1.76
2025-11-12	2	9	8125	ワキタ	ホテル優待券（電子チケット）	交通・旅行	181000.0	100.0	5.49	5.49
2025-11-12	2	10	7453	良品計画	割引優待カード	食料品|暮らし	339000.0	100.0		0.82
2025-11-12	2	11	8008	ヨンドシーホールディングス	株主優待券、自社商品、寄付	金券|暮らし|美容・ファッション|社会貢献	174000.0	100.0	0.28	4.76
2025-11-12	2	12	3557	ユナイテッド＆コレクティブ	食事優待券（電子）	食事券	94000.0	100.0	10.57	
2025-11-12	2	13	6897	ツインバード	株主優待クーポン	暮らし|長期保有特典	41000.0	100.0	4.87	3.17
2025-11-12	2	14	3543	コメダホールディングス	プリペイドカード「ＫＯＭＥＣＡ」チャージ	食事券|長期保有特典	295000.0	100.0	0.67	2.02
2025-11-12	2	15	8166	タカキュー	買物優待券	美容・ファッション|長期保有特典	46000.0	500.0	13.04	
2025-11-12	2	16	3198	ＳＦＰホールディングス	優待食事券	食事券	201000.0	100.0	3.96	1.38
2025-11-12	2	17	3479	ティーケーピー	優待券（宿泊、レストラン）	食事券|交通・旅行	173000.0	100.0	5.77	
2025-11-12	2	18	2726	パルグループホールディングス	株主優待券	交通・旅行	209000.0	100.0		1.43
2025-11-12	2	19	9861	吉野家ホールディングス	買物優待券	食事券	301000.0	100.0	1.32	0.72
2025-11-12	2	20	3141	ウエルシアホールディングス	株主優待券、ポイント、カタログギフト	食料品|カタログギフト|暮らし|ポイントサービス	315000.0	100.0	0.95	
2025-11-12	5	1	7388	ＦＰパートナー	QUOカード	金券	236000.0	100.0	2.54	3.98
2025-11-12	5	2	9765	オオバ	QUOカード、チョコレート菓子	食料品|金券|長期保有特典|社会貢献	111000.0	100.0		3.78
2025-11-12	5	3	4825	ウェザーニューズ	自社サービス「ウェザーニュース」無料利用権	暮らし	403000.0	100.0	0.91	2.23
2025-11-12	5	4	2678	アスクル	割引クーポン	暮らし	145000.0	100.0		2.61
2025-11-12	5	5	4465	ニイタカ	ギフトカード、自社優待商品	金券|交通・旅行|暮らし|長期保有特典|社会貢献	258000.0	100.0	0.38	2.94
2025-11-12	5	6	5967	ＴＯＮＥ	自社ＥＣサイト割引	金券|暮らし	62000.0	100.0	4.79	1.43
2025-11-12	5	7	138A	光フードサービス	食事券（電子チケット）	食事券	283000.0	100.0	3.53	1.41
2025-11-12	5	8	2722	ＩＫホールディングス	買物優待券、自社製品	食料品|長期保有特典	39000.0	100.0		2.26
2025-11-12	5	9	2168	パソナグループ	抽選式株主優待、施設割引	食事券|交通・旅行|教養・娯楽	191000.0	100.0		3.91
2025-11-12	5	10	3148	クリエイトＳＤホールディングス	買物優待券、カタログギフト、全国共通おこめ券	金券|カタログギフト|暮らし	322000.0	100.0	0.46	2.79
2025-11-12	5	11	1377	サカタのタネ	カタログギフト	カタログギフト|長期保有特典	395000.0	100.0		1.89
2025-11-12	5	12	2792	ハニーズホールディングス	自社商品引換券	美容・ファッション|長期保有特典	149000.0	100.0		3.67
2025-11-12	5	13	9216	ビーウィズ	プレミアム優待倶楽部ポイント	カタログギフト|ポイントサービス|長期保有特典|プレミアム優待倶楽部	304000.0	200.0	2.63	5.06
2025-11-12	5	14	9278	ブックオフグループホールディングス	買物優待券、買取アップ券	暮らし|長期保有特典	136000.0	100.0	1.46	2.19
2025-11-12	5	15	3201	日本毛織	株主優待割引券、QUOカード	金券|カタログギフト|暮らし|長期保有特典	163000.0	100.0		2.57
2025-11-12	5	16	5869	早稲田学習研究会	QUOカード	金券|長期保有特典	244000.0	200.0		5.08
2025-11-12	5	17	3472	日本ホテル＆レジデンシャル投資法人	宿泊優待ポイント	交通・旅行|ポイントサービス	84000.0	1.0	1.18	
2025-11-12	5	18	3645	メディカルネット	QUOカード	金券|長期保有特典	30000.0	100.0		0.99
2025-11-12	5	19	6634	ネクスグループ	株主優待券	交通・旅行	12000.0	100.0		
2025-11-12	5	20	3501	ＳＵＭＩＮＯＥ	自社商品、地域特産品	食料品|カタログギフト|暮らし	365000.0	300.0	1.09	3.52
2025-11-12	7	1	3665	エニグモ	自社クーポン	暮らし|長期保有特典	81000.0	200.0		7.35
2025-11-12	7	2	2217	モロゾフ	株主優待券または自社商品	食料品|食事券|長期保有特典	149000.0	100.0		0.93
2025-11-12	7	3	3159	丸善ＣＨＩホールディングス	自社商品券	暮らし	33000.0	100.0	1.51	1.2
2025-11-12	7	4	2353	日本駐車場開発	自社施設利用券（電子チケット）	交通・旅行|暮らし|教養・娯楽	136000.0	500.0		3.3
2025-11-12	7	5	3539	ＪＭホールディングス	精肉関連商品、グループ商品券	食料品|長期保有特典	152000.0	100.0		1.57
2025-11-12	7	6	3418	バルニバービ	電子チケット	食事券|暮らし|長期保有特典	110000.0	100.0	2.71	0.67
2025-11-12	7	7	7196	Ｃａｓａ	QUOカード	金券	71000.0	100.0	1.39	2.08
2025-11-12	7	8	2590	ダイドーグループホールディングス	自社グループ商品詰合せ	食料品|長期保有特典	486000.0	200.0		1.23
2025-11-12	7	9	4936	アクシージア	自社EC優待券	美容・ファッション|長期保有特典	87000.0	200.0	6.89	2.29
2025-11-12	7	10	3399	丸千代山岡家	株主優待券	食料品|食事券	281000.0	100.0	0.71	0.74
2025-11-12	7	11	6577	ベストワンドットコム	株主優待割引券､デジタルギフト	金券|交通・旅行|ポイントサービス	196000.0	100.0	5.08	1.01
2025-11-12	7	12	7674	ＮＡＴＴＹ　ＳＷＡＮＫＹホールディングス	食事券（電子チケット）	食事券	303000.0	100.0	6.6	
2025-11-12	7	13	3662	エイチームホールディングス	QUOカード	金券	547000.0	500.0	3.65	2.55
2025-11-12	7	14	9166	ＧＥＮＤＡ	自社グループ店クーポン	教養・娯楽|長期保有特典	63000.0	100.0		
2025-11-12	7	15	3421	稲葉製作所	オリジナル図書カード、地域特産品	食料品|金券	158000.0	100.0	0.62	2.76
2025-11-12	7	16	3070	ジェリービーンズグループ	自社EC サイト・ポイント	暮らし|ポイントサービス|美容・ファッション|長期保有特典	9000.0	100.0		
2025-11-12	7	17	7683	ダブルエー	株主優待券	美容・ファッション	134000.0	100.0		1.26
2025-11-12	7	18	3172	ティーライフ	株主優待券	暮らし	115000.0	100.0	1.73	2.6
2025-11-12	7	19	5248	テクノロジーズ	QUOカードPay	金券|ポイントサービス|長期保有特典	615000.0	1000.0		
2025-11-12	7	20	4934	プレミアアンチエイジング	自社通販サイト・ポイント	ポイントサービス|美容・ファッション	69000.0	100.0	6.01	
2025-11-12	8	1	3387	クリエイト・レストランツ・ホールディングス	優待食事券	食事券|長期保有特典	75000.0	100.0	3.98	0.59
2025-11-12	8	2	2404	鉄人化ホールディングス	優待食事券	食料品|食事券|暮らし	47000.0	100.0	6.32	
2025-11-12	8	3	7445	ライトオン	買物優待券	美容・ファッション	25000.0	100.0	11.62	
2025-11-12	8	4	8267	イオン	株主優待カード、自社グル―プ優待券	金券|暮らし|長期保有特典	239000.0	100.0		0.57
2025-11-12	8	5	7630	壱番屋	優待食事券	食事券	90000.0	100.0	2.2	1.76
2025-11-12	8	6	8783	ａｂｃ	株主優待ポイント、暗号資産付与	ポイントサービス|金融サービス|長期保有特典	30000.0	100.0	32.46	
2025-11-12	8	7	3815	メディア工房	デジタルギフト	金券|ポイントサービス|長期保有特典	52000.0	100.0	7.64	
2025-11-12	8	8	7453	良品計画	割引優待カード	食料品|暮らし	339000.0	100.0		0.82
2025-11-12	8	9	3557	ユナイテッド＆コレクティブ	食事優待券（電子）	食事券	94000.0	100.0	10.57	
2025-11-12	8	10	3543	コメダホールディングス	プリペイドカード「ＫＯＭＥＣＡ」チャージ	食事券|長期保有特典	295000.0	100.0	0.67	2.02
2025-11-12	8	11	3198	ＳＦＰホールディングス	優待食事券	食事券	201000.0	100.0	3.96	1.38
2025-11-12	8	12	3607	クラウディアホールディングス	株主優待割引券、QUOカード	金券|美容・ファッション	32000.0	100.0	1.54	3.09
2025-11-12	8	13	9861	吉野家ホールディングス	買物優待券	食事券	301000.0	100.0	1.32	0.72
2025-11-12	8	14	3048	ビックカメラ	買物優待券	暮らし|長期保有特典	155000.0	100.0	1.92	2.63
2025-11-12	8	15	2927	ＡＦＣ－ＨＤアムスライフサイエンス	株主優待割引券・商品引換券	カタログギフト|美容・ファッション	85000.0	100.0	11.66	4.2
2025-11-12	8	16	9418	Ｕ－ＮＥＸＴ　ＨＯＬＤＩＮＧＳ	コンテンツ配信サービス｢U-NEXT｣	暮らし|ポイントサービス|長期保有特典	204000.0	100.0	0.49	0.83
2025-11-12	8	17	367A	プリモグローバルホールディングス	商品券	美容・ファッション	589000.0	300.0	0.84	6.11
2025-11-12	8	18	3498	霞ヶ関キャピタル	株主優待ポイント	交通・旅行|暮らし|ポイントサービス|長期保有特典	811000.0	100.0		2.03
2025-11-12	8	19	3987	エコモット	自社オンラインショップ・ギフトカード	食料品|カタログギフト|ポイントサービス	43000.0	100.0	9.11	
2025-11-12	8	20	3063	ジェイグループホールディングス	優待食事券	食事券	76000.0	100.0	5.26	0.52
2025-11-12	9	1	3672	オルトプラス	QUOカード（議決権行使）	金券	6000.0	100.0	7.46	
2025-11-12	9	2	6181	タメニー	自社サービス利用券	暮らし	11000.0	100.0	267.85	
2025-11-12	9	3	2897	日清食品ホールディングス	自社グループ製品詰合せ、自社クーポン	食料品|暮らし|長期保有特典|社会貢献	269000.0	100.0	0.37	2.59
2025-11-12	9	4	8136	サンリオ	テーマパーク優待券、買物優待券	暮らし|教養・娯楽|長期保有特典	593000.0	100.0	0.33	1.04
2025-11-12	9	5	4661	オリエンタルランド	自社レジャー施設優待券	教養・娯楽|長期保有特典	1535000.0	500.0	0.51	0.45
2025-11-12	9	6	2201	森永製菓	自社商品、寄付	食料品|長期保有特典|社会貢献	268000.0	100.0		2.41
2025-11-12	9	7	9104	商船三井	にっぽん丸クルーズ優待券、フェリー割引券、地域名産品	食料品|交通・旅行|長期保有特典	438000.0	100.0		4.56
2025-11-12	9	8	9831	ヤマダホールディングス	自社優待割引券	暮らし	45000.0	100.0		3.71
2025-11-12	9	9	5401	日本製鉄	Ｊリーグ観戦チケット、自社工場見学	教養・娯楽|スポーツ	608000.0	1000.0		3.94
2025-11-12	9	10	3861	王子ホールディングス	自社グループ商品、植林活動応援	カタログギフト|暮らし|教養・娯楽|長期保有特典|社会貢献	775000.0	1000.0		4.64
2025-11-12	9	11	7593	ＶＴホールディングス	自社グループ優待券（レンタカー利用等）	交通・旅行	49000.0	100.0	80.8	4.84
2025-11-12	9	12	2340	極楽湯ホールディングス	自社無料入浴券（電子化）	暮らし|長期保有特典	48000.0	100.0		
2025-11-12	9	13	9202	ＡＮＡホールディングス	株主優待航空割引･自社グループ優待券･カレンダー	食事券|交通・旅行|暮らし|スポーツ|カレンダー|長期保有特典	302000.0	100.0		1.98
2025-11-12	9	14	4540	ツムラ	入浴剤バスハーブ、ツムラ漢方記念館見学会招待	暮らし|教養・娯楽|長期保有特典	394000.0	100.0		3.65
2025-11-12	9	15	1518	三井松島ホールディングス	レストラン優待券、商品優待券	食事券|暮らし|美容・ファッション	131000.0	100.0	11.29	4.88
2025-11-12	9	16	2208	ブルボン	自社グループ製品詰合せ、新潟県ブランド米	食料品|長期保有特典	241000.0	100.0		1.65
2025-11-12	9	17	9021	ＪＲ西日本	鉄道優待、グループ優待	食事券|交通・旅行|カレンダー|長期保有特典	301000.0	100.0		3.0
2025-11-12	9	18	3002	グンゼ	自社商品、自社通販カタログ割引	暮らし|長期保有特典|社会貢献	386000.0	100.0	0.25	5.58
2025-11-12	9	19	2267	ヤクルト本社	自社商品詰合せ、東京ヤクルトスワローズオフィシャルファンクラブ無料入会権	食料品|暮らし|スポーツ|長期保有特典	248000.0	100.0		2.65
2025-11-12	9	20	9936	王将フードサービス	優待食事券	食事券	309000.0	100.0	1.29	1.8
2025-11-12	10	1	7856	萩原工業	株主優待品（QUOカード、食料品等）	食料品|金券|暮らし|長期保有特典|社会貢献	157000.0	100.0	0.63	4.11
2025-11-12	10	2	9251	ＡＢ＆Ｃｏｍｐａｎｙ	オンラインストア優待券	美容・ファッション	108000.0	100.0	6.47	5.55
2025-11-12	10	3	3038	神戸物産	自社カード（VISA ギフトカード）	金券|ポイントサービス|長期保有特典	376000.0	100.0	0.26	0.69
2025-11-12	10	4	9824	泉州電業	オリジナルQUOカード	金券|長期保有特典	461000.0	100.0	0.21	3.25
2025-11-12	10	5	3134	Ｈａｍｅｅ	自社グループクーポン	暮らし|ポイントサービス	53000.0	100.0	5.62	4.22
2025-11-12	10	6	9603	エイチ・アイ・エス	株主優待券、自社施設優待券	交通・旅行|教養・娯楽	132000.0	100.0	0.75	1.5
2025-11-12	10	7	8079	正栄食品工業	自社製品詰合せ	食料品	399000.0	100.0		1.5
2025-11-12	10	8	2301	学情	オリジナルQUOカード	金券	793000.0	500.0	0.37	4.22
2025-11-12	10	9	3031	ラクーンホールディングス	デジタルギフト	金券|ポイントサービス|長期保有特典	321000.0	500.0		3.42
2025-11-12	10	10	3121	マーチャント・バンカーズ	QUOカード	金券|長期保有特典	81000.0	300.0		0.73
2025-11-12	10	11	212A	フィットイージー	QUOカード、会員割引	金券|スポーツ	260000.0	100.0	2.68	0.92
2025-11-12	10	12	2375	ギグワークス	自社グループ割引クーポン、デジタルギフト	金券|暮らし|ポイントサービス|美容・ファッション	22000.0	100.0		0.9
2025-11-12	10	13	8917	ファースト住建	QUOカード、優待品	食料品|金券|長期保有特典	115000.0	100.0		3.72
2025-11-12	10	14	6309	巴工業	自社関連商品	食料品|長期保有特典	323000.0	200.0		3.11
2025-11-12	10	15	7604	梅の花グループ	株主優待証	食事券	80000.0	100.0		1.23
2025-11-12	10	16	8927	明豊エンタープライズ	デジタルギフト	金券|ポイントサービス	488000.0	1000.0	3.27	2.66
2025-11-12	10	17	9279	ギフトホールディングス	食事優待券（電子チケット）	食事券|長期保有特典	322000.0	100.0	0.62	0.68
2025-11-12	10	18	2910	ロック・フィールド	そうざい券、株主向け会社見学会へのご招待	食事券|教養・娯楽|長期保有特典	142000.0	100.0		1.68
2025-11-12	10	19	2751	テンポスホールディングス	優待食事券	食事券|長期保有特典	346000.0	100.0	2.3	0.26
2025-11-12	10	20	2923	サトウ食品	自社グループ商品詰合せ	食料品	795000.0	100.0	0.12	
2025-11-12	11	1	1419	タマホーム	オリジナルQUOカード	金券|長期保有特典	367000.0	100.0	0.54	5.33
2025-11-12	11	2	3547	串カツ田中ホールディングス	食事優待券	食事券	220000.0	100.0	0.9	
2025-11-12	11	3	3377	バイク王＆カンパニー	自社商品購入割引券	暮らし	40000.0	100.0	24.57	2.7
2025-11-12	11	4	7965	象印マホービン	自社商品優待価格販売	暮らし	167000.0	100.0	0.59	3.81
2025-11-12	11	5	7997	くろがね工作所	QUOカード	金券	112000.0	100.0	0.89	3.56
2025-11-12	11	6	3139	ラクト・ジャパン	カタログギフト	食料品|カタログギフト|長期保有特典|社会貢献	359000.0	100.0		3.67
2025-11-12	11	7	7388	ＦＰパートナー	QUOカード	金券	236000.0	100.0	2.54	3.98
2025-11-12	11	8	1430	ファーストコーポレーション	QUOカード	金券|長期保有特典	465000.0	500.0		4.73
2025-11-12	11	9	2809	キユーピー	自社製品詰合せ	食料品|長期保有特典	423000.0	100.0		1.51
2025-11-12	11	10	5341	ＡＳＡＨＩ　ＥＩＴＯホールディングス	優待商品、雑貨通販クーポン	暮らし	33000.0	100.0	1.19	
2025-11-12	11	11	9872	北恵	QUOカード、ギフトカード	金券|カタログギフト	97000.0	100.0	0.51	2.86
2025-11-12	11	12	9765	オオバ	QUOカード、チョコレート菓子	食料品|金券|長期保有特典|社会貢献	111000.0	100.0		3.78
2025-11-12	11	13	8095	アステナホールディングス	自社グループ商品	暮らし|美容・ファッション|長期保有特典|社会貢献	240000.0	500.0		3.75
2025-11-12	11	14	3077	ホリイフードサービス	電子クーポンまたは、食事券	食事券|暮らし	285000.0	500.0	3.5	
2025-11-12	11	15	4825	ウェザーニューズ	自社サービス「ウェザーニュース」無料利用権	暮らし	403000.0	100.0	0.91	2.23
2025-11-12	11	16	2678	アスクル	割引クーポン	暮らし	145000.0	100.0		2.61
2025-11-12	11	17	5527	ｐｒｏｐｅｒｔｙ　ｔｅｃｈｎｏｌｏｇｉｅｓ	QUOカード	金券	236000.0	300.0	2.11	3.17
2025-11-12	11	18	8923	トーセイ	QUOカード、ホテル宿泊割引	金券|交通・旅行|長期保有特典	326000.0	100.0	0.91	3.06
2025-11-12	11	19	4465	ニイタカ	ギフトカード、自社優待商品	金券|交通・旅行|暮らし|長期保有特典|社会貢献	258000.0	100.0	0.38	2.94
2025-11-12	11	20	5967	ＴＯＮＥ	自社ＥＣサイト割引	金券|暮らし	62000.0	100.0	4.79	1.43
2025-11-13	1	1	1928	積水ハウス	新潟県魚沼産コシヒカリ	食料品	3393000.0	1000.0		4.24
2025-11-13	1	2	3071	ストリーム	株主優待割引券	暮らし	10000.0	100.0	9.43	2.83
2025-11-13	1	3	8142	トーホー	買物割引券、自社製品、寄付	食料品|食事券|暮らし|長期保有特典|社会貢献	334000.0	100.0	0.29	4.48
2025-11-13	1	4	3415	ＴＯＫＹＯ　ＢＡＳＥ	買物優待券	暮らし|美容・ファッション|長期保有特典	46000.0	100.0	4.29	1.28
2025-11-13	1	5	3246	コーセーアールイー	QUOカード	金券|長期保有特典	70000.0	100.0		3.4
2025-11-13	1	6	2353	日本駐車場開発	自社施設利用券（電子チケット）	交通・旅行|暮らし|教養・娯楽	137000.0	500.0		3.28
2025-11-13	1	7	1433	ベステラ	プレミアム優待倶楽部ポイント	カタログギフト|ポイントサービス|長期保有特典|プレミアム優待倶楽部	545000.0	500.0	0.55	3.67
2025-11-13	1	8	3169	ミサワ	株主限定商品、優待券	暮らし|長期保有特典	69000.0	100.0		1.14
2025-11-13	1	9	2997	ストレージ王	トランクルーム割引､QUOカード	金券|暮らし|長期保有特典	101000.0	100.0	4.93	
2025-11-13	1	10	9262	シルバーライフ	自社商品	食料品	174000.0	200.0	2.86	2.05
2025-11-13	1	11	3320	クロスプラス	オンラインストアクーポン券	ポイントサービス|美容・ファッション|長期保有特典	131000.0	100.0	2.27	3.49
2025-11-13	1	12	2590	ダイドーグループホールディングス	自社グループ商品詰合せ	食料品|長期保有特典	488000.0	200.0		1.23
2025-11-13	1	13	3399	丸千代山岡家	株主優待券	食料品|食事券	301000.0	100.0	0.66	0.69
2025-11-13	1	14	7674	ＮＡＴＴＹ　ＳＷＡＮＫＹホールディングス	食事券（電子チケット）	食事券	303000.0	100.0	6.58	
2025-11-13	1	15	9166	ＧＥＮＤＡ	自社グループ店クーポン	教養・娯楽|長期保有特典	65000.0	100.0		
2025-11-13	1	16	3662	エイチームホールディングス	QUOカード	金券	559000.0	500.0	3.57	2.5
2025-11-13	1	17	3070	ジェリービーンズグループ	自社EC サイト・ポイント	暮らし|ポイントサービス|美容・ファッション|長期保有特典	9000.0	100.0		
2025-11-13	1	18	3421	稲葉製作所	オリジナル図書カード、地域特産品	食料品|金券	159000.0	100.0	0.62	2.75
2025-11-13	1	19	9632	スバル興業	ＴＯＨＯシネマズ ギフトカード	教養・娯楽|長期保有特典	1647000.0	500.0	0.12	2.42
2025-11-13	1	20	7683	ダブルエー	株主優待券	美容・ファッション	133000.0	100.0		1.27
2025-11-19	9	1	3672	オルトプラス	QUOカード（議決権行使）	金券	6000.0	100.0	8.33	
2025-11-19	9	2	6181	タメニー	自社サービス利用券	暮らし	11000.0	100.0	267.85	
2025-11-19	9	3	2201	森永製菓	自社商品、寄付	食料品|長期保有特典|社会貢献	264000.0	100.0		2.46
2025-11-19	9	4	4661	オリエンタルランド	自社レジャー施設優待券	教養・娯楽|長期保有特典	1502000.0	500.0	0.52	0.46
2025-11-19	9	5	2897	日清食品ホールディングス	自社グループ製品詰合せ、自社クーポン	食料品|暮らし|長期保有特典|社会貢献	283000.0	100.0	0.35	2.46
2025-11-19	9	6	8136	サンリオ	テーマパーク優待券、買物優待券	暮らし|教養・娯楽|長期保有特典	553000.0	100.0	0.36	1.11
2025-11-19	9	7	2340	極楽湯ホールディングス	自社無料入浴券（電子化）	暮らし|長期保有特典	47000.0	100.0		
2025-11-19	9	8	9831	ヤマダホールディングス	自社優待割引券	暮らし	45000.0	100.0		3.71
2025-11-19	9	9	7593	ＶＴホールディングス	自社グループ優待券（レンタカー利用等）	交通・旅行	49000.0	100.0	80.32	4.81
2025-11-19	9	10	9104	商船三井	にっぽん丸クルーズ優待券、フェリー割引券、地域名産品	食料品|交通・旅行|長期保有特典	435000.0	100.0		4.59
2025-11-19	9	11	4751	サイバーエージェント	AbemaTV視聴クーポン	教養・娯楽	136000.0	100.0	2.1	1.38
2025-11-19	9	12	3861	王子ホールディングス	自社グループ商品、植林活動応援	カタログギフト|暮らし|教養・娯楽|長期保有特典|社会貢献	781000.0	1000.0		4.6
2025-11-19	9	13	1518	三井松島ホールディングス	レストラン優待券、商品優待券	食事券|暮らし|美容・ファッション	127000.0	100.0	11.59	5.01
2025-11-19	9	14	7806	ＭＴＧ	自社製品	ポイントサービス|美容・ファッション|長期保有特典	472000.0	100.0		0.63
2025-11-19	9	15	9202	ＡＮＡホールディングス	株主優待航空割引･自社グループ優待券･カレンダー	食事券|交通・旅行|暮らし|スポーツ|カレンダー|長期保有特典	290000.0	100.0		2.06
2025-11-19	9	16	5401	日本製鉄	Ｊリーグ観戦チケット、自社工場見学	教養・娯楽|スポーツ	610000.0	1000.0		3.93
2025-11-19	9	17	4540	ツムラ	入浴剤バスハーブ、ツムラ漢方記念館見学会招待	暮らし|教養・娯楽|長期保有特典	382000.0	100.0		3.76
2025-11-19	9	18	2208	ブルボン	自社グループ製品詰合せ、新潟県ブランド米	食料品|長期保有特典	240000.0	100.0		1.66
2025-11-19	9	19	3002	グンゼ	自社商品、自社通販カタログ割引	暮らし|長期保有特典|社会貢献	389000.0	100.0	0.25	5.54
2025-11-19	9	20	6339	新東工業	QUOカード	金券|長期保有特典	97000.0	100.0		4.49
2026-01-02	5	1	5967	ＴＯＮＥ	自社ＥＣサイト割引	金券|暮らし	48000.0	100.0	6.23	1.87
2026-01-02	5	2	7388	ＦＰパートナー	QUOカード	金券	212000.0	100.0	2.82	4.43
2026-01-02	5	3	2722	ＩＫホールディングス	買物優待券、自社製品	食料品|長期保有特典	40000.0	100.0		2.25
2026-01-02	5	4	3549	クスリのアオキホールディングス	優待カード、地方名産品	食料品|金券|暮らし	467000.0	100.0	0.32	1.19
2026-01-02	5	5	5869	早稲田学習研究会	QUOカード	金券|長期保有特典	246000.0	200.0		5.04
2026-01-02	5	6	9216	ビーウィズ	プレミアム優待倶楽部ポイント	カタログギフト|ポイントサービス|長期保有特典|プレミアム優待倶楽部	329000.0	200.0	2.43	4.67
2026-01-02	5	7	2168	パソナグループ	抽選式株主優待、施設割引	食事券|交通・旅行|教養・娯楽	202000.0	100.0		3.7
2026-01-02	5	8	2792	ハニーズホールディングス	自社商品引換券	美容・ファッション|長期保有特典	152000.0	100.0		3.59
2026-01-02	5	9	3645	メディカルネット	QUOカード	金券|長期保有特典	29000.0	100.0		1.0
2026-01-02	5	10	3148	クリエイトＳＤホールディングス	買物優待券、カタログギフト、全国共通おこめ券	金券|カタログギフト|暮らし	334000.0	100.0	0.44	2.69
2026-01-02	5	11	4825	ウェザーニューズ	自社サービス「ウェザーニュース」無料利用権	暮らし	393000.0	100.0	0.94	3.81
2026-01-02	5	12	9278	ブックオフグループホールディングス	買物優待券、買取アップ券	暮らし|長期保有特典	146000.0	100.0	1.36	2.04
2026-01-02	5	13	138A	光フードサービス	食事券（電子チケット）	食事券	274000.0	100.0	3.64	1.46
2026-01-02	5	14	1377	サカタのタネ	カタログギフト	カタログギフト|長期保有特典	427000.0	100.0		1.75
2026-01-02	5	15	3544	サツドラホールディングス	株主優待カード、自社商品券、北海道名産品	食料品|金券|暮らし|社会貢献	81000.0	100.0	1.22	1.46
2026-01-02	5	16	3297	東武住販	地域特産品	食料品|長期保有特典	120000.0	100.0	0.82	3.3
2026-01-02	5	17	3501	ＳＵＭＩＮＯＥ	自社商品、地域特産品	食料品|カタログギフト|暮らし	376000.0	300.0	1.06	3.42
2026-01-02	5	18	3201	日本毛織	株主優待割引券、QUOカード	金券|カタログギフト|暮らし|長期保有特典	177000.0	100.0		2.64
2026-01-02	5	19	2678	アスクル	割引クーポン	暮らし	140000.0	100.0		2.71
2026-01-02	5	20	2493	イーサポートリンク	自社飲料水	食料品	96000.0	100.0		0.51
2026-01-04	12	1	9973	ＫＯＺＯホールディングス	優待券（アプリ）	食料品|食事券	2000.0	100.0	17.24	
2026-01-04	12	2	7272	ヤマハ発動機	株主優待ポイント	ポイントサービス|スポーツ|長期保有特典|社会貢献	115000.0	100.0		4.31
2026-01-04	12	3	9160	ノバレーゼ	カタログギフト、食事割引券	食料品|食事券|カタログギフト|長期保有特典	31000.0	100.0	6.38	
2026-01-04	12	4	1605	ＩＮＰＥＸ	QUOカード、施設見学会	金券|教養・娯楽|長期保有特典|社会貢献	312000.0	100.0		3.19
2026-01-04	12	5	2503	キリンホールディングス	自社商品詰合せ	食料品|美容・ファッション|長期保有特典|社会貢献	234000.0	100.0		3.15
2026-01-04	12	6	2501	サッポロホールディングス	自社商品詰合せ、優待食事割引券	食料品|食事券|長期保有特典|社会貢献	168000.0	100.0	0.59	1.06
2026-01-04	12	7	4927	ポーラ・オルビスホールディングス	株主優待ポイント	カタログギフト|ポイントサービス|美容・ファッション|長期保有特典	130000.0	100.0		3.99
2026-01-04	12	8	4755	楽天グループ	楽天モバイル回線	暮らし|長期保有特典	100000.0	100.0		
2026-01-04	12	9	3003	ヒューリック	カタログギフト・施設利用券	カタログギフト|交通・旅行|長期保有特典|社会貢献	514000.0	300.0		3.5
2026-01-04	12	10	4045	東亞合成	自社商品、QUOカード、カタログギフト	金券|カタログギフト|暮らし|長期保有特典	164000.0	100.0		3.96
2026-01-04	12	11	4820	イーエムシステムズ	株主優待商品	カタログギフト|長期保有特典|社会貢献	158000.0	200.0		4.91
2026-01-04	12	12	2215	第一屋製パン	自社グループ会社商品詰合せ	食料品	61000.0	100.0		
2026-01-04	12	13	3474	Ｇ－ＦＡＣＴＯＲＹ	グループ食事券	食事券	60000.0	100.0	4.97	0.82
2026-01-04	12	14	5301	東海カーボン	カタログギフト	カタログギフト|長期保有特典	96000.0	100.0		3.09
2026-01-04	12	15	4404	ミヨシ油脂	QUOカード	金券|長期保有特典	231000.0	100.0	0.43	4.32
2026-01-04	12	16	4933	Ｉ－ｎｅ	デジタルギフト	金券|ポイントサービス	132000.0	100.0	7.53	1.13
2026-01-04	12	17	6630	ヤーマン	自社商品・優待割引券	美容・ファッション|長期保有特典	76000.0	100.0	6.56	1.18
2026-01-04	12	18	3350	メタプラネット	ホテル宿泊割引、ビットコイン関連優待	交通・旅行|金融サービス	40000.0	100.0		
2026-01-04	12	19	4344	ソースネクスト	株主優待クーポン贈呈	暮らし|長期保有特典	15000.0	100.0	13.07	
2026-01-04	12	20	3053	ペッパーフードサービス	自社商品、食事券	食料品|食事券	87000.0	500.0	6.85	
2026-01-05	9	1	3672	オルトプラス	QUOカード（議決権行使）	金券	5000.0	100.0	9.25	
2026-01-05	9	2	9434	ソフトバンク	PayPayポイント	ポイントサービス|長期保有特典	21000.0	100.0		4.0
2026-01-05	9	3	6181	タメニー	自社サービス利用券	暮らし	11000.0	100.0	265.48	
2026-01-05	9	4	2114	フジ日本	自社製品、QUOカード	食料品|金券	61000.0	100.0	0.81	2.91
2026-01-05	9	5	3726	フォーシーズＨＤ	自社グループ商品、株主専用サイト・ポイント	食料品|カタログギフト|ポイントサービス|美容・ファッション|長期保有特典	49000.0	100.0	12.17	
2026-01-05	9	6	2897	日清食品ホールディングス	自社グループ製品詰合せ、自社クーポン	食料品|暮らし|長期保有特典|社会貢献	291000.0	100.0	0.34	2.4
2026-01-05	9	7	9104	商船三井	にっぽん丸クルーズ優待券、フェリー割引券、地域名産品	食料品|交通・旅行|長期保有特典	471000.0	100.0		4.24
2026-01-05	9	8	2208	ブルボン	グループ製品詰合せ、ECクーポン、新潟県ブランド米	食料品|長期保有特典	261000.0	100.0		1.53
2026-01-05	9	9	4661	オリエンタルランド	自社レジャー施設優待券	教養・娯楽|長期保有特典	1449000.0	500.0	0.54	0.48
2026-01-05	9	10	3861	王子ホールディングス	自社グループ商品、植林活動応援	カタログギフト|暮らし|教養・娯楽|長期保有特典|社会貢献	860000.0	1000.0		4.18
2026-01-05	9	11	9831	ヤマダホールディングス	自社優待割引券	暮らし	51000.0	100.0		3.27
2026-01-05	9	12	2201	森永製菓	自社商品、寄付	食料品|長期保有特典|社会貢献	266000.0	100.0		2.44
2026-01-05	9	13	7593	ＶＴホールディングス	自社グループ優待券（レンタカー利用等）	交通・旅行	53000.0	100.0	74.62	4.47
2026-01-05	9	14	5401	日本製鉄	Ｊリーグ観戦チケット、自社工場見学	教養・娯楽|スポーツ	3209000.0	5000.0		3.73
2026-01-05	9	15	2340	極楽湯ホールディングス	自社無料入浴券（電子化）	暮らし|長期保有特典	48000.0	100.0		
2026-01-05	9	16	1518	三井松島ホールディングス	レストラン優待券、商品優待券	食事券|暮らし|美容・ファッション	141000.0	100.0	10.48	4.53
2026-01-05	9	17	4447	ピー・ビーシステムズ	自社特製カレンダー、QUOカード	金券|カレンダー	49000.0	100.0	1.01	4.07
2026-01-05	9	18	4540	ツムラ	入浴剤バスハーブ、ツムラ漢方記念館見学会招待	暮らし|教養・娯楽|長期保有特典	407000.0	100.0		3.53
2026-01-05	9	19	7278	エクセディ	株主優待カタログ	カタログギフト|長期保有特典	561000.0	100.0		5.34
2026-01-05	9	20	8136	サンリオ	テーマパーク優待券、買物優待券	暮らし|教養・娯楽|長期保有特典	491000.0	100.0	0.4	1.26
2026-01-08	11	1	1419	タマホーム	オリジナルQUOカード	金券|長期保有特典	369000.0	100.0	0.54	5.3
2026-01-08	11	2	5527	ｐｒｏｐｅｒｔｙ　ｔｅｃｈｎｏｌｏｇｉｅｓ	QUOカード	金券	230000.0	300.0	2.17	3.25
2026-01-08	11	3	7388	ＦＰパートナー	QUOカード	金券	215000.0	100.0	2.78	4.37
2026-01-08	11	4	7997	くろがね工作所	QUOカード	金券	95000.0	100.0	1.05	4.2
2026-01-08	11	5	3139	ラクト・ジャパン	カタログギフト	食料品|カタログギフト|長期保有特典|社会貢献	346000.0	100.0		3.81
2026-01-08	11	6	3377	バイク王＆カンパニー	自社商品購入割引券	暮らし	41000.0	100.0	24.09	2.65
2026-01-08	11	7	3547	串カツ田中ホールディングス	食事優待券	食事券	199000.0	100.0	1.0	0.75
2026-01-08	11	8	2809	キユーピー	自社製品詰合せ	食料品|長期保有特典	436000.0	100.0		1.46
2026-01-08	11	9	7965	象印マホービン	自社商品優待価格販売	暮らし	156000.0	100.0	0.63	2.93
2026-01-08	11	10	1430	ファーストコーポレーション	QUOカード	金券|長期保有特典	504000.0	500.0		4.36
2026-01-08	11	11	2678	アスクル	割引クーポン	暮らし	142000.0	100.0		2.67
2026-01-08	11	12	8095	アステナホールディングス	自社グループ商品	暮らし|美容・ファッション|長期保有特典|社会貢献	245000.0	500.0		3.67
2026-01-08	11	13	4825	ウェザーニューズ	自社サービス「ウェザーニュースPro」無料利用権	暮らし	389000.0	100.0	0.95	3.85
2026-01-08	11	14	8887	シーラホールディングス	デジタルギフト、自社サービスポイント	金券|ポイントサービス|金融サービス	78000.0	200.0	1.28	3.07
2026-01-08	11	15	138A	光フードサービス	食事券（電子チケット）	食事券	272000.0	100.0	3.67	1.46
2026-01-08	11	16	2769	ヴィレッジヴァンガードコーポレーション	買物優待券	暮らし|長期保有特典	97000.0	100.0		
2026-01-08	11	17	3077	ホリイフードサービス	電子クーポンまたは、食事券	食事券|暮らし	262000.0	500.0	3.81	
2026-01-08	11	18	8923	トーセイ	QUOカード、ホテル宿泊割引	金券|交通・旅行|長期保有特典	360000.0	200.0	0.83	2.77
2026-01-08	11	19	9765	オオバ	QUOカード、チョコレート菓子	食料品|金券|長期保有特典|社会貢献	112000.0	100.0		3.72
2026-01-08	11	20	9215	ＣａＳｙ	自社サービス利用券	暮らし	94000.0	100.0	8.45	
2026-01-10	1	1	3071	ストリーム	株主優待割引券	暮らし	11000.0	100.0	8.92	2.67
2026-01-10	1	2	1928	積水ハウス	新潟県魚沼産コシヒカリ	食料品	3510000.0	1000.0		4.1
2026-01-10	1	3	3415	ＴＯＫＹＯ　ＢＡＳＥ	買物優待券	暮らし|美容・ファッション|長期保有特典	46000.0	100.0	4.28	1.28
2026-01-10	1	4	8142	トーホー	買物割引券、自社製品、寄付	食料品|食事券|暮らし|長期保有特典|社会貢献	395000.0	100.0	0.25	3.79
2026-01-10	1	5	3246	コーセーアールイー	QUOカード	金券|長期保有特典	76000.0	100.0		3.15
2026-01-10	1	6	2353	日本駐車場開発	自社施設利用券（電子チケット）	交通・旅行|暮らし|教養・娯楽	134000.0	500.0		3.34
2026-01-10	1	7	3320	クロスプラス	オンラインストアクーポン券	ポイントサービス|美容・ファッション|長期保有特典	142000.0	100.0	2.1	3.22
2026-01-10	1	8	3169	ミサワ	株主限定商品、優待券	暮らし|長期保有特典	69000.0	100.0		1.15
2026-01-10	1	9	5031	モイ	オリジナルQUOカード	金券	72000.0	200.0	1.38	
2026-01-10	1	10	9262	シルバーライフ	自社商品	食料品	165000.0	200.0		2.17
2026-01-10	1	11	9632	スバル興業	ＴＯＨＯシネマズ ギフトカード	教養・娯楽|長期保有特典	1627000.0	500.0	0.12	2.45
2026-01-10	1	12	3421	稲葉製作所	オリジナル図書カード、地域特産品	食料品|金券	162000.0	100.0	0.61	2.71
2026-01-10	1	13	7683	ダブルエー	株主優待券	美容・ファッション	139000.0	100.0		1.22
2026-01-10	1	14	3193	エターナルホスピタリティグループ	優待食事券（電子チケット）	ポイントサービス	340000.0	100.0	0.58	1.35
2026-01-10	1	15	2997	ストレージ王	トランクルーム割引､デジタルギフト	金券|暮らし|長期保有特典	117000.0	100.0	4.24	
2026-01-10	1	16	4936	アクシージア	自社EC優待券	美容・ファッション|金融サービス|長期保有特典	80000.0	200.0	7.44	2.48
2026-01-10	1	17	3662	エイチームホールディングス	QUOカード	金券	634000.0	500.0	3.15	2.2
2026-01-10	1	18	1433	ベステラ	プレミアム優待倶楽部ポイント	カタログギフト|ポイントサービス|長期保有特典|プレミアム優待倶楽部	643000.0	500.0	0.46	3.11
2026-01-10	1	19	2590	ダイドーグループホールディングス	自社グループ商品詰合せ	食料品|長期保有特典	503000.0	200.0		1.19
2026-01-10	1	20	7674	ＮＡＴＴＹ　ＳＷＡＮＫＹホールディングス	食事券（電子チケット）	食事券	305000.0	100.0	6.55	
2026-01-15	2	1	2930	北の達人コーポレーション	自社商品・ＥＣサイト商品券	食料品|美容・ファッション|長期保有特典	14000.0	100.0	67.36	2.43
2026-01-15	2	2	8016	オンワードホールディングス	自社グループ製品	カタログギフト|美容・ファッション|長期保有特典	77000.0	100.0		3.89
2026-01-15	2	3	3382	セブン＆アイ・ホールディングス	グループ共通商品券	金券|長期保有特典	224000.0	100.0	0.88	2.22
2026-01-15	2	4	3391	ツルハホールディングス	株主ギフト券、または寄付	食料品|カタログギフト|暮らし|社会貢献	253000.0	100.0	1.97	1.96
2026-01-15	2	5	8267	イオン	株主優待カード、自社グル―プ優待券	金券|暮らし|長期保有特典	219000.0	100.0		0.62
2026-01-15	2	6	8125	ワキタ	ホテル優待券（電子チケット）	交通・旅行	200000.0	100.0	4.99	4.99
2026-01-15	2	7	4596	窪田製薬ホールディングス	自社割引チケット	暮らし	44000.0	1000.0	227.27	
2026-01-15	2	8	8008	ヨンドシーホールディングス	株主優待券、自社商品、寄付	金券|暮らし|美容・ファッション|長期保有特典|社会貢献	186000.0	100.0	0.26	4.44
2026-01-15	2	9	3387	クリエイト・レストランツ・ホールディングス	優待食事券	食事券|長期保有特典	78000.0	100.0	3.81	0.57
2026-01-15	2	10	6897	ツインバード	株主優待クーポン	暮らし|長期保有特典	42000.0	100.0	4.76	3.09
2026-01-15	2	11	3087	ドトール・日レスホールディングス	株主優待カード	食事券|ポイントサービス	260000.0	100.0	0.38	2.07
2026-01-15	2	12	7453	良品計画	割引優待カード	食料品|暮らし	289000.0	100.0		0.96
2026-01-15	2	13	7630	壱番屋	優待食事券	食事券	91000.0	100.0	2.18	1.74
2026-01-15	2	14	8166	タカキュー	買物優待券	美容・ファッション|長期保有特典	42000.0	500.0	14.28	
2026-01-15	2	15	9835	ジュンテンドー	QUOカード（デジタルギフト）	金券|ポイントサービス|長期保有特典	51000.0	100.0		1.96
2026-01-15	2	16	3198	ＳＦＰホールディングス	優待食事券	食事券	222000.0	100.0	3.6	1.26
2026-01-15	2	17	6578	コレックホールディングス	QUOカード	金券	42000.0	100.0	4.67	2.1
2026-01-15	2	18	3543	コメダホールディングス	プリペイドカード「ＫＯＭＥＣＡ」チャージ	食事券|長期保有特典	298000.0	100.0	0.67	2.01
2026-01-15	2	19	2726	パルグループホールディングス	株主優待券	交通・旅行	175000.0	100.0		2.28
2026-01-15	2	20	2927	ＡＦＣ－ＨＤアムスライフサイエンス	株主優待割引券・商品引換券	カタログギフト|美容・ファッション	89000.0	100.0	11.19	4.03
2026-01-15	8	1	8267	イオン	株主優待カード、自社グル―プ優待券	金券|暮らし|長期保有特典	219000.0	100.0		0.62
2026-01-15	8	2	3387	クリエイト・レストランツ・ホールディングス	優待食事券	食事券|長期保有特典	78000.0	100.0	3.81	0.57
2026-01-15	8	3	7453	良品計画	割引優待カード	食料品|暮らし	289000.0	100.0		0.96
2026-01-15	8	4	8783	ａｂｃ	株主優待ポイント、暗号資産付与	ポイントサービス|金融サービス|長期保有特典	26000.0	100.0	37.31	
2026-01-15	8	5	7630	壱番屋	優待食事券	食事券	91000.0	100.0	2.18	1.74
2026-01-15	8	6	3198	ＳＦＰホールディングス	優待食事券	食事券	222000.0	100.0	3.6	1.26
2026-01-15	8	7	6578	コレックホールディングス	QUOカード	金券	42000.0	100.0	4.67	2.1
2026-01-15	8	8	2404	鉄人化ホールディングス	優待食事券	食料品|食事券|暮らし	49000.0	100.0	6.01	
2026-01-15	8	9	3543	コメダホールディングス	プリペイドカード「ＫＯＭＥＣＡ」チャージ	食事券|長期保有特典	298000.0	100.0	0.67	2.01
2026-01-15	8	10	2927	ＡＦＣ－ＨＤアムスライフサイエンス	株主優待割引券・商品引換券	カタログギフト|美容・ファッション	89000.0	100.0	11.19	4.03
2026-01-15	8	11	9861	吉野家ホールディングス	買物優待券	食事券	303000.0	100.0	1.32	0.72
2026-01-15	8	12	3048	ビックカメラ	買物優待券	暮らし|長期保有特典	177000.0	100.0	1.69	2.31
2026-01-15	8	13	3548	バロックジャパンリミテッド	店舗、通販サイトで利用可能なクーポン（電子）	美容・ファッション|長期保有特典	78000.0	100.0	5.09	4.84
2026-01-15	8	14	3046	ジンズホールディングス	買物優待券	美容・ファッション	508000.0	100.0	1.77	2.26
2026-01-15	8	15	9418	Ｕ－ＮＥＸＴ　ＨＯＬＤＩＮＧＳ	コンテンツ配信サービス｢U-NEXT｣	暮らし|ポイントサービス|長期保有特典	200000.0	100.0	0.49	0.84
2026-01-15	8	16	8185	チヨダ	株主優待割引券	美容・ファッション	111000.0	100.0		4.85
2026-01-15	8	17	7513	コジマ	株主優待券	暮らし|長期保有特典	126000.0	100.0	2.37	1.74
2026-01-15	8	18	2379	ディップ	オリジナルQUOカード	金券	219000.0	100.0	0.45	4.32
2026-01-15	8	19	3607	クラウディアホールディングス	株主優待割引券、QUOカード	金券|美容・ファッション	35000.0	100.0	1.39	2.79
2026-01-15	8	20	3557	ユナイテッド＆コレクティブ	食事優待券（電子）	食事券	99000.0	100.0	10.01	
2026-02-04	6	1	3197	すかいらーくホールディングス	優待券（電子チケット）	食事券|ポイントサービス	320000.0	100.0	1.24	0.68
2026-02-04	6	2	3053	ペッパーフードサービス	自社商品、食事券	食料品|食事券	83000.0	500.0	7.22	
2026-02-04	6	3	2811	カゴメ	自社製品詰合せ、オリジナル記念品	食料品|長期保有特典	279000.0	100.0		2.07
2026-02-04	6	4	3191	ジョイフル本田	自社商品券、または地元特産品等	食料品|カタログギフト|暮らし|長期保有特典|社会貢献	213000.0	100.0	1.4	3.93
2026-02-04	6	5	2752	フジオフードグループ本社	自社オリジナル商品詰合せ	食料品|食事券	107000.0	100.0	5.6	0.28
2026-02-04	6	6	2702	日本マクドナルドホールディングス	優待食事券	食事券|長期保有特典	682000.0	100.0		0.82
2026-02-04	6	7	9439	エム・エイチ・グループ	オンラインストア株主優待券	美容・ファッション|長期保有特典	22000.0	100.0	14.01	0.22
2026-02-04	6	8	2938	オカムラ食品工業	自社商品	食料品	113000.0	100.0	2.65	0.7
2026-02-04	6	9	3097	物語コーポレーション	優待電子チケット	食事券|ポイントサービス|長期保有特典	418000.0	100.0		0.95
2026-02-04	6	10	9757	船井総研ホールディングス	QUOカード	金券	114000.0	100.0	0.87	3.72
2026-02-04	6	11	3807	フィスコ	自社サービス無料クーポン（IPOナビ）	金融サービス	12000.0	100.0	109.09	
2026-02-04	6	12	7532	パン・パシフィック・インターナショナルホールディングス	自社グループ電子マネー・ポイント	ポイントサービス	92000.0	100.0	0.64	0.91
2026-02-04	6	13	5698	エンビプロ・ホールディングス	QUOカード	金券|長期保有特典	342000.0	400.0		1.75
2026-02-04	6	14	2385	総医研ホールディングス	自社ポイント	暮らし|ポイントサービス|保育・介護・医療|長期保有特典	25000.0	100.0		3.93
2026-02-04	6	15	5884	クラダシ	自社オンラインストア・クーポン	食料品	42000.0	100.0	9.5	
2026-02-04	6	16	3469	デュアルタップ	QUOカードPay	金券|ポイントサービス|長期保有特典	95000.0	100.0	4.19	1.31
2026-02-04	6	17	8165	千趣会	買物優待券	暮らし|長期保有特典	20000.0	100.0	9.7	
2026-02-04	6	18	3140	ＢＲＵＮＯ	RIZAPグループ商品	カタログギフト	101000.0	100.0	8.83	0.39
2026-02-04	6	19	2206	江崎グリコ	自社グループ製品詰合せ	食料品|長期保有特典	570000.0	100.0		1.66
2026-02-04	6	20	4767	テー・オー・ダブリュー	QUOカード	金券|長期保有特典	378000.0	1000.0		4.84
2026-02-11	6	1	2811	カゴメ	自社製品詰合せ、オリジナル記念品	食料品|長期保有特典	290000.0	100.0		2.0
2026-02-11	6	2	3053	ペッパーフードサービス	自社商品、食事券	食料品|食事券	87000.0	500.0	6.85	
2026-02-11	6	3	3197	すかいらーくホールディングス	優待券（電子チケット）	食事券|ポイントサービス	343000.0	100.0	1.16	0.64
2026-02-11	6	4	3191	ジョイフル本田	自社商品券、または地元特産品等	食料品|カタログギフト|暮らし|長期保有特典|社会貢献	220000.0	100.0	1.35	3.8
2026-02-11	6	5	2752	フジオフードグループ本社	自社オリジナル商品詰合せ	食料品|食事券	106000.0	100.0	5.61	0.28
2026-02-11	6	6	2702	日本マクドナルドホールディングス	優待食事券	食事券|長期保有特典	699000.0	100.0		0.91
2026-02-11	6	7	9757	船井総研ホールディングス	QUOカード	金券	112000.0	100.0	0.89	4.28
2026-02-11	6	8	9439	エム・エイチ・グループ	オンラインストア株主優待券	美容・ファッション|長期保有特典	22000.0	100.0	14.07	0.22
2026-02-11	6	9	2938	オカムラ食品工業	自社商品	食料品	111000.0	100.0	2.68	0.71
2026-02-11	6	10	3807	フィスコ	自社サービス無料クーポン（IPOナビ）	金融サービス	12000.0	100.0	108.19	
2026-02-11	6	11	3097	物語コーポレーション	優待電子チケット	食事券|ポイントサービス|長期保有特典	477000.0	100.0		0.83
2026-02-11	6	12	5698	エンビプロ・ホールディングス	QUOカード	金券|長期保有特典	367000.0	400.0		1.63
2026-02-11	6	13	5884	クラダシ	自社オンラインストア・クーポン	食料品	42000.0	100.0	9.43	
2026-02-11	6	14	7532	パン・パシフィック・インターナショナルホールディングス	自社グループ電子マネー・ポイント	ポイントサービス	97000.0	100.0	0.61	0.87
2026-02-11	6	15	2385	総医研ホールディングス	自社ポイント	暮らし|ポイントサービス|保育・介護・医療|長期保有特典	26000.0	100.0		3.83
2026-02-11	6	16	3140	ＢＲＵＮＯ	RIZAPグループ商品	カタログギフト	102000.0	100.0	8.77	0.39
2026-02-11	6	17	8165	千趣会	買物優待券	暮らし|長期保有特典	20000.0	100.0	9.61	
2026-02-11	6	18	4767	テー・オー・ダブリュー	QUOカード	金券|長期保有特典	382000.0	1000.0		4.79
2026-02-11	6	19	3469	デュアルタップ	QUOカードPay	金券|ポイントサービス|長期保有特典	95000.0	100.0	4.2	1.31
2026-02-11	6	20	8508	Ｊトラスト	各種利用券	美容・ファッション|教養・娯楽|保育・介護・医療|長期保有特典	48000.0	100.0		3.52
2026-02-12	12	1	9973	ＫＯＺＯホールディングス	優待券（アプリ）	食料品|食事券	2000.0	100.0	17.24	
2026-02-12	12	2	7272	ヤマハ発動機	株主優待ポイント	ポイントサービス|スポーツ|長期保有特典|社会貢献	108000.0	100.0		3.21
2026-02-12	12	3	1605	ＩＮＰＥＸ	QUOカード、施設見学会	金券|教養・娯楽|長期保有特典|社会貢献	384000.0	100.0		2.6
2026-02-12	12	4	2503	キリンホールディングス	自社商品詰合せ	食料品|美容・ファッション|長期保有特典|社会貢献	249000.0	100.0		2.96
2026-02-12	12	5	4755	楽天グループ	楽天モバイル回線	暮らし|長期保有特典	99000.0	100.0		
2026-02-12	12	6	3350	メタプラネット	ホテル宿泊割引、ビットコイン関連優待	交通・旅行|金融サービス	35000.0	100.0		
2026-02-12	12	7	9160	ノバレーゼ	カタログギフト、食事割引券	食料品|食事券|カタログギフト|長期保有特典	31000.0	100.0	6.45	
2026-02-12	12	8	3003	ヒューリック	カタログギフト・施設利用券	カタログギフト|交通・旅行|長期保有特典|社会貢献	594000.0	300.0		3.38
2026-02-12	12	9	2501	サッポロホールディングス	自社商品詰合せ、優待食事割引券	食料品|食事券|長期保有特典|社会貢献	173000.0	100.0	0.57	1.03
2026-02-12	12	10	6630	ヤーマン	自社商品・優待割引券	美容・ファッション|長期保有特典	69000.0	100.0	7.16	1.28
2026-02-12	12	11	3053	ペッパーフードサービス	自社商品、食事券	食料品|食事券	87000.0	500.0	6.85	
2026-02-12	12	12	3474	Ｇ－ＦＡＣＴＯＲＹ	グループ食事券	食事券	58000.0	100.0	5.17	0.86
2026-02-12	12	13	3197	すかいらーくホールディングス	優待券（電子チケット）	食事券|ポイントサービス	343000.0	100.0	1.16	0.64
2026-02-12	12	14	4911	資生堂	自社グループ製品	食料品|ポイントサービス|美容・ファッション|長期保有特典|社会貢献	278000.0	100.0		2.15
2026-02-12	12	15	4820	イーエムシステムズ	株主優待商品	カタログギフト|長期保有特典|社会貢献	150000.0	200.0		5.2
2026-02-12	12	16	5301	東海カーボン	カタログギフト	カタログギフト|長期保有特典	111000.0	100.0		2.68
2026-02-12	12	17	4927	ポーラ・オルビスホールディングス	株主優待ポイント	カタログギフト|ポイントサービス|美容・ファッション|長期保有特典	140000.0	100.0		3.7
2026-02-12	12	18	2752	フジオフードグループ本社	自社オリジナル商品詰合せ	食料品|食事券	106000.0	100.0	5.61	0.28
2026-02-12	12	19	2702	日本マクドナルドホールディングス	優待食事券	食事券|長期保有特典	699000.0	100.0		0.91
2026-02-12	12	20	4344	ソースネクスト	株主優待クーポン贈呈	暮らし|長期保有特典	15000.0	100.0	13.33	
2026-02-15	10	1	7856	萩原工業	株主優待品（QUOカード、食料品等）	食料品|金券|カタログギフト|暮らし|長期保有特典|社会貢献	177000.0	100.0	0.56	4.23
2026-02-15	10	2	3134	Ｈａｍｅｅ	自社グループクーポン	暮らし|ポイントサービス	48000.0	100.0	6.23	4.67
2026-02-15	10	3	9251	ＡＢ＆Ｃｏｍｐａｎｙ	オンラインストア優待券	美容・ファッション	122000.0	100.0		4.9
2026-02-15	10	4	3038	神戸物産	自社カード（VISA ギフトカード）	金券|ポイントサービス|長期保有特典	380000.0	100.0	0.26	0.84
2026-02-15	10	5	8917	ファースト住建	QUOカードPay、優待品	食料品|金券|長期保有特典	123000.0	100.0		3.48
2026-02-15	10	6	3475	グッドコムアセット	デジタルギフト（上場10周年記念）	金券|ポイントサービス	1390000.0	1000.0	7.19	3.3
2026-02-15	10	7	9603	エイチ・アイ・エス	株主優待券、自社施設優待券	交通・旅行|教養・娯楽	129000.0	100.0	0.77	1.93
2026-02-15	10	8	3031	ラクーンホールディングス	デジタルギフト	金券|ポイントサービス|長期保有特典	329000.0	500.0		4.1
2026-02-15	10	9	8927	明豊エンタープライズ	デジタルギフト	金券|ポイントサービス	448000.0	1000.0	3.57	2.9
2026-02-15	10	10	6309	巴工業	自社関連商品	食料品|長期保有特典	421000.0	200.0		3.41
2026-02-15	10	11	7604	梅の花グループ	株主優待証、優待券	食事券|長期保有特典	85000.0	100.0		1.17
2026-02-15	10	12	212A	フィットイージー	QUOカード、会員割引	金券|スポーツ	253000.0	100.0	2.76	1.81
2026-02-15	10	13	2301	学情	オリジナルQUOカード	金券	933000.0	500.0	0.32	4.01
2026-02-15	10	14	3121	マーチャント・バンカーズ	QUOカード	金券|長期保有特典	64000.0	300.0		0.93
2026-02-15	10	15	3974	ＳＣＡＴ	東証上場10周年記念（QUOカード）	金券|長期保有特典	58000.0	100.0	1.71	2.4
2026-02-15	10	16	2375	ギグワークス	自社グループ割引クーポン、デジタルギフト	金券|暮らし|ポイントサービス|美容・ファッション	22000.0	100.0		0.89
2026-02-15	10	17	8079	正栄食品工業	自社製品詰合せ	食料品	415000.0	100.0		2.16
2026-02-15	10	18	2751	テンポスホールディングス	優待食事券	食事券|長期保有特典	383000.0	100.0	2.08	0.23
2026-02-15	10	19	2910	ロック・フィールド	そうざい券、株主向け会社見学会へのご招待	食事券|教養・娯楽|長期保有特典	141000.0	100.0		1.69
2026-02-15	10	20	7640	トップカルチャー	図書カード	金券|長期保有特典	106000.0	500.0	0.93	
2026-03-13	10	1	7856	萩原工業	株主優待品（QUOカード、食料品等）	食料品|金券|カタログギフト|暮らし|長期保有特典|社会貢献	172000.0	100.0	0.58	4.36
2026-03-13	10	2	3134	Ｈａｍｅｅ	自社グループクーポン	暮らし	51000.0	100.0	5.83	4.37
2026-03-13	10	3	9603	エイチ・アイ・エス	株主優待券、自社施設優待券	交通・旅行|教養・娯楽	109000.0	100.0	0.91	2.29
2026-03-13	10	4	3031	ラクーンホールディングス	デジタルギフト	金券|ポイントサービス|長期保有特典	321000.0	500.0		4.2
2026-03-13	10	5	9251	ＡＢ＆Ｃｏｍｐａｎｙ	オンラインストア優待券	美容・ファッション	126000.0	100.0		4.73
2026-03-13	10	6	8917	ファースト住建	QUOカードPay、優待品	食料品|金券|長期保有特典	118000.0	100.0		3.62
2026-03-13	10	7	3038	神戸物産	自社カード（VISA ギフトカード）	金券|ポイントサービス|長期保有特典	376000.0	100.0	0.26	0.85
2026-03-13	10	8	3475	グッドコムアセット	デジタルギフト（上場10周年記念）	金券|ポイントサービス	1420000.0	1000.0	7.04	3.23
2026-03-13	10	9	8079	正栄食品工業	自社製品詰合せ	食料品	400000.0	100.0		2.25
2026-03-13	10	10	8927	明豊エンタープライズ	デジタルギフト	金券|ポイントサービス	444000.0	1000.0	3.6	2.92
2026-03-13	10	11	7604	梅の花グループ	株主優待証、優待券	食事券|長期保有特典	86000.0	100.0		1.15
2026-03-13	10	12	2301	学情	オリジナルQUOカード	金券	852000.0	500.0	0.35	4.4
2026-03-13	10	13	2375	ギグワークス	自社グループ割引クーポン、デジタルギフト	金券|暮らし|ポイントサービス	22000.0	100.0		0.88
2026-03-13	10	14	6309	巴工業	自社関連商品	食料品|長期保有特典	399000.0	200.0		3.6
2026-03-13	10	15	212A	フィットイージー	QUOカード、会員割引	金券|スポーツ	257000.0	100.0	2.71	1.78
2026-03-13	10	16	2751	テンポスホールディングス	優待食事券	食事券|長期保有特典	404000.0	100.0	1.98	0.22
2026-03-13	10	17	2910	ロック・フィールド	そうざい券、株主向け会社見学会へのご招待	食料品|教養・娯楽|長期保有特典	135000.0	100.0		1.77
2026-03-13	10	18	4450	パワーソリューションズ	QUOカード	金券|長期保有特典	214000.0	100.0		1.21
2026-03-13	10	19	2923	サトウ食品	自社グループ商品詰合せ	食料品	786000.0	100.0	0.12	0.95
2026-03-13	10	20	3121	マーチャント・バンカーズ	QUOカード	金券|長期保有特典	64000.0	300.0		0.93
2026-03-16	4	1	2198	アイ・ケイ・ケイホールディングス	優待食事券、株主優待商品	食料品|食事券|長期保有特典	80000.0	100.0		2.97
2026-03-16	4	2	2695	くら寿司	優待食事券	食事券	358000.0	100.0	0.69	0.83
2026-03-16	4	3	2294	柿安本店	優待利用券	食料品|食事券|長期保有特典	283000.0	100.0	0.35	2.99
2026-03-16	4	4	2593	伊藤園	自社製品詰合せ、自社通信販売製品割引	食料品|暮らし	284000.0	100.0	0.52	1.68
2026-03-16	4	5	324A	ブッキングリゾート	宿泊施設利用券	交通・旅行|長期保有特典	100000.0	100.0	9.92	
2026-03-16	4	6	3134	Ｈａｍｅｅ	自社グループクーポン	暮らし	51000.0	100.0	5.87	4.4
2026-03-16	4	7	7435	ナ・デックス	創立75周年記念（QUOカード）	金券	112000.0	100.0	2.67	2.76
2026-03-16	4	8	7804	ビーアンドピー	QUOカード	金券|長期保有特典	241000.0	100.0		3.6
2026-03-16	4	9	9603	エイチ・アイ・エス	株主優待券、自社施設優待券	交通・旅行|教養・娯楽	108000.0	100.0	0.92	2.3
2026-03-16	4	10	1873	日本ハウスホールディングス	自社関連会社製品（スープセット）	食料品	308000.0	1000.0		3.57
2026-03-16	4	11	3031	ラクーンホールディングス	デジタルギフト	金券|ポイントサービス|長期保有特典	321000.0	500.0		4.2
2026-03-16	4	12	2438	アスカネット	自社サービス優待割引券	暮らし	36000.0	100.0	2.71	1.89
2026-03-16	4	13	8917	ファースト住建	QUOカードPay、優待品	食料品|金券|長期保有特典	118000.0	100.0		3.63
2026-03-16	4	14	3475	グッドコムアセット	デジタルギフト（上場10周年記念）	金券|ポイントサービス	1405000.0	1000.0	7.11	3.27
2026-03-16	4	15	8079	正栄食品工業	自社製品詰合せ	食料品	398000.0	100.0		2.25
2026-03-16	4	16	8927	明豊エンタープライズ	デジタルギフト	金券|ポイントサービス	445000.0	1000.0	3.59	2.92
2026-03-16	4	17	3180	ビューティガレージ	自社オリジナル商品	美容・ファッション|長期保有特典	141000.0	100.0		1.13
2026-03-16	4	18	7604	梅の花グループ	株主優待証、優待券	食事券|長期保有特典	87000.0	100.0		1.14
2026-03-16	4	19	1383	ベルグアース	QUOカード、メロン等	食料品|金券|暮らし	321000.0	100.0	0.31	0.31
2026-03-16	4	20	9627	アインホールディングス	自社グループ商品券	暮らし|美容・ファッション	548000.0	100.0	0.36	1.45
2026-03-16	8	1	3387	クリエイト・レストランツ・ホールディングス	優待食事券	食事券|長期保有特典	72000.0	100.0	4.13	0.62
2026-03-16	8	2	8267	イオン	株主優待カード、自社グル―プ優待券	金券|暮らし|長期保有特典	201000.0	100.0		0.67
2026-03-16	8	3	8783	ａｂｃ	株主優待ポイント、暗号資産付与	ポイントサービス|金融サービス|長期保有特典	21000.0	100.0	46.51	
2026-03-16	8	4	9602	東宝	映画・演劇招待券	教養・娯楽	162000.0	100.0		1.29
2026-03-16	8	5	7630	壱番屋	優待食事券	食事券	90000.0	100.0	2.21	1.77
2026-03-16	8	6	3543	コメダホールディングス	プリペイドカード「ＫＯＭＥＣＡ」チャージ	食事券|長期保有特典	292000.0	100.0	0.68	2.04
2026-03-16	8	7	7453	良品計画	電子クーポン	食料品|暮らし	375000.0	100.0		0.74
2026-03-16	8	8	2404	鉄人化ホールディングス	優待食事券	食料品|食事券|暮らし	51000.0	100.0	5.81	
2026-03-16	8	9	3198	ＳＦＰホールディングス	優待食事券	食事券	213000.0	100.0	3.74	1.31
2026-03-16	8	10	8904	ＡＶＡＮＴＩＡ	QUOカード	金券|長期保有特典	83000.0	100.0		4.54
2026-03-16	8	11	6578	コレックホールディングス	QUOカード	金券	40000.0	100.0	4.95	2.22
2026-03-16	8	12	3048	ビックカメラ	買物優待券	暮らし|長期保有特典	171000.0	100.0	1.74	2.38
2026-03-16	8	13	4668	明光ネットワークジャパン	QUOカード	金券|長期保有特典	70000.0	100.0	0.71	3.97
2026-03-16	8	14	3557	ユナイテッド＆コレクティブ	食事優待券（電子）	食事券	95000.0	100.0	10.51	
2026-03-16	8	15	2927	ＡＦＣ－ＨＤアムスライフサイエンス	株主優待割引券・商品引換券	カタログギフト|美容・ファッション	88000.0	100.0	11.29	4.06
2026-03-16	8	16	3548	バロックジャパンリミテッド	店舗、通販サイトで利用可能なクーポン（電子）	美容・ファッション|長期保有特典	74000.0	100.0	5.34	5.08
2026-03-16	8	17	8185	チヨダ	株主優待割引券	美容・ファッション	104000.0	100.0		5.17
2026-03-16	8	18	7599	ＩＤＯＭ	デジタルギフト	金券|ポイントサービス|長期保有特典	127000.0	100.0	1.95	2.92
2026-03-16	8	19	3815	メディア工房	デジタルギフト	金券|ポイントサービス|長期保有特典	47000.0	100.0	8.51	
2026-03-16	8	20	9418	Ｕ－ＮＥＸＴ　ＨＯＬＤＩＮＧＳ	コンテンツ配信サービス｢U-NEXT｣	暮らし|ポイントサービス|長期保有特典	174000.0	100.0	0.57	0.97
2026-05-18	2	1	3382	セブン＆アイ・ホールディングス	グループ共通商品券	金券|長期保有特典|社会貢献	186000.0	100.0	1.07	3.22
2026-05-18	2	2	8267	イオン	株主優待カード、自社グル―プ優待券	金券|暮らし|長期保有特典	149000.0	100.0		1.0
2026-05-18	2	3	3387	クリエイト・レストランツ・ホールディングス	優待食事券	食事券|長期保有特典	72000.0	100.0	4.13	0.68
2026-05-18	2	4	8016	オンワードホールディングス	自社グループ製品	カタログギフト|美容・ファッション|長期保有特典	73000.0	100.0		4.46
2026-05-18	2	5	2930	北の達人コーポレーション	自社商品・ＥＣサイト商品券	美容・ファッション|長期保有特典	12000.0	100.0	75.19	2.71
2026-05-18	2	6	3391	ツルハホールディングス	株主ギフト券、または寄付	食料品|暮らし|社会貢献	210000.0	100.0	2.37	2.27
2026-05-18	2	7	4596	窪田製薬ホールディングス	自社割引チケット	暮らし	71000.0	1000.0	140.84	
2026-05-18	2	8	3543	コメダホールディングス	プリペイドカード「ＫＯＭＥＣＡ」チャージ	食事券|長期保有特典	295000.0	100.0	0.67	2.1
2026-05-18	2	9	7630	壱番屋	優待食事券	食事券	87000.0	100.0	2.28	1.83
2026-05-18	2	10	8125	ワキタ	ホテル優待券（電子チケット）	交通・旅行	180000.0	100.0	5.54	5.54
2026-05-18	2	11	3087	ドトール・日レスホールディングス	株主優待カード	食事券|ポイントサービス	286000.0	100.0	0.34	2.09
2026-05-18	2	12	8166	タカキュー	買物優待券	美容・ファッション|長期保有特典	39000.0	500.0	15.18	
2026-05-18	2	13	7649	スギホールディングス	買物優待券	食料品|暮らし|ポイントサービス	308000.0	100.0	0.32	1.13
2026-05-18	2	14	9418	Ｕ－ＮＥＸＴ　ＨＯＬＤＩＮＧＳ	コンテンツ配信サービス｢U-NEXT｣	暮らし|ポイントサービス|長期保有特典	155000.0	100.0	0.64	1.09
2026-05-18	2	15	6897	ツインバード	株主優待クーポン	暮らし|長期保有特典	39000.0	100.0	5.08	3.3
2026-05-18	2	16	3612	ワールド	株主優待券	美容・ファッション|長期保有特典	151000.0	100.0		4.42
2026-05-18	2	17	7453	良品計画	電子クーポン	食料品|暮らし	336000.0	100.0		0.95
2026-05-18	2	18	7512	イオン北海道	株主優待券	金券|暮らし|長期保有特典	85000.0	100.0		1.86
2026-05-18	2	19	2726	パルグループホールディングス	株主優待券	交通・旅行	143000.0	100.0		2.79
2026-05-18	2	20	3548	バロックジャパンリミテッド	店舗、通販サイトで利用可能なクーポン（電子）	美容・ファッション|長期保有特典	72000.0	100.0	5.51	5.24
