snapshot	month	rank	code	name	yutai_content	categories	min_invest_yen	yutai_shares	yutai_yield	dividend_yield
2014-10-28	1	1	3320	クロスプラス	"①自社製品or クロスプラスオンラインショップで使えるクーポン券
②抽選で30万円相当の海外旅行（旅行券）"	飲食料品	79000.0		7.55	
2014-10-28	1	2	9829	Ｊ−ながの東	・東急百貨店の各店舗で使える10％割引券	娯楽・芸術	212000.0		6.13	
2014-10-28	1	3	4924	ＤＲ．シーラボ	・アクアコラーゲンゲル等の自社製品	その他	342000.0		5.29	
2014-10-28	1	4	8142	トーホー	"①買い物割引券
②toho coffee製品（株主限定・非売品）
③トーホーセレクト製品"	娯楽・芸術	415000.0		4.81	
2014-10-28	1	5	4358	ＴＹＯ	・クオカード	娯楽・芸術	85000.0		4.67	
2014-10-28	1	6	4334	Ｊ−ユークス	・自社製品	ファッション	88000.0		4.54	
2014-10-28	1	7	7590	Ｊ−タカショー	"①各種オリジナルサービス
・タカショーのカタログの中から割引価格で購入できる
・オリジナルカレンダー
・タカショーのイベントへ招待
②自社製品"	商品券	49000.0		3.84	
2014-10-28	1	8	3246	Ｊ−コーセーＲＥ	・クオカード	娯楽・芸術	69000.0		3.58	
2014-10-28	1	9	1928	積水ハウス	・魚沼産コシヒカリ	娯楽・芸術	1304000.0		3.26	
2014-10-28	1	10	6387	サムコ	・クオカード	娯楽・芸術	98000.0		2.85	
2014-10-28	1	11	2590	ＤｙＤｏ	3,000円相当グループ製品詰め合わせ	割引券	456000.0		2.62	
2014-10-28	1	12	6654	不二電機工業	・クオカード	娯楽・芸術	154000.0		2.45	
2014-10-28	1	13	7878	Ｊ−光彩工芸	・限定オリジナルジュエリー	商品券	275000.0		2.36	
2014-10-28	1	14	7614	Ｊ−オーエムツー	"①自社製品
②アウトバックステーキハウス食事券"	娯楽・芸術	88000.0		2.27	
2014-10-28	1	15	3071	Ｍ−ストリーム	・株主優待割引券	娯楽・芸術	50000.0		1.97	
2014-10-28	1	16	9632	スバル興	・有楽町スバル座で利用できる優待カード	ファッション	412000.0		1.82	
2014-10-28	1	17	7598	Ｊ−ナイスクラップ	・店舗で使える10％割引優待券	娯楽・芸術	33000.0		1.49	
2014-10-28	1	18	8842	楽天地	"・優待券
①株主カード（ご本人カード）
②株主カード（ファミリーカード）
③株主ご優待券発行シート枚数
※（半年につき：東宝系映画劇場共通）
④株主ご優待券発行シート枚数
※（半年につき：自社直営劇場通用）"	ファッション	489000.0		1.22	
2014-10-28	1	19	9681	東京ドーム	"①野球株主証
a巨人戦立ち見ｏｒ日本ハム戦外野席
b巨人戦指定席or日本ハム戦指定席
c巨人戦指定席A・B1枚または指定席C2枚or日本ハム戦指定席
②東京ドームシティアトラクションズ乗物券
③スパラクーア入館券
④東京ドーム500円優待券
⑤スパラクーア割引券
⑥東京ドームホテルズ宿泊割引券
⑦東京ドームホテルズ飲食割引券
⑧松戸競輪場株主証（一般入場1名分無料）"	ファッション	420000.0		1.19	
2014-10-28	1	20	2217	モロゾフ	"・買い物割引券
※モロゾフオンラインショップでの優待割引
【７月株主・３年以上】1,000株以上保有　さらに自社商品（2,000円相当）"	娯楽・芸術	348000.0		1.14	
2014-10-28	2	1	3057	Ｃ−ゼットン	"①食事券
②公共施設の入場券"	割引券			267.6	
2014-10-28	2	2	4645	Ｊ−市進ＨＤ	・割引券	その他	109000.0		13.36	
2014-10-28	2	3	9876	Ｊ−コックス	・商品引換券	娯楽・芸術	20000.0		9.8	
2014-10-28	2	4	7520	エコス	"①優待券
②お米"	娯楽・芸術	79000.0		8.76	
2014-10-28	2	5	8175	ベスト電	・割引券	娯楽・芸術	66000.0		8.33	
2014-10-28	2	6	7818	トランザクション	"・下記より選択
①ヘルスケア＆ビューティ雑貨セット
②家庭用品セット
③衛生用品セット"	その他	88000.0		8.25	
2014-10-28	2	7	3063	Ｍ−ｊＧｒｏｕｐ	"・自社グループ店舗での食事優待券
※4,000円相当の自社グループ商品との引換えも可能"	日用品・家電	56000.0		7.68	
2014-10-28	2	8	8274	東武ストア	"①優待券
②図書カード"	娯楽・芸術	279000.0		7.52	
2014-10-28	2	9	8196	カスミ	"①買物券
②優待券
※「茨城県産こしひかり」と交換すること可能"	娯楽・芸術	101000.0		7.3	
2014-10-28	2	10	9861	吉野家ＨＤ	・食事券	日用品・家電	124000.0		6.47	
2014-10-28	2	11	4745	東京個別	・自社が運営する各教室にて通常授業料・受講費の割引優待券	その他	40000.0		6.46	
2014-10-28	2	12	9778	Ｊ−昴	"①自社運営の各教室で使用可能な優待券
②青森産りんご"	割引券	354000.0		6.21	
2014-10-28	2	13	8270	ユニーＧＨＤ	・グループ商品券 or 自社プライベートブランド商品	娯楽・芸術	55000.0		6.15	
2014-10-28	2	14	3387	クリレスＨＤ	・食事券	日用品・家電	134000.0		6.11	
2014-10-28	2	15	8287	ＭＶ西日本	・優待券	娯楽・芸術	143000.0		5.92	
2014-10-28	2	16	8198	ＭＶ東海	"・下記より選択
①株主優待券
②静岡県産銘茶セット
③花の舞　清酒セット
④お米食べくらべセット
⑤防災グッズ"	割引券	157000.0		5.45	
2014-10-28	2	17	2798	Ｍ−Ｙ’ｓ	"・5,000円分の株主ご優待券
※【３年以上保有株主】
・｢XEX MEMBERS CLUB｣の会員証"	日用品・家電	183000.0		5.44	
2014-10-28	2	18	7603	Ｊ−マックハウス	・優待券	娯楽・芸術	92000.0		5.43	
2014-10-28	2	19	3171	Ｊ−ＭＶ九州	・優待券	娯楽・芸術	167000.0		5.24	
2014-10-28	2	20	9979	大庄	・優待飲食券or産地直送の特産品	割引券	125000.0		5.08	
2014-10-28	3	1	7593	Ｊ−ＶＴＨＤ	"①優待券（下記内容）
・新車・中古車購入時利用優待券(3万円分) 1枚
・車検時利用優待券(1万円分) 1枚
・レンタカー利用割引券5枚（一般料金表より20％割引、またはインターネット料金表より10％割引を5枚）
②カタログギフト"	娯楽・芸術	38000.0		108.22	
2014-10-28	3	2	8107	キムラタン	"①オンラインストア株主優待クーポンキー（3000円）
②自社一部店舗で使える優待券（2000円）"	娯楽・芸術	9000.0		55.55	
2014-10-28	3	3	4765	Ｊ−モーニングスター	・日刊「株式新聞web版」無料クーポン	その他	25000.0		49.28	
2014-10-28	3	4	3187	Ｍ−サンワカンパニー	・割引券	娯楽・芸術	69000.0		43.43	
2014-10-28	3	5	2666	Ｊ−オートウェーブ	"お買物優待券 
【自動車用品の専門チェーン店】"	娯楽・芸術	8000.0		21.17	
2014-10-28	3	6	2453	ＪＢＲ	キッザニア(東京・甲子園)スポンサーイベントデイ招待券など	その他	29000.0		17.96	
2014-10-28	3	7	3598	山喜	"自社直営店のお買物券
【国内外で男女ｶｼﾞｭｱﾙを生産】"	娯楽・芸術	26000.0		15.78	
2014-10-28	3	8	3205	ダイドー	・自社製品	飲食料品	49000.0		15.63	
2014-10-28	3	9	2656	Ｊ−ベクター	・7タイトルのオンラインゲームにて利用可能な10,000円分相当のゲーム内ポイント等。	ファッション	68000.0		14.7	
2014-10-28	3	10	5261	リソル	"宿泊・ゴルフ・リゾート商品券など
【ゴルフ場やホテル等、全国6,000ヵ所のリゾート施設を運営】"	ファッション|交通・宿泊|スポーツ|その他	239000.0		14.64	
2014-10-28	3	11	4650	Ｊ−ＳＤエンター	"施設優待券
【様々なエンターテイメントの場を店舗展開】"	割引券|ファッション|交通・宿泊	135000.0		13.28	
2014-10-28	3	12	7522	ワタミ	「和民」「和み亭」など国内ワタミグループ外食全店舗で使える優待券	日用品・家電	126000.0		10.71	
2014-10-28	3	13	6087	アビスト	・アビストH＆F「浸みわたる水素水」	割引券	243000.0		10.35	
2014-10-28	3	14	9760	進学会	・進学会の学習塾・スポーツクラブで使える優待券	その他	39000.0		10.15	
2014-10-28	3	15	2058	ヒガシマル	"自社製品
【水産、食品事業を展開】"	割引券	71000.0		9.55	
2014-10-28	3	16	2928	Ａ−健康ＣＰ	"企業グループ商品（カタログから選択）
【健康食品等を提供する会社】"	割引券	143000.0		8.88	
2014-10-28	3	17	8613	丸三証	"①海苔詰め合わせ
②魚沼産コシヒカリ（新米）3kg"	娯楽・芸術	73000.0		8.79	
2014-10-28	3	18	4680	ラウンドワン	ラウンドワン利用割引券	ファッション	69000.0		8.68	
2014-10-28	3	19	7840	フラベッドＨ	"・下記より選択
①フランスベットのお店で使う
②フランスベットのネット通販で使う
③優待券と交換で使う"	娯楽・芸術	175000.0		8.57	
2014-10-28	3	20	4679	田谷	"優待券
【美容室を全国にチェーン展開】"	その他	75000.0		8.47	
2014-10-28	4	1	4355	Ｊ−ロングライフＨＤ	・当社グループの有料老人ホームおよびグループホームの入居一時金または入園金の割引優待券（※本人および２親等以内利用　1枚）	その他	36000.0		555.4	
2014-10-28	4	2	6630	ヤーマン	・化粧品「オンリーミネラルセット」	その他	132000.0		10.28	
2014-10-28	4	3	9444	Ｊ−トーシン	"①自社直営携帯ショップでの購入時に利用できる商品券
②対象施設で利用できるゴルフ場プレー特別料金
③ゴルフ場平日1ラウンド無料御招待
④ゴルフ場平日2ラウンド無料御招待
⑤ゴルフ場平日3ラウンド無料御招待"	日用品・家電	57000.0		6.9	
2014-10-28	4	4	2751	Ｊ−テンポス	"・下記より選択
①食事券（ステーキレストランあさま　8,000円分）
②買物券（テンポスバスターズ　6,400円分）"	割引券	101000.0		6.79	
2014-10-28	4	5	2198	アイ・ケイ・ケイ	"①自社商品
②食事券"	割引券	90000.0		3.31	
2014-10-28	4	6	8917	ファースト住建	・自社商品（磁器製タンブラーペアセット）	その他	121000.0		3.28	
2014-10-28	4	7	3361	トーエル	"①自社商品
②自社オリジナルカレンダー"	割引券	339000.0		3.09	
2014-10-28	4	8	1766	東建コーポ	"・下記より選択
①魚沼産コシヒカリ（新米）
②ミネラルウォーター
③カメ仕込み本格イモ焼酎
④プレー優待券（東建多度カントリークラブ・名古屋、東建塩河カントリー倶楽部 共通）
⑤ハートマークショップ優待割引券
⑥株主優待 １年カード
⑦ホテル多度温泉「クラブハウス本館」または「火水風別館」で利用できる、「ホテル多度温泉 日曜・平日ペア無料ご宿泊券」"	割引券	484000.0		3.09	
2014-10-28	4	9	2910	ロックフィルド	・自社商品	日用品・家電	189000.0		2.63	
2014-10-28	4	10	2593	伊藤園	"①自社製品
②通信販売製品割引優待"	割引券	215000.0		2.5	
2014-10-28	4	11	9603	Ｈ．Ｉ．Ｓ．	"①株主優待券（1,000円券）
②ハウステンボス入場割引券（500円券）"	オリジナル・限定	280000.0		2.39	
2014-10-28	4	12	7605	Ｊ−フジコーポ	・UFJニコスギフトカード	娯楽・芸術	595000.0		2.3	
2014-10-28	4	13	3329	Ｊ−東和フード	優待食事券（1,500円分）　または自社製品詰め合わせ	割引券	265000.0		2.25	
2014-10-28	4	14	8079	正栄食	"①自社製品（菓子類詰合せ）
②通販カタログ掲載商品50％割引券"	割引券	907000.0		1.65	
2014-10-28	4	15	2695	くら	"・下記より選択
①食事券 
②自社商品（詰合せ）"	割引券	299000.0		1.23	
2014-10-28	4	16	3843	Ｍ−ＦＢ	"①ユビキタスサービス「Ubicプラン」を無料で利用できる権利
②モバイルデータ通信サービス｢ServersMan SIM LTE 100｣を優待価格で利用できる権利
③クラウドストレージサービス
｢DTIServersMan@Disk｣を無料で利用できる権利
④クラウドア-キテクチャー「Plug in Cloud」の「Cloud@ SD」を株主限定販売"	その他	109000.0		0.64	
2014-10-28	4	17	2438	Ｍ−アスカネット	・割引券	その他	1406000.0		0.37	
2014-10-28	4	18	3318	Ｊ−メガネスーパ	・割引券	娯楽・芸術	4000.0		0.0	
2014-10-28	4	19	7968	ＴＡＳＡＫＩ	・割引券	娯楽・芸術	109000.0		0.0	
2014-10-28	4	20	2159	Ｍ−ＦＳ	"・カタログに 掲載されている商品・サービスを無料
もしくは株主様限定の特別価格で提供"	その他	61000.0		0.0	
2014-10-28	5	1	2792	ハニーズ	・自社商品引換券	飲食料品	9000.0		12.06	
2014-10-28	5	2	2722	Ｊ−アイケイ	・自社商品（鰹昆亭の和風だし）	その他	81000.0		5.88	
2014-10-28	5	3	7921	宝印刷	・カタログより選択	その他	76000.0		5.07	
2014-10-28	5	4	4825	ＷＮＩウェザー	・「WITHist Club」への無料入会	その他	297000.0		4.67	
2014-10-28	5	5	8887	Ｊ−リベレステ	・星野リゾート裏磐梯ホテル宿泊優待券	スポーツ	66000.0		4.49	
2014-10-28	5	6	3022	山下医	・クオカード	娯楽・芸術	168000.0		3.91	
2014-10-28	5	7	3230	Ｊ−スター・マイカ	"①クオカード
②美容・健康・生活関連商品"	娯楽・芸術	118000.0		3.81	
2014-10-28	5	8	9837	モリト	・オリジナルクオカード	その他	80000.0		3.7	
2014-10-28	5	9	9765	オオバ	・お米券	娯楽・芸術	35000.0		3.34	
2014-10-28	5	10	1377	サカタのタネ	"①「サカタ友の会」に年会費（2,600円/1年）無料
②「花とみどりのギフト券」を進呈"	娯楽・芸術	157000.0		3.23	
2014-10-28	5	11	3669	モバクリ	・大分県産の商品	割引券	79000.0		3.13	
2014-10-28	5	12	8908	Ｊ−毎コムネット	"・会員制生活総合サポートサービス
※全国のホテルや温泉旅行、ゴルフ等が割引価格で利用可能"	その他	67000.0		3.11	
2014-10-28	5	13	3160	大光	"①QUOカード
②アミカ商品券"	娯楽・芸術	66000.0		3.0	
2014-10-28	5	14	3201	ニッケ	・優待券	娯楽・芸術	747000.0		2.81	
2014-10-28	5	15	4465	ニイタカ	"①ジェフグルメカード
②日本旅行ギフト旅行券
③スーパーサラセンセット
④バスクリーナーコンクセット
⑤手洗い安心セット
⑥釜飯3食セット
⑦釜飯5食セット
⑧釜飯用釜コンロセット"	割引券	111000.0		2.69	
2014-10-28	5	16	3148	クリエイトＳＤＨ	"①優待券
②カタログギフト"	娯楽・芸術	376000.0		2.6	
2014-10-28	5	17	3075	Ｊ−銚子丸	・食事優待券	日用品・家電	343000.0		2.24	
2014-10-28	5	18	7630	壱番屋	・食事券	日用品・家電	517000.0		1.93	
2014-10-28	5	19	7487	小津産業	・トイレットペーパー等（詰合せ）	その他	178000.0		1.79	
2014-10-28	5	20	2791	大黒天	・岡山県名産の「大粒ピオーネ」	割引券	310000.0		1.28	
2014-10-28	6	1	3807	Ｊ−フィスコ	IPO投資に関する情報が得られる「クラブフィスコ」のIPOナビ（リミテッド）　無料クーポン	その他	30000.0		44.04	
2014-10-28	6	2	4563	Ｍ−アンジェス	"①自社子会社が企画・開発する化粧品等の購入優待券（1枚5,000円相当）
②季刊誌
③リビエージュ化粧品シリーズのみ使用可能　50％割引購入券"	娯楽・芸術	26000.0		37.73	
2014-10-28	6	3	9973	Ｊ−小僧寿し	・株主優待割引券	日用品・家電	11000.0		17.69	
2014-10-28	6	4	3319	Ｍ−ＧＤＯ	"①「GODゴルフショップ」クーポン券
②「GODゴルフ場予約」クーポン券"	娯楽・芸術	31000.0		12.73	
2014-10-28	6	5	2305	スタジオアリス	"・株主写真撮影券（下記よりフレームを選択）
①四切写真プリント
②キャビネサイズデザインフォト
③B3サイズポスター"	娯楽・芸術	140000.0		11.0	
2014-10-28	6	6	3788	ＧＭＯクラウド	"①自社および自社グループサービス優待券（上限5,000円分）
※申請があった2サービスの対象期間中に生じた支払額をキャッシュバック
②GMOクリック証券におけるGMOクラウド株式買付手数料のキャッシュバック
③GMOクリック証券における売買手数料をキャシュバック（上限3,000円分）"	娯楽・芸術	109000.0		10.84	
2014-10-28	6	7	2762	三光ＭＦ	3,000円分の優待券または、お米	娯楽・芸術	91000.0		8.29	
2014-10-28	6	8	8929	Ｍ−青山財	"①各地の名産品から1品（3,000円相当）
②株式会社うかいのお食事券（20,000円）
③特選うかい牛肉（20,000円相当分）"	割引券	57000.0		7.01	
2014-10-28	6	9	2499	日本和装	"・クオカード
・きものシミ抜き券（5,000円相当）
・VJAギフトカード"	その他	28000.0		6.4	
2014-10-28	6	10	9449	ＧＭＯ	"・下記4つを贈呈
①GMOくまポンギフト　2,000円相当
②GMOクリック証券におけるGMOインターネット株式を買付けた場合の買付手数料を無料
③GMOクリック証券における売買手数料を5,000円割引
※現物取引、信用取引、夜間取引、先物・オプション取引、FX ネオ取引、クリック 365 取引、e ワラント取引
④GMOインターネットグループが提供するサーバーやドメイン等のサービスの利用料を5,000円割引
※InterQ MEMBERS、ZERO、ロリポップ！レンタルサーバーなど一部サービスは除外されます"	その他	87000.0		6.26	
2014-10-28	6	11	8304	あおぞら	・商品券	娯楽・芸術	378000.0		5.95	
2014-10-28	6	12	3178	チムニー	"①食事優待券（1名1回の食事につき、1枚利用可）
②食事券（枚数などの条件無し）
③自社オリジナル商品セット"	割引券	219000.0		5.45	
2014-10-28	6	13	4221	大倉工	"◆冊子内訳
・オークラホテル丸亀　朝食付き宿泊優待券（5500円）2枚
・オークラホテル丸亀、オークラホテル高松、岡山ビジネスホテル、同アネックス
宿泊基本料金40％割引券3枚、喫茶（コーヒーまたは紅茶）無料券3枚"	スポーツ	352000.0		5.25	
2014-10-28	6	14	8165	千趣会	・自社カタログお買い物券	娯楽・芸術	85000.0		5.15	
2014-10-28	6	15	2579	コカウエスト	1,800円相当の自社商品	割引券	151000.0		5.07	
2014-10-28	6	16	3028	アルペン	・自社店舗および関連施設にて利用できる優待券	交通・宿泊	164000.0		4.86	
2014-10-28	6	17	3633	Ｊ−ＧＭＯペパボ	"①おさいぽ！ポイントor GMOとくとくポイント
②株式買付手数料をキャッシュバック
③取引手数料相当額をキャッシュバック"	娯楽・芸術	423000.0		4.57	
2014-10-28	6	18	7989	立川ブライ	・クオカード	娯楽・芸術	66000.0		4.53	
2014-10-28	6	19	3326	Ｊ−ランシステム	"・下記より選択
①クオカード
②自遊空間優待券"	娯楽・芸術	66000.0		4.49	
2014-10-28	6	20	9726	ＫＮＴＣＴ	"①自社主催旅行商品（メイト・ホリデイ・クラブツーリズムの旅）の割引券2枚
②ツアー価格　・3万円 … 1,500円割引　・10万円 … 5,000円割引　・20万円 … 1万円割引
③優待券2枚同時利用の場合　・6万円 … 3,000円割引　・40万円 … 2万円割引"	オリジナル・限定	157000.0		3.82	
2014-10-28	7	1	9829	Ｊ−ながの東	・東急百貨店の各店舗で使える10％割引券	娯楽・芸術	212000.0		6.13	
2014-10-28	7	2	8142	トーホー	"①買い物割引券
②toho coffee製品（株主限定・非売品）
③トーホーセレクト製品"	娯楽・芸術	415000.0		4.81	
2014-10-28	7	3	7590	Ｊ−タカショー	"①各種オリジナルサービス
・タカショーのカタログの中から割引価格で購入できる
・オリジナルカレンダー
・タカショーのイベントへ招待
②自社製品"	商品券	49000.0		3.84	
2014-10-28	7	4	2590	ＤｙＤｏ	3,000円相当グループ製品詰め合わせ	割引券	456000.0		2.62	
2014-10-28	7	5	6654	不二電機工業	・クオカード	娯楽・芸術	154000.0		2.45	
2014-10-28	7	6	7614	Ｊ−オーエムツー	"①自社製品
②アウトバックステーキハウス食事券"	娯楽・芸術	88000.0		2.27	
2014-10-28	7	7	9632	スバル興	・有楽町スバル座で利用できる優待カード	ファッション	412000.0		1.82	
2014-10-28	7	8	7598	Ｊ−ナイスクラップ	・店舗で使える10％割引優待券	娯楽・芸術	33000.0		1.49	
2014-10-28	7	9	8842	楽天地	"・優待券
①株主カード（ご本人カード）
②株主カード（ファミリーカード）
③株主ご優待券発行シート枚数
※（半年につき：東宝系映画劇場共通）
④株主ご優待券発行シート枚数
※（半年につき：自社直営劇場通用）"	ファッション	489000.0		1.22	
2014-10-28	7	10	2217	モロゾフ	"・買い物割引券
※モロゾフオンラインショップでの優待割引
【７月株主・３年以上】1,000株以上保有　さらに自社商品（2,000円相当）"	娯楽・芸術	348000.0		1.14	
2014-10-28	7	11	9637	オーエス	"①映画館株主優待
②梅田OSホテル宿泊割引券
③飲食割引券"	ファッション	597000.0		0.83	
2014-10-28	7	12	3193	Ｊ−鳥貴族	・食事券	割引券	698000.0		0.57	
2014-10-28	7	13	9636	きんえい	・各劇場共通招待券	ファッション	209000.0		0.35	
2014-10-28	8	1	7520	エコス	"①優待券
②お米"	娯楽・芸術	79000.0		8.76	
2014-10-28	8	2	7818	トランザクション	"・下記より選択
①ヘルスケア＆ビューティ雑貨セット
②家庭用品セット
③衛生用品セット"	その他	88000.0		8.25	
2014-10-28	8	3	2736	Ｊ−サダマツ	"①自社オリジナルジュエリー
②お買物優待券"	商品券|日用品・家電	156000.0		7.69	
2014-10-28	8	4	3063	Ｍ−ｊＧｒｏｕｐ	"・自社グループ店舗での食事優待券
※4,000円相当の自社グループ商品との引換えも可能"	日用品・家電	56000.0		7.68	
2014-10-28	8	5	8274	東武ストア	"①優待券
②図書カード"	娯楽・芸術	279000.0		7.52	
2014-10-28	8	6	8196	カスミ	"①買物券
②優待券
※「茨城県産こしひかり」と交換すること可能"	娯楽・芸術	101000.0		7.3	
2014-10-28	8	7	2683	魚喜	5,000 円相当の塩数の子セット	割引券	74000.0		6.72	
2014-10-28	8	8	8127	ヤマトインター	自社製品	飲食料品	38000.0		6.71	
2014-10-28	8	9	9861	吉野家ＨＤ	・食事券	日用品・家電	124000.0		6.47	
2014-10-28	8	10	4745	東京個別	・自社が運営する各教室にて通常授業料・受講費の割引優待券	その他	40000.0		6.46	
2014-10-28	8	11	7445	ライトオン	・自社の経営する全店舗（オンラインショップ除く）で利用できる優待券（1,000円券）	日用品・家電	72000.0		6.22	
2014-10-28	8	12	9778	Ｊ−昴	"①自社運営の各教室で使用可能な優待券
②青森産りんご"	割引券	354000.0		6.21	
2014-10-28	8	13	3387	クリレスＨＤ	・食事券	日用品・家電	134000.0		6.11	
2014-10-28	8	14	3174	Ｊ−ハピネス＆Ｄ	"①ご優待券または株主様限定オリジナル商品
②自社店舗で利用できる5％割引券"	商品券|日用品・家電	79000.0		5.68	
2014-10-28	8	15	2798	Ｍ−Ｙ’ｓ	"・5,000円分の株主ご優待券
※【３年以上保有株主】
・｢XEX MEMBERS CLUB｣の会員証"	日用品・家電	183000.0		5.44	
2014-10-28	8	16	4668	明光ネット	クオカード3,000円分	娯楽・芸術	118000.0		5.24	
2014-10-28	8	17	9979	大庄	・優待飲食券or産地直送の特産品	割引券	125000.0		5.08	
2014-10-28	8	18	7421	カッパクリＨＤ	・食事券	日用品・家電	102000.0		4.87	
2014-10-28	8	19	9846	天満屋ス	"①買物券
②VISAギフトカード"	娯楽・芸術	93000.0		4.83	
2014-10-28	8	20	7601	ポプラ	・買物券	娯楽・芸術	53000.0		4.7	
2014-10-28	9	1	4346	ＮＥＸＹＺ．	DNA検査「体質型遺伝子チェック」を半額にて提供	その他	59000.0		28.49	
2014-10-28	9	2	2666	Ｊ−オートウェーブ	"お買物優待券 
【自動車用品の専門チェーン店】"	娯楽・芸術	8000.0		21.17	
2014-10-28	9	3	2453	ＪＢＲ	キッザニア(東京・甲子園)スポンサーイベントデイ招待券など	その他	29000.0		17.96	
2014-10-28	9	4	3598	山喜	"自社直営店のお買物券
【国内外で男女ｶｼﾞｭｱﾙを生産】"	娯楽・芸術	26000.0		15.78	
2014-10-28	9	5	5261	リソル	"宿泊・ゴルフ・リゾート商品券など
【ゴルフ場やホテル等、全国6,000ヵ所のリゾート施設を運営】"	ファッション|交通・宿泊|スポーツ|その他	239000.0		14.64	
2014-10-28	9	6	4650	Ｊ−ＳＤエンター	"施設優待券
【様々なエンターテイメントの場を店舗展開】"	割引券|ファッション|交通・宿泊	135000.0		13.28	
2014-10-28	9	7	7819	ＳＨＯ−ＢＩ	"優待限定の自社製品
【化粧雑貨、キャラクター雑貨等提供する会社】"	商品券	40000.0		11.11	
2014-10-28	9	8	7522	ワタミ	「和民」「和み亭」など国内ワタミグループ外食全店舗で使える優待券	日用品・家電	126000.0		10.71	
2014-10-28	9	9	2058	ヒガシマル	"自社製品
【水産、食品事業を展開】"	割引券	71000.0		9.55	
2014-10-28	9	10	2928	Ａ−健康ＣＰ	"企業グループ商品（カタログから選択）
【健康食品等を提供する会社】"	割引券	143000.0		8.88	
2014-10-28	9	11	4680	ラウンドワン	ラウンドワン利用割引券	ファッション	69000.0		8.68	
2014-10-28	9	12	4679	田谷	"優待券
【美容室を全国にチェーン展開】"	その他	75000.0		8.47	
2014-10-28	9	13	9890	Ｊ−マキヤ	"お買い物割引券
【静岡県を中心にホームセンターや食品スーパーを展開】"	娯楽・芸術	46000.0		8.4	
2014-10-28	9	14	7524	マルシェ	"優待券
【マルシェ直営店全店舗で使用可能】"	日用品・家電	84000.0		8.25	
2014-10-28	9	15	5343	ニッコー	"自社製品（陶磁器）
【高級陶磁器食器の老舗】"	その他	122000.0		8.19	
2014-10-28	9	16	8005	スクロール	"自社カタログおよび掲載商品割引ポイント
【カタログ通販準大手。アパレルや生活雑貨が主力。】"	娯楽・芸術	25000.0		7.87	
2014-10-28	9	17	2131	アコーディア	・保有するゴルフ場、ホテル、インドアゴルフの最大3,000円分優待券	交通・宿泊	112000.0		7.66	
2014-10-28	9	18	9832	オートバックス	"買物優待ポイントを付与した株主優待カード
【カー用品国内最大手】"	娯楽・芸術	165000.0		7.6	
2014-10-28	9	19	9657	Ｊ−コムテック	"・花・観葉植物
・カタログギフト"	その他	73000.0		7.47	
2014-10-28	9	20	9644	Ｊ−タナベ経営	"ブルーダイアリー手帳」オリジナル革表紙
【経営や人材育成などに関する情報を提供する会社】"	商品券	81000.0		7.34	
2014-10-28	10	1	4355	Ｊ−ロングライフＨＤ	・当社グループの有料老人ホームおよびグループホームの入居一時金または入園金の割引優待券（※本人および２親等以内利用　1枚）	その他	36000.0		555.4	
2014-10-28	10	2	9444	Ｊ−トーシン	"①自社直営携帯ショップでの購入時に利用できる商品券
②対象施設で利用できるゴルフ場プレー特別料金
③ゴルフ場平日1ラウンド無料御招待
④ゴルフ場平日2ラウンド無料御招待
⑤ゴルフ場平日3ラウンド無料御招待"	日用品・家電	57000.0		6.9	
2014-10-28	10	3	1873	東日本ハウス	・銀河高原ビール製造の小麦のビール缶　12本	割引券	497000.0		4.62	
2014-10-28	10	4	7640	トップカルチャ	"①TSUTAYA等で利用できるレンタル優待券
②図書カード"	娯楽・芸術	151000.0		4.29	
2014-10-28	10	5	4666	パーク２４	・全国対象施設で利用できるタイムズチケット	日用品・家電	167000.0		3.57	
2014-10-28	10	6	8917	ファースト住建	・自社商品（磁器製タンブラーペアセット）	その他	121000.0		3.28	
2014-10-28	10	7	3361	トーエル	"①自社商品
②自社オリジナルカレンダー"	割引券	339000.0		3.09	
2014-10-28	10	8	1766	東建コーポ	"・下記より選択
①魚沼産コシヒカリ（新米）
②ミネラルウォーター
③カメ仕込み本格イモ焼酎
④プレー優待券（東建多度カントリークラブ・名古屋、東建塩河カントリー倶楽部 共通）
⑤ハートマークショップ優待割引券
⑥株主優待 １年カード
⑦ホテル多度温泉「クラブハウス本館」または「火水風別館」で利用できる、「ホテル多度温泉 日曜・平日ペア無料ご宿泊券」"	割引券	484000.0		3.09	
2014-10-28	10	9	6309	巴工業	・ワイン（自社関連会社取扱商品）1本	割引券	179000.0		2.5	
2014-10-28	10	10	9603	Ｈ．Ｉ．Ｓ．	"①株主優待券（1,000円券）
②ハウステンボス入場割引券（500円券）"	オリジナル・限定	280000.0		2.39	
2014-10-28	10	11	9824	泉州電業	・オリジナル図書カード	娯楽・芸術	180000.0		2.32	
2014-10-28	10	12	3329	Ｊ−東和フード	優待食事券（1,500円分）　または自社製品詰め合わせ	割引券	265000.0		2.25	
2014-10-28	10	13	8079	正栄食	"①自社製品（菓子類詰合せ）
②通販カタログ掲載商品50％割引券"	割引券	907000.0		1.65	
2014-10-28	10	14	2830	アヲハタ	・自社製品	割引券	187000.0		1.33	
2014-10-28	10	15	9678	カナモト	・カタログギフト　北海道の厳選商品から選択	割引券	3930000.0		0.58	
2014-10-28	10	16	2923	サトウ食品	・自社製品（詰め合わせ）	割引券	1495000.0		0.46	
2014-10-28	10	17	3318	Ｊ−メガネスーパ	・割引券	娯楽・芸術	4000.0		0.0	
2014-10-28	10	18	7968	ＴＡＳＡＫＩ	・割引券	娯楽・芸術	109000.0		0.0	
2014-10-28	11	1	3244	Ｊ−サムティ	"・宿泊無料・割引券
①天橋立ホテル
②センターホテル東京・大阪"	スポーツ	70000.0		10.35	
2014-10-28	11	2	2769	Ｊ−ヴィレッジＶ	・買物券	娯楽・芸術	147000.0		7.74	
2014-10-28	11	3	4825	ＷＮＩウェザー	・「WITHist Club」への無料入会	その他	297000.0		4.67	
2014-10-28	11	4	8887	Ｊ−リベレステ	・星野リゾート裏磐梯ホテル宿泊優待券	スポーツ	66000.0		4.49	
2014-10-28	11	5	3022	山下医	・クオカード	娯楽・芸術	168000.0		3.91	
2014-10-28	11	6	3230	Ｊ−スター・マイカ	"①クオカード
②美容・健康・生活関連商品"	娯楽・芸術	118000.0		3.81	
2014-10-28	11	7	9837	モリト	・オリジナルクオカード	その他	80000.0		3.7	
2014-10-28	11	8	2698	キャンドゥ	・優待券	日用品・家電	159000.0		3.44	
2014-10-28	11	9	5942	日フイルコン	・ワイン	割引券	49000.0		3.21	
2014-10-28	11	10	3160	大光	"①QUOカード
②アミカ商品券"	娯楽・芸術	66000.0		3.0	
2014-10-28	11	11	6985	ユーシン	・クオカード	娯楽・芸術	67000.0		2.95	
2014-10-28	11	12	4465	ニイタカ	"①ジェフグルメカード
②日本旅行ギフト旅行券
③スーパーサラセンセット
④バスクリーナーコンクセット
⑤手洗い安心セット
⑥釜飯3食セット
⑦釜飯5食セット
⑧釜飯用釜コンロセット"	割引券	111000.0		2.69	
2014-10-28	11	13	2796	ファーマライズＨＤ	"・下記より選択
①メディカルアロマペンセット
②メディカルアロマストーンセット
③医療用サプリメント（C-MAX)"	その他	55000.0		2.5	
2014-10-28	11	14	7594	マルカキカイ	"①グルメセット
②グルメギフト券"	割引券	131000.0		2.5	
2014-10-28	11	15	9924	ドミー	・自社取扱商品	割引券	520000.0		2.5	
2014-10-28	11	16	3075	Ｊ−銚子丸	・食事優待券	日用品・家電	343000.0		2.24	
2014-10-28	11	17	9369	キユソ流通	・ジェフグルメカード	日用品・家電	127000.0		2.19	
2014-10-28	11	18	7501	Ｊ−ティムコ	・Foxfire Storeで利用できる買い物券（20％割引）	娯楽・芸術	56000.0		2.11	
2014-10-28	11	19	2734	サーラ	・優待券	日用品・家電	288000.0		2.08	
2014-10-28	11	20	3089	Ｊ−テクノアルファ	・クオカード	娯楽・芸術	179000.0		2.06	
2014-10-28	12	1	2369	Ｍ−メディビ	"①「おくすり体質検査」サービスの割引券
②同検査キット優待価格販売"	その他			950.22	
2014-10-28	12	2	3807	Ｊ−フィスコ	IPO投資に関する情報が得られる「クラブフィスコ」のIPOナビ（リミテッド）　無料クーポン	その他	30000.0		44.04	
2014-10-28	12	3	4563	Ｍ−アンジェス	"①自社子会社が企画・開発する化粧品等の購入優待券（1枚5,000円相当）
②季刊誌
③リビエージュ化粧品シリーズのみ使用可能　50％割引購入券"	娯楽・芸術	26000.0		37.73	
2014-10-28	12	4	9973	Ｊ−小僧寿し	・株主優待割引券	日用品・家電	11000.0		17.69	
2014-10-28	12	5	3319	Ｍ−ＧＤＯ	"①「GODゴルフショップ」クーポン券
②「GODゴルフ場予約」クーポン券"	娯楽・芸術	31000.0		12.73	
2014-10-28	12	6	9439	Ｊ−ＭＨグループ	・優待券	娯楽・芸術	28000.0		11.62	
2014-10-28	12	7	6078	Ｊ−バリューＨＲ	"①個人向け福利厚生サービス『バリューカフェテリア』の初年度年会費6,000円を無料に。
②健康診断や健康関連サービスに使える『カフェテリアポイント』5,000ポイントを贈呈。"	その他	110000.0		11.07	
2014-10-28	12	8	3788	ＧＭＯクラウド	"①自社および自社グループサービス優待券（上限5,000円分）
※申請があった2サービスの対象期間中に生じた支払額をキャッシュバック
②GMOクリック証券におけるGMOクラウド株式買付手数料のキャッシュバック
③GMOクリック証券における売買手数料をキャシュバック（上限3,000円分）"	娯楽・芸術	109000.0		10.84	
2014-10-28	12	9	2762	三光ＭＦ	3,000円分の優待券または、お米	娯楽・芸術	91000.0		8.29	
2014-10-28	12	10	4755	楽天	"①東北楽天の主催の公式戦に抽選で招待or観戦チケットを優待価格で提供
②東北楽天選手のサイン入りグッズを抽選でプレゼント
③楽天市場で使える800円相当のクーポン
④楽天トラベルのパックツアー商品で利用できる6,000円相当のクーポン
⑤電子書籍端末「楽天kobo」で使える1,500円相当のクーポン"	その他	117000.0		7.38	
2014-10-28	12	11	2499	日本和装	"・クオカード
・きものシミ抜き券（5,000円相当）
・VJAギフトカード"	その他	28000.0		6.4	
2014-10-28	12	12	9449	ＧＭＯ	"・下記4つを贈呈
①GMOくまポンギフト　2,000円相当
②GMOクリック証券におけるGMOインターネット株式を買付けた場合の買付手数料を無料
③GMOクリック証券における売買手数料を5,000円割引
※現物取引、信用取引、夜間取引、先物・オプション取引、FX ネオ取引、クリック 365 取引、e ワラント取引
④GMOインターネットグループが提供するサーバーやドメイン等のサービスの利用料を5,000円割引
※InterQ MEMBERS、ZERO、ロリポップ！レンタルサーバーなど一部サービスは除外されます"	その他	87000.0		6.26	
2014-10-28	12	13	8304	あおぞら	・商品券	娯楽・芸術	378000.0		5.95	
2014-10-28	12	14	2406	Ｊ−アルテＨＤ	"①◆の券面金額相当の当社グループＰＢ商品
②◆の券面金額相当の横浜元町 近沢レース店のオリジナル・インテリアレース"	その他	68000.0		5.87	
2014-10-28	12	15	3082	きちり	---	日用品・家電	72000.0		5.54	
2014-10-28	12	16	7625	Ｇダイニング	"◆自社製品
①ゴルフボール マスターズマーク入り6個　スリクソン Z-STAR
②テニスボール12個　ダンロップ フォート、スリクソン各6個
③ギフト製品　スリクソンのキャップ、フェイスタオル（約340×800mm）
④特製クオカード　1,000円分
⑤ゴルフボール マスターズマーク入り12個　スリクソン Z-STAR
⑥テニスボール24個　ダンロップ フォート、スリクソン 各12個
⑦ギフト製品　ゼクシオ　トラベルポーチ、今治フェイスタオル（2枚）
⑧特製クオカード　2,000円分"	交通・宿泊	18000.0		5.52	
2014-10-28	12	17	3178	チムニー	"①食事優待券（1名1回の食事につき、1枚利用可）
②食事券（枚数などの条件無し）
③自社オリジナル商品セット"	割引券	219000.0		5.45	
2014-10-28	12	18	7984	コクヨ	・自社製品	その他	83000.0		5.42	
2014-10-28	12	19	4221	大倉工	"◆冊子内訳
・オークラホテル丸亀　朝食付き宿泊優待券（5500円）2枚
・オークラホテル丸亀、オークラホテル高松、岡山ビジネスホテル、同アネックス
宿泊基本料金40％割引券3枚、喫茶（コーヒーまたは紅茶）無料券3枚"	スポーツ	352000.0		5.25	
2014-10-28	12	20	8165	千趣会	・自社カタログお買い物券	娯楽・芸術	85000.0		5.15	
2014-11-24	12	1	2369	メディビ	おくすり体質検査・同検査キットがご優待価格で購入できる権利	その他			823.52	
2014-11-24	12	2	6071	ＩＢＪ	IBJメンバーズ（ﾌﾟﾚﾐｱｺｰｽ）入会初期費用100,000円割引券など	その他	142000.0		71.34	
2014-11-24	12	3	3807	フィスコ	IPO投資に関する情報が得られる「クラブフィスコ」のIPOナビ（リミテッド）　無料クーポン	その他	33000.0		39.7	
2014-11-24	12	4	4563	アンジェス	自社商品ご優待券10,000円相当	娯楽・芸術	33000.0		29.85	
2014-11-24	12	5	9973	小僧寿し	株主ご優待割引券2,000円相当	日用品・家電	12000.0		16.0	
2014-11-24	12	6	9439	ＭＨグループ	ご優待券3,000円相当	娯楽・芸術	28000.0		11.53	
2014-11-24	12	7	3788	ＧＭＯクラウド	自社および自社グループサービスご優待券10,000円相当	娯楽・芸術	118000.0		10.06	
2014-11-24	12	8	3177	ありがとうＳ	「クラブフィスコ」のIPOナビ（リミテッド）　無料クーポン	その他	225000.0		9.08	
2014-11-24	12	9	6078	バリューＨＲ	『バリューカフェテリア』の初年度年会無料・健康関連サービスに使用可能なポイント	その他	137000.0		8.88	
2014-11-24	12	10	2762	三光ＭＦ	ご優待券・お米	娯楽・芸術	91000.0		8.3	
2014-11-24	12	11	3319	ＧＤＯ	ゴルフクーポン券1,000円相当	娯楽・芸術	32000.0		6.21	
2014-11-24	12	12	8304	あおぞら	商品券8,000円相当	娯楽・芸術	388000.0		5.79	
2014-11-24	12	13	2406	アルテＨＤ	ご優待券・オリジナルPB商品・近沢レース店の製品	その他	70000.0		5.68	
2014-11-24	12	14	4755	楽天	楽天グループクーポン・楽天ゴールデンイーグルスグッズ・野球観戦チケットご優待券	その他	160000.0		5.42	
2014-11-24	12	15	4221	大倉工	オークラホテル丸亀宿泊ご優待券	スポーツ	343000.0		5.39	
2014-11-24	12	16	3082	きちり	お食事ご優待券・無洗米	日用品・家電	76000.0		5.25	
2014-11-24	12	17	8165	千趣会	お買い物券2,000円相当	娯楽・芸術	85000.0		5.15	
2014-11-24	12	18	3178	チムニー	お食事ご優待券　＋　自社オリジナル商品	割引券	233000.0		5.13	
2014-11-24	12	19	9449	ＧＭＯ	ギフトの贈呈および買付手数料・売買手数料・インターネットグループが提供するサービス利用料の割引	その他	108000.0		5.08	
2014-11-24	12	20	7984	コクヨ	自社製品3,000円相当	その他	89000.0		5.04	
2014-12-24	12	1	2369	メディビ	おくすり体質検査・同検査キットがご優待価格で購入できる権利	その他			909.09	
2014-12-24	12	2	6071	ＩＢＪ	IBJメンバーズ（ﾌﾟﾚﾐｱｺｰｽ）入会初期費用100,000円割引券	食事・サービス・割引券	158000.0		64.14	
2014-12-24	12	3	3807	フィスコ	IPO投資に関する情報が得られる「クラブフィスコ」のIPOナビ（リミテッド）　無料クーポン	その他	33000.0		39.93	
2014-12-24	12	4	4563	アンジェス	自社商品ご優待券10,000円相当	食事・サービス・割引券	34000.0		29.15	
2014-12-24	12	5	9973	小僧寿し	ご優待割引券1,000円相当	食事・サービス・割引券	10000.0		18.86	
2014-12-24	12	6	9439	ＭＨグループ	ご優待券3,000円相当	食事・サービス・割引券	28000.0		11.57	
2014-12-24	12	7	3788	ＧＭＯクラウド	自社および自社グループサービスご優待券5,000円相当	食事・サービス・割引券	104000.0		11.39	
2014-12-24	12	8	6078	バリューＨＲ	『バリューカフェテリア』の初年度年会無料・健康関連サービスに使用可能なポイント	その他	141000.0		8.63	
2014-12-24	12	9	3177	ありがとうＳ	「クラブフィスコ」のIPOナビ（リミテッド）　無料クーポン	その他	246000.0		8.3	
2014-12-24	12	10	2762	三光ＭＦ	ご優待券、お米	クオカード・ギフト券	92000.0		8.23	
2014-12-24	12	11	8304	あおぞら	商品券2,000円相当	食事・サービス・割引券	377000.0		5.96	
2014-12-24	12	12	2406	アルテＨＤ	ご優待券、オリジナルPB商品、近沢レース店の製品	オリジナル・限定	68000.0		5.83	
2014-12-24	12	13	3082	きちり	お食事ご優待券・無洗米	クオカード・ギフト券	73000.0		5.46	
2014-12-24	12	14	9449	ＧＭＯ	インターネットグループが提供するサービス利用料の割引	その他	105000.0		5.23	
2014-12-24	12	15	4221	大倉工	オークラホテル丸亀ご宿泊ご優待券	宿泊	362000.0		5.11	
2014-12-24	12	16	3319	ＧＤＯ	ゴルフクーポン券1,000円相当	食事・サービス・割引券	40000.0		4.98	
2014-12-24	12	17	3178	チムニー	お食事ご優待券　＋　自社オリジナル商品	飲食料品	234000.0		5.11	
2014-12-24	12	18	8165	千趣会	お買い物券1,000円相当	食事・サービス・割引券	86000.0		5.07	
2014-12-24	12	19	4755	楽天	楽天グループクーポン・楽天ゴールデンイーグルスグッズ・野球観戦チケットご優待券	その他	171000.0		5.07	
2014-12-24	12	20	3028	アルペン	自社店舗および関連施設でのご優待券	スポーツ	173000.0		4.6	
2014-12-27	2	1	4645	市進ＨＤ	市進教育グループ受講券10,000円相当	その他	121000.0		11.99	
2014-12-27	2	2	2685	アダストリアＨＤ	商品引換券2,000円相当	クオカード・ギフト券	28000.0		9.76	
2014-12-27	2	3	7520	エコス	ご優待券、お米コシヒカリ	クオカード・ギフト券	86000.0		8.05	
2014-12-27	2	4	8175	ベスト電	ご優待割引券1枚/1,000円券	クオカード・ギフト券	69000.0		7.97	
2014-12-27	2	5	8274	東武ストア	ご優待券、図書カード	クオカード・ギフト券	283000.0		7.42	
2014-12-27	2	6	9876	コックス	ご優待券2,000円分	食事・サービス・割引券	27000.0		7.4	
2014-12-27	2	7	8196	カスミ	関連店舗ご優待券、お米	クオカード・ギフト券	101000.0		7.3	
2014-12-27	2	8	4745	東京個別	自社運営の教室にて通常授業料・受講費の割引　1,000円相当	その他	37000.0		6.93	
2014-12-27	2	9	3063	ｊＧｒｏｕｐ	ご優待食事券、グループ商品	食事・サービス・割引券	65000.0		6.63	
2014-12-27	2	10	7818	トランザクション	ご優待商品3,000円相当	その他	115000.0		6.34	
2014-12-27	2	11	9778	昴	運営教室でご使用可能なご優待券、青森産りんご	飲食料品	368000.0		5.97	
2014-12-27	2	12	9861	吉野家ＨＤ	ご優待券3,000円分	食事・サービス・割引券	136000.0		5.9	
2014-12-27	2	13	8270	ユニーＧＨＤ	グループ商品券 、「スタイルワン」「プライムワン」詰合わせ	クオカード・ギフト券	60000.0		5.61	
2014-12-27	2	14	8287	ＭＶ西日本	ご優待券5,000円分	食事・サービス・割引券	155000.0		5.45	
2014-12-27	2	15	7603	マックハウス	お買物券1,000円相当	クオカード・ギフト券	97000.0		5.13	
2014-12-27	2	16	3387	クリレスＨＤ	お食事券3,000円分	食事・サービス・割引券	163000.0		5.02	
2014-12-27	2	17	9381	エーアイテイー	「古座川ゆず平井の里」、「那智黒総本舗」の詰合せ	飲食料品	77000.0		4.88	
2014-12-27	2	18	8171	ＭＶ中部	ご優待券、指定商品	食事・サービス・割引券	129000.0		4.77	
2014-12-27	2	19	8198	ＭＶ東海	関連店舗ご優待券5,000円相当	飲食料品	182000.0		4.72	
2014-12-27	2	20	3333	あさひ	店舗、インターネット通販でのご優待券	食事・サービス・割引券	111000.0		4.66	
2014-12-27	4	1	4355	ロングライフＨＤ	老人ホームおよびグループホームの入居一時金または入園金のご優待割引券	その他	38000.0		526.37	
2014-12-27	4	2	6630	ヤーマン	化粧品オンリーミネラルセット	その他	146000.0		9.29	
2014-12-27	4	3	9444	トーシン	商品券、ゴルフ無料ラウンド	食事・サービス・割引券	57000.0		6.93	
2014-12-27	4	4	2751	テンポス	お食事券、お買い物券	飲食料品	119000.0		5.78	
2014-12-27	4	5	3843	ＦＢ	新規契約時、初期費用3,240円を無料でご提供など	その他	114000.0		3.45	
2014-12-27	4	6	3361	トーエル	自社商品1,500円相当	飲食料品	320000.0		3.28	
2014-12-27	4	7	2198	アイ・ケイ・ケイ	特選お菓子、ご優待食事券	飲食料品	93000.0		3.22	
2014-12-27	4	8	1766	東建コーポ	ご優待割引券3,000円分	食事・サービス・割引券	481000.0		3.11	
2014-12-27	4	9	8917	ファースト住建	自社商品　磁器製タンブラーペアセット	その他	121000.0		3.03	
2014-12-27	4	10	2910	ロックフィルド	自社商品1,000円分	食事・サービス・割引券	194000.0		2.57	
2014-12-27	4	11	2593	伊藤園	自社製品詰合せ、通信販売品割引冊子	飲食料品	213000.0		2.52	
2014-12-27	4	12	3329	東和フード	ご優待食事券、自社製品詰合わせ	飲食料品	262000.0		2.29	
2014-12-27	4	13	7605	フジコーポ	UFJニコスギフトカード	クオカード・ギフト券	767000.0		1.95	
2014-12-27	4	14	9603	Ｈ．Ｉ．Ｓ．	ご優待券、ハウステンボス入場割引券	交通・旅行	354000.0		1.92	
2014-12-27	4	15	8079	正栄食	自社製品詰合わせ、通販カタログ掲載商品50％割引券	飲食料品	885000.0		1.92	
2014-12-27	4	16	2438	アスカネット	ご優待割引券1枚/1,000円割引	その他	250000.0		1.12	
2014-12-27	4	17	2695	くら	お食事券 、自社商品詰合せ	飲食料品	334000.0		1.1	
2014-12-27	4	18	3318	メガネスーパ	ご優待割引券	食事・サービス・割引券	4000.0		0.0	
2014-12-27	4	19	7968	ＴＡＳＡＫＩ	ご優待割引券10％割引	食事・サービス・割引券	214000.0		0.0	
2014-12-27	4	20	2159	ＦＳ	グループ会社のサービスを無料提供	その他	60000.0		0.0	
2014-12-27	5	1	2792	ハニーズ	商品引換券1,000円相当	ファッション	9000.0		12.53	
2014-12-27	5	2	2722	アイケイ	自社商品3,000円相当	その他	84000.0		5.68	
2014-12-27	5	3	7921	宝印刷	選べるギフトコース1,500円コースなど	その他	85000.0		4.58	
2014-12-27	5	4	4825	ＷＮＩウェザー	WITHist Clubへの無料入会	その他	303000.0		4.57	
2014-12-27	5	5	8887	リベレステ	ご宿泊ご優待券	宿泊	67000.0		4.45	
2014-12-27	5	6	3022	山下医	クオカード500円相当	クオカード・ギフト券	161000.0		4.07	
2014-12-27	5	7	3230	スター・マイカ	クオカード、美容・健康・生活関連商品	クオカード・ギフト券	111000.0		4.03	
2014-12-27	5	8	9837	モリト	オリジナルクオカード1,000円分	クオカード・ギフト券	82000.0		3.65	
2014-12-27	5	9	9765	オオバ	お米券1㎏相当	クオカード・ギフト券	35000.0		3.39	
2014-12-27	5	10	3669	モバクリ	大分県産の商品	飲食料品	82000.0		3.03	
2014-12-27	5	11	8908	毎コムネット	全国のホテルや温泉旅行、ゴルフ場のご優待割引券	その他	74000.0		2.81	
2014-12-27	5	12	4465	ニイタカ	ジェフグルメカード、日本旅行ギフト旅行券	飲食料品	109000.0		2.74	
2014-12-27	5	13	3160	大光	QUOカード、アミカ商品券	クオカード・ギフト券	77000.0		2.58	
2014-12-27	5	14	3201	ニッケ	ご優待割引券	クオカード・ギフト券	812000.0		2.58	
2014-12-27	5	15	3148	クリエイトＳＤＨ	ご優待買物券1枚500円	クオカード・ギフト券	387000.0		2.53	
2014-12-27	5	16	1377	サカタのタネ	サカタ友の会への年会費無料、花とみどりのギフト券	クオカード・ギフト券	202000.0		2.52	
2014-12-27	5	17	3075	銚子丸	ご優待食事券2,500円相当	食事・サービス・割引券	340000.0		2.26	
2014-12-27	5	18	7630	壱番屋	お食事券1,500円相当	食事・サービス・割引券	515000.0		1.94	
2014-12-27	5	19	7487	小津産業	トイレットペーパー詰合せ	その他	171000.0		1.86	
2014-12-27	5	20	2791	大黒天	岡山県名産の大粒ピオーネ	飲食料品	352000.0		1.13	
2014-12-27	10	1	4355	ロングライフＨＤ	老人ホームおよびグループホームの入居一時金または入園金のご優待割引券	その他	38000.0		526.37	
2014-12-27	10	2	9444	トーシン	商品券、ゴルフ無料ラウンド	食事・サービス・割引券	57000.0		6.93	
2014-12-27	10	3	1873	東日本ハウス	銀河高原ビール製造の小麦のビール缶　12本	飲食料品	506000.0		4.94	
2014-12-27	10	4	7640	トップカルチャ	TSUTAYA等で利用できるレンタル優待券、図書カード	クオカード・ギフト券	150000.0		4.33	
2014-12-27	10	5	4666	パーク２４	全国対象施設で利用できるタイムズチケット	食事・サービス・割引券	177000.0		3.94	
2014-12-27	10	6	3361	トーエル	自社商品1,500円相当	飲食料品	320000.0		3.28	
2014-12-27	10	7	1766	東建コーポ	ご優待割引券3,000円分	食事・サービス・割引券	481000.0		3.11	
2014-12-27	10	8	8917	ファースト住建	自社商品　磁器製タンブラーペアセット	その他	121000.0		3.03	
2014-12-27	10	9	6309	巴工業	ワイン（自社関連会社取扱商品）1本	飲食料品	172000.0		2.61	
2014-12-27	10	10	9824	泉州電業	オリジナル図書カード1,000円相当	クオカード・ギフト券	171000.0		2.56	
2014-12-27	10	11	3329	東和フード	ご優待食事券、自社製品詰合わせ	飲食料品	262000.0		2.29	
2014-12-27	10	12	8079	正栄食	自社製品詰合わせ、通販カタログ掲載商品50％割引券	飲食料品	885000.0		1.92	
2014-12-27	10	13	9603	Ｈ．Ｉ．Ｓ．	ご優待券、ハウステンボス入場割引券	交通・旅行	354000.0		1.92	
2014-12-27	10	14	2830	アヲハタ	自社製品1,000円相当	飲食料品	172000.0		1.32	
2014-12-27	10	15	9678	カナモト	北海道の厳選商品から選択（カタログギフト　）	飲食料品	3205000.0		1.18	
2014-12-27	10	16	2923	サトウ食品	自社製品（詰合わせ）1,000円相当	飲食料品	1402000.0		0.49	
2014-12-27	10	17	3318	メガネスーパ	ご優待割引券	食事・サービス・割引券	4000.0		0.0	
2014-12-27	10	18	7968	ＴＡＳＡＫＩ	ご優待割引券10％割引	食事・サービス・割引券	214000.0		0.0	
2014-12-27	11	1	3244	サムティ	ご宿泊無料、割引券	宿泊	77000.0		9.53	
2014-12-27	11	2	2769	ヴィレッジＶ	お買い物券10,000円分	食事・サービス・割引券	131000.0		8.65	
2014-12-27	11	3	4825	ＷＮＩウェザー	WITHist Clubへの無料入会	その他	303000.0		4.57	
2014-12-27	11	4	8887	リベレステ	ご宿泊ご優待券	宿泊	67000.0		4.45	
2014-12-27	11	5	3022	山下医	クオカード500円相当	クオカード・ギフト券	161000.0		4.07	
2014-12-27	11	6	3230	スター・マイカ	クオカード、美容・健康・生活関連商品	クオカード・ギフト券	111000.0		4.03	
2014-12-27	11	7	9837	モリト	オリジナルクオカード1,000円分	クオカード・ギフト券	82000.0		3.65	
2014-12-27	11	8	2698	キャンドゥ	ご優待券2,000円分	食事・サービス・割引券	155000.0		3.52	
2014-12-27	11	9	5942	日フイルコン	ワイン1,000円相当品	飲食料品	48000.0		3.33	
2014-12-27	11	10	6985	ユーシン	クオカード1,000円相当	クオカード・ギフト券	71000.0		2.8	
2014-12-27	11	11	2796	ファーマライズＨＤ	メディカルアロマや医療用サプリメント	その他	50000.0		2.78	
2014-12-27	11	12	4465	ニイタカ	ジェフグルメカード、日本旅行ギフト旅行券	飲食料品	109000.0		2.74	
2014-12-27	11	13	9924	ドミー	自社商品の詰合せ3,000円相当	飲食料品	475000.0		2.73	
2014-12-27	11	14	3160	大光	QUOカード、アミカ商品券	クオカード・ギフト券	77000.0		2.58	
2014-12-27	11	15	7594	マルカキカイ	グルメセット1,000円相当	飲食料品	139000.0		2.36	
2014-12-27	11	16	3075	銚子丸	ご優待食事券2,500円相当	食事・サービス・割引券	340000.0		2.26	
2014-12-27	11	17	7501	ティムコ	Foxfire Storeお買物券（20％割引）	食事・サービス・割引券	55000.0		2.17	
2014-12-27	11	18	9369	キユソ流通	ジェフグルメカード1,000円相当	食事・サービス・割引券	134000.0		2.08	
2014-12-27	11	19	2734	サーラ	ご優待券1,000円相当	食事・サービス・割引券	303000.0		1.97	
2014-12-27	11	20	7630	壱番屋	お食事券1,500円相当	食事・サービス・割引券	515000.0		1.94	
2014-12-28	1	1	3320	クロスプラス	オンラインショップでのクーポン券3,000円相当	ファッション	87000.0		6.88	
2014-12-28	1	2	9829	ながの東	東急百貨店各店舗でのご優待券10％割引	食事・サービス・割引券	223000.0		5.83	
2014-12-28	1	3	4334	ユークス	自社製品3,000円相当	娯楽・芸術	78000.0		5.07	
2014-12-28	1	4	8142	トーホー	お買物割引券、非売品の自社製品、自社セレクト製品	食事・サービス・割引券	442000.0		4.52	
2014-12-28	1	5	4924	ＤＲ．シーラボ	アクアコラーゲンゲルなど	その他	407000.0		4.44	
2014-12-28	1	6	4358	ＴＹＯ	クオカード1,000円相当	クオカード・ギフト券	90000.0		4.44	
2014-12-28	1	7	3071	ストリーム	ストリーム運営サイト「ECカレント」でのご優待割引	クオカード・ギフト券	22000.0		4.38	
2014-12-28	1	8	7590	タカショー	タカショーカタログ内でのご優待、オリジナルカレンダー、イベント紹介	オリジナル・限定	52000.0		3.61	
2014-12-28	1	9	3246	コーセーＲＥ	クオカード1,000円相当	クオカード・ギフト券	82000.0		3.03	
2014-12-28	1	10	1928	積水ハウス	魚沼産コシヒカリ 5㎏	クオカード・ギフト券	1603000.0		2.65	
2014-12-28	1	11	6387	サムコ	クオカード1,000円相当	クオカード・ギフト券	109000.0		2.54	
2014-12-28	1	12	6654	不二電機工業	クオカード500円相当	クオカード・ギフト券	154000.0		2.46	
2014-12-28	1	13	2590	ＤｙＤｏ	自社製品詰合せ3,000円相当	飲食料品	495000.0		2.42	
2014-12-28	1	14	3421	稲葉製作	オリジナル図書カード、地域特産品	飲食料品	132000.0		2.26	
2014-12-28	1	15	7878	光彩工芸	限定オリジナルジュエリー	オリジナル・限定	297000.0		2.18	
2014-12-28	1	16	7614	オーエムツー	お食事券	食事・サービス・割引券	97000.0		2.06	
2014-12-28	1	17	9632	スバル興	有楽町スバル座でご利用可能なご優待カード	娯楽・芸術	466000.0		1.6	
2014-12-28	1	18	7598	ナイスクラップ	ご優待券10％割引	食事・サービス・割引券	34000.0		1.44	
2014-12-28	1	19	8842	楽天地	ご優待券、映画ご招待券	娯楽・芸術	506000.0		1.18	
2014-12-28	1	20	2217	モロゾフ	オンラインショップでのご優待割引	食事・サービス・割引券	371000.0		1.07	
2014-12-28	3	1	7593	ＶＴＨＤ	レンタカー利用20%割引券5枚など	食事・サービス・割引券	47000.0		86.99	
2014-12-28	3	2	8107	キムラタン	①オンラインストアご優待クーポンキー、ご優待券	食事・サービス・割引券	9000.0		55.55	
2014-12-28	3	3	4765	モーニングスター	日刊「株式新聞web版」無料クーポン12,000円相当	その他	26000.0		46.69	
2014-12-28	3	4	3187	サンワカンパニー	ご優待割引券30,000円	食事・サービス・割引券	76000.0		39.68	
2014-12-28	3	5	3598	山喜	自社直営店のお買物券2,000円相当	クオカード・ギフト券	18000.0		23.33	
2014-12-28	3	6	2666	オートウェーブ	お買物ご優待券 900円相当	食事・サービス・割引券	8000.0		21.95	
2014-12-28	3	7	2453	ＪＢＲ	キッザニア(東京甲子園)スポンサーイベントデイ招待券	その他	26000.0		19.33	
2014-12-28	3	8	2928	健康ＣＰ	自社グループ商品をカタログから選択	飲食料品	74000.0		16.97	
2014-12-28	3	9	2656	ベクター	オンラインゲーム10,000円相当のポイント	娯楽・芸術	64000.0		15.43	
2014-12-28	3	10	3205	ダイドー	ご優待製品5,800円相当	ファッション	50000.0		15.35	
2014-12-28	3	11	5261	リソル	宿泊、ゴルフリゾート施設での商品券など	娯楽・芸術|スポーツ|宿泊|その他	237000.0		14.76	
2014-12-28	3	12	6087	アビスト	アビストH＆F　浸みわたる水素水	飲食料品	135000.0		14.61	
2014-12-28	3	13	3347	トラスト	Ｊネットレンタカーご利用割引券 、三菱ＵＦＪニコスギフトカード	食事・サービス・割引券|交通・旅行	22000.0		14.36	
2014-12-28	3	14	4650	ＳＤエンター	自社でのご施設優待券	飲食料品|娯楽・芸術|スポーツ	125000.0		14.32	
2014-12-28	3	15	7522	ワタミ	ご優待食事券	食事・サービス・割引券	109000.0		12.36	
2014-12-28	3	16	9428	クロップス	オリジナルカタログギフト、クオカード	飲食料品|クオカード・ギフト券	51000.0		10.63	
2014-12-28	3	17	2058	ヒガシマル	自社製品3,000円相当	飲食料品	74000.0		9.09	
2014-12-28	3	18	3167	ＴＯＫＡＩ　ＨＤ	飲料水宅配サービス関連商品（飲料水500mlボトルor宅配サービス12ℓlボトル）など	飲食料品|食事・サービス・割引券|クオカード・ギフト券|その他	55000.0		8.71	
2014-12-28	3	19	4680	ラウンドワン	自社施設でのご利用割引券2,000円相当	娯楽・芸術	69000.0		8.62	
2014-12-28	3	20	9760	進学会	学習塾とスポーツクラブでご利用できる優待券3,000円相当	その他	46000.0		8.58	
2014-12-28	6	1	3807	フィスコ	IPO投資に関する情報が得られる「クラブフィスコ」のIPOナビ（リミテッド）　無料クーポン	その他	35000.0		37.99	
2014-12-28	6	2	4563	アンジェス	自社商品ご優待券10,000円相当	食事・サービス・割引券	36000.0		27.47	
2014-12-28	6	3	9973	小僧寿し	ご優待割引券1,000円相当	食事・サービス・割引券	10000.0		19.8	
2014-12-28	6	4	3788	ＧＭＯクラウド	自社および自社グループサービスご優待券5,000円相当	食事・サービス・割引券	105000.0		11.33	
2014-12-28	6	5	3660	アイスタイル	・割引券	クオカード・ギフト券	47000.0		10.06	
2014-12-28	6	6	2305	スタジオアリス	株主写真撮影券	クオカード・ギフト券	166000.0		9.3	
2014-12-28	6	7	2762	三光ＭＦ	ご優待券、お米	クオカード・ギフト券	89000.0		8.45	
2014-12-28	6	8	3177	ありがとうＳ	「クラブフィスコ」のIPOナビ（リミテッド）　無料クーポン	その他	247000.0		8.27	
2014-12-28	6	9	8304	あおぞら	商品券2,000円相当	クオカード・ギフト券	375000.0		6.0	
2014-12-28	6	10	3271	グロバル社	・クオカード	クオカード・ギフト券	44000.0		5.57	
2014-12-28	6	11	3178	チムニー	お食事ご優待券　＋　自社オリジナル商品	飲食料品	223000.0		5.38	
2014-12-28	6	12	8165	千趣会	お買い物券1,000円相当	食事・サービス・割引券	83000.0		5.25	
2014-12-28	6	13	4221	大倉工	オークラホテル丸亀ご宿泊ご優待券	宿泊	355000.0		5.21	
2014-12-28	6	14	9449	ＧＭＯ	インターネットグループが提供するサービス利用料の割引	その他	106000.0		5.16	
2014-12-28	6	15	3319	ＧＤＯ	ゴルフクーポン券1,000円相当	食事・サービス・割引券	39000.0		5.12	
2014-12-28	6	16	2499	日本和装	きものシミ抜き券、クオカード、VJAギフトカード	クオカード・ギフト券	26000.0		4.83	
2014-12-28	6	17	3028	アルペン	自社店舗および関連施設でのご優待券	スポーツ	168000.0		4.75	
2014-12-28	6	18	2579	コカウエスト	自社商品1,800円相当	飲食料品	165000.0		4.64	
2014-12-28	6	19	3633	ＧＭＯペパボ	インターネットサービスに使用可能なポイント3,000円相当	クオカード・ギフト券	428000.0		4.52	
2014-12-28	6	20	7989	立川ブライ	クオカード1,000円相当	クオカード・ギフト券	66000.0		4.48	
2014-12-28	7	1	9829	ながの東	東急百貨店各店舗でのご優待券10％割引	食事・サービス・割引券	223000.0		5.83	
2014-12-28	7	2	8142	トーホー	お買物割引券、非売品の自社製品、自社セレクト製品	食事・サービス・割引券	442000.0		4.52	
2014-12-28	7	3	7590	タカショー	タカショーカタログ内でのご優待、オリジナルカレンダー、イベント紹介	オリジナル・限定	52000.0		3.61	
2014-12-28	7	4	6654	不二電機工業	クオカード500円相当	クオカード・ギフト券	154000.0		2.46	
2014-12-28	7	5	2590	ＤｙＤｏ	自社製品詰合せ3,000円相当	飲食料品	495000.0		2.42	
2014-12-28	7	6	3421	稲葉製作	オリジナル図書カード、地域特産品	飲食料品	132000.0		2.26	
2014-12-28	7	7	7614	オーエムツー	お食事券	食事・サービス・割引券	97000.0		2.06	
2014-12-28	7	8	9632	スバル興	有楽町スバル座でご利用可能なご優待カード	娯楽・芸術	466000.0		1.6	
2014-12-28	7	9	7598	ナイスクラップ	ご優待券10％割引	食事・サービス・割引券	34000.0		1.44	
2014-12-28	7	10	8842	楽天地	ご優待券、映画ご招待券	娯楽・芸術	506000.0		1.18	
2014-12-28	7	11	2217	モロゾフ	オンラインショップでのご優待割引	食事・サービス・割引券	371000.0		1.07	
2014-12-28	7	12	9637	オーエス	映画館ご優待、梅田OSホテルご宿泊割引券、ご飲食割引券	娯楽・芸術	621000.0		0.8	
2014-12-28	7	13	3193	鳥貴族	お食事券3,000円相当	飲食料品	726000.0		0.55	
2014-12-28	7	14	9636	きんえい	各劇場共通ご招待券	娯楽・芸術	220000.0		0.34	
2014-12-28	8	1	7520	エコス	ご優待券、お米コシヒカリ	クオカード・ギフト券	86000.0		8.05	
2014-12-28	8	2	8274	東武ストア	ご優待券、図書カード	クオカード・ギフト券	283000.0		7.42	
2014-12-28	8	3	8196	カスミ	関連店舗ご優待券、お米	クオカード・ギフト券	101000.0		7.3	
2014-12-28	8	4	4745	東京個別	自社運営の教室にて通常授業料・受講費の割引　1,000円相当	その他	37000.0		6.93	
2014-12-28	8	5	2736	サダマツ	"①自社オリジナルジュエリー
②お買物優待券"	オリジナル・限定|食事・サービス・割引券	176000.0		6.81	
2014-12-28	8	6	3063	ｊＧｒｏｕｐ	ご優待食事券、グループ商品	食事・サービス・割引券	65000.0		6.63	
2014-12-28	8	7	8127	ヤマトインター	自社製品	ファッション	40000.0		6.37	
2014-12-28	8	8	7818	トランザクション	ご優待商品3,000円相当	その他	115000.0		6.34	
2014-12-28	8	9	7445	ライトオン	・自社の経営する全店舗（オンラインショップ除く）で利用できる優待券（1,000円券）	食事・サービス・割引券	70000.0		6.34	
2014-12-28	8	10	2683	魚喜	5,000 円相当の塩数の子セット	飲食料品	78000.0		6.34	
2014-12-28	8	11	9778	昴	運営教室でご使用可能なご優待券、青森産りんご	飲食料品	368000.0		5.97	
2014-12-28	8	12	9861	吉野家ＨＤ	ご優待券3,000円分	食事・サービス・割引券	136000.0		5.9	
2014-12-28	8	13	3174	ハピネス＆Ｄ	"①ご優待券または株主様限定オリジナル商品
②自社店舗で利用できる5％割引券"	オリジナル・限定|食事・サービス・割引券	81000.0		5.55	
2014-12-28	8	14	4668	明光ネット	クオカード3,000円分	クオカード・ギフト券	121000.0		5.09	
2014-12-28	8	15	3387	クリレスＨＤ	お食事券3,000円分	食事・サービス・割引券	163000.0		5.02	
2014-12-28	8	16	7513	コジマ	コジマ、通信販売/ビックカメラ、ソフマップおよびビックカメラアウトレット優待券（1,000円相当）	食事・サービス・割引券	29000.0		4.76	
2014-12-28	8	17	3333	あさひ	店舗、インターネット通販でのご優待券	食事・サービス・割引券	111000.0		4.66	
2014-12-28	8	18	9979	大庄	ご優待飲食券、産地直送の特産品	飲食料品	138000.0		4.62	
2014-12-28	8	19	2798	Ｙ’ｓ	ご優待券5,000円相当	食事・サービス・割引券	219000.0		4.55	
2014-12-28	8	20	7601	ポプラ	お買物券1,000円分	食事・サービス・割引券	55000.0		4.5	
2014-12-28	9	1	4346	ＮＥＸＹＺ．	DNA検査「体質型遺伝子チェック」を半額にて提供	その他	58000.0		29.13	
2014-12-28	9	2	3598	山喜	自社直営店のお買物券2,000円相当	クオカード・ギフト券	18000.0		23.33	
2014-12-28	9	3	2666	オートウェーブ	お買物ご優待券 900円相当	食事・サービス・割引券	8000.0		21.95	
2014-12-28	9	4	2453	ＪＢＲ	キッザニア(東京甲子園)スポンサーイベントデイ招待券	その他	26000.0		19.33	
2014-12-28	9	5	2928	健康ＣＰ	自社グループ商品をカタログから選択	飲食料品	74000.0		16.97	
2014-12-28	9	6	5261	リソル	宿泊、ゴルフリゾート施設での商品券など	娯楽・芸術|スポーツ|宿泊|その他	237000.0		14.76	
2014-12-28	9	7	3347	トラスト	Ｊネットレンタカーご利用割引券 、三菱ＵＦＪニコスギフトカード	食事・サービス・割引券|交通・旅行	22000.0		14.36	
2014-12-28	9	8	4650	ＳＤエンター	自社でのご施設優待券	飲食料品|娯楽・芸術|スポーツ	125000.0		14.32	
2014-12-28	9	9	7522	ワタミ	ご優待食事券	食事・サービス・割引券	109000.0		12.36	
2014-12-28	9	10	7819	ＳＨＯ−ＢＩ	優待限定の自社製品	オリジナル・限定	40000.0		10.0	
2014-12-28	9	11	2058	ヒガシマル	自社製品3,000円相当	飲食料品	74000.0		9.09	
2014-12-28	9	12	3167	ＴＯＫＡＩ　ＨＤ	飲料水宅配サービス関連商品（飲料水500mlボトルor宅配サービス12ℓlボトル）など	飲食料品|食事・サービス・割引券|クオカード・ギフト券|その他	55000.0		8.71	
2014-12-28	9	13	4680	ラウンドワン	自社施設でのご利用割引券2,000円相当	娯楽・芸術	69000.0		8.62	
2014-12-28	9	14	5343	ニッコー	自社製品（陶磁器）5,000円相当	その他	121000.0		8.26	
2014-12-28	9	15	4679	田谷	ご優待券2,100円相当	その他	78000.0		8.16	
2014-12-28	9	16	7524	マルシェ	ご優待、ご優待品	食事・サービス・割引券	86000.0		8.05	
2014-12-28	9	17	2131	アコーディア	ゴルフ場、ホテル、インドアゴルフの最大3,000円分優待券	スポーツ	107000.0		8.0	
2014-12-28	9	18	9890	マキヤ	お買い物割引券1枚/200円分	食事・サービス・割引券	51000.0		7.6	
2014-12-28	9	19	9832	オートバックス	ご優待カード　優待ポイント付	クオカード・ギフト券	170000.0		7.39	
2014-12-28	9	20	9644	タナベ経営	ブルーダイアリー手帳」オリジナル革表紙	オリジナル・限定	83000.0		7.15	
2015-01-24	12	1	6071	ＩＢＪ	IBJメンバーズ（ﾌﾟﾚﾐｱｺｰｽ）入会初期費用100,000円割引券	食事・サービス・割引券	87000.0		115.9	
2015-01-24	12	2	3807	フィスコ	IPO投資に関する情報が得られる「クラブフィスコ」のIPOナビ（リミテッド）　無料クーポン	その他	37000.0		35.37	
2015-01-24	12	3	4563	アンジェス	自社商品ご優待券10,000円相当	食事・サービス・割引券	33000.0		30.03	
2015-01-24	12	4	9449	ＧＭＯ	サービス利用料の割引	その他	97000.0		26.18	
2015-01-24	12	5	9973	小僧寿し	ご優待割引券1,000円相当	食事・サービス・割引券	10000.0		18.69	
2015-01-24	12	6	3788	ＧＭＯクラウド	サービスご優待券5,000円相当など	食事・サービス・割引券	101000.0		17.63	
2015-01-24	12	7	9439	ＭＨグループ	ご優待券3,000円相当	食事・サービス・割引券	27000.0		12.22	
2015-01-24	12	8	6078	バリューＨＲ	初年度年会無料、健康関連サービスに使用できるポイント	その他	139000.0		8.78	
2015-01-24	12	9	2762	三光ＭＦ	ご優待券、お米	クオカード・ギフト券	90000.0		8.41	
2015-01-24	12	10	3177	ありがとうＳ	「クラブフィスコ」のIPOナビ（リミテッド）　無料クーポン	その他	254000.0		8.05	
2015-01-24	12	11	2406	アルテＨＤ	ご優待券、オリジナルPB商品、近沢レース店の製品	オリジナル・限定	60000.0		6.63	
2015-01-24	12	12	3082	きちり	ご優待食事券、無洗米	クオカード・ギフト券	68000.0		5.8	
2015-01-24	12	13	3319	ＧＤＯ	ゴルフクーポン券1,000円相当	食事・サービス・割引券	35000.0		5.66	
2015-01-24	12	14	4755	楽天	楽天グループクーポン、楽天ゴールデンイーグルスグッズ、野球観戦チケットご優待券	その他	154000.0		5.62	
2015-01-24	12	15	8304	あおぞら	商品券2,000円相当	クオカード・ギフト券	401000.0		5.61	
2015-01-24	12	16	4221	大倉工	オークラホテル丸亀ご宿泊ご優待券	宿泊	339000.0		5.45	
2015-01-24	12	17	3178	チムニー	ご優待食事券、自社オリジナル商品	飲食料品	220000.0		5.44	
2015-01-24	12	18	8165	千趣会	お買物券1,000円相当	食事・サービス・割引券	81000.0		5.4	
2015-01-24	12	19	3028	アルペン	関連施設でのご優待券2,000円相当	スポーツ	164000.0		4.86	
2015-01-24	12	20	2499	日本和装	きものシミ抜き券、クオカード、VJAギフトカード	クオカード・ギフト券	26000.0		4.83	
2015-01-26	2	1	8263	ダイエー	ご優待カード最大 10,000円分	食事・サービス・割引券	13000.0		149.25	
2015-01-26	2	2	4645	市進ＨＤ	市進教育グループ受講券10,000円相当	その他	122000.0		11.94	
2015-01-26	2	3	2685	アダストリアＨＤ	商品引換券2,000円相当	クオカード・ギフト券	30000.0		9.04	
2015-01-26	2	4	8175	ベスト電	ご優待割引券1枚/1,000円券	クオカード・ギフト券	65000.0		8.46	
2015-01-26	2	5	9876	コックス	ご優待券2,000円分	食事・サービス・割引券	26000.0		7.66	
2015-01-26	2	6	4745	東京個別	自社運営の教室にて通常授業料・受講費の割引　1,000円相当	その他	34000.0		7.51	
2015-01-26	2	7	8196	カスミ	関連店舗ご優待券、お米	クオカード・ギフト券	99000.0		7.45	
2015-01-26	2	8	8274	東武ストア	ご優待券、図書カード	クオカード・ギフト券	283000.0		7.42	
2015-01-26	2	9	7520	エコス	ご優待券、お米コシヒカリ	クオカード・ギフト券	94000.0		7.4	
2015-01-26	2	10	9861	吉野家ＨＤ	ご優待券3,000円分	食事・サービス・割引券	131000.0		6.14	
2015-01-26	2	11	3063	ｊＧｒｏｕｐ	ご優待食事券、グループ商品	食事・サービス・割引券	71000.0		6.12	
2015-01-26	2	12	9778	昴	運営教室でのご優待券、青森産りんご	飲食料品	369000.0		5.96	
2015-01-26	2	13	7818	トランザクション	ご優待商品3,000円相当	その他	130000.0		5.61	
2015-01-26	2	14	8270	ユニーＧＨＤ	グループ商品券 、「スタイルワン」「プライムワン」詰合わせ	クオカード・ギフト券	65000.0		5.21	
2015-01-26	2	15	3387	クリレスＨＤ	お食事券3,000円分	食事・サービス・割引券	158000.0		5.18	
2015-01-26	2	16	7603	マックハウス	お買物券1,000円相当	クオカード・ギフト券	99000.0		5.04	
2015-01-26	2	17	8287	ＭＶ西日本	ご優待券5,000円分	食事・サービス・割引券	169000.0		5.0	
2015-01-26	2	18	8171	ＭＶ中部	ご優待券、指定商品	食事・サービス・割引券	129000.0		4.77	
2015-01-26	2	19	3333	あさひ	ご優待券2,000円分相当	食事・サービス・割引券	109000.0		4.74	
2015-01-26	2	20	8198	ＭＶ東海	ご優待券5,000円相当	飲食料品	181000.0		4.73	
2015-01-31	3	1	3167	ＴＯＫＡＩ　ＨＤ	飲料水宅配サービス関連商品など	飲食料品|食事・サービス・割引券|クオカード・ギフト券|その他	53000.0		384.96	
2015-01-31	3	2	9370	郵船ロジ	パッケージツアー優待割引券、オリジナルクオカード	クオカード・ギフト券|交通・旅行	141000.0		284.96	
2015-01-31	3	3	7593	ＶＴＨＤ	レンタカー利用20%割引券5枚など	食事・サービス・割引券	47000.0		86.99	
2015-01-31	3	4	8107	キムラタン	オンラインストアご優待クーポンキー、ご優待券	食事・サービス・割引券	9000.0		55.55	
2015-01-31	3	5	1878	大東建	建築工事請負代金 キャッシュバック300,000円、賃貸仲介手数料無料券など	その他	1317000.0		48.32	
2015-01-31	3	6	4765	モーニングスター	日刊「株式新聞web版」無料クーポン12,000円相当	その他	26000.0		47.22	
2015-01-31	3	7	7602	カーチスＨＤ	ご優待券 30,000円分	交通・旅行	69000.0		43.35	
2015-01-31	3	8	3187	サンワカンパニー	ご優待割引券30,000円	食事・サービス・割引券	70000.0		42.83	
2015-01-31	3	9	2666	オートウェーブ	ご優待買物券 900円相当	食事・サービス・割引券	9000.0		20.0	
2015-01-31	3	10	2453	ＪＢＲ	キッザニア(東京甲子園)スポンサーイベントデイ招待券	その他	26000.0		19.92	
2015-01-31	3	11	3598	山喜	自社直営店のお買物券2,000円相当	クオカード・ギフト券	24000.0		16.93	
2015-01-31	3	12	7419	ノジマ	ご優待割引券　１0％割引	食事・サービス・割引券	137000.0		16.24	
2015-01-31	3	13	3205	ダイドー	ご優待製品5,800円相当	ファッション	51000.0		15.23	
2015-01-31	3	14	2656	ベクター	オンラインゲーム10,000円相当のポイント	娯楽・芸術	68000.0		14.7	
2015-01-31	3	15	3347	トラスト	Ｊネットレンタカーご利用割引券 、三菱ＵＦＪニコスギフトカード	食事・サービス・割引券|交通・旅行	23000.0		13.99	
2015-01-31	3	16	5261	リソル	宿泊、ゴルフリゾート施設での商品券など	娯楽・芸術|スポーツ|宿泊|その他	261000.0		13.41	
2015-01-31	3	17	4650	ＳＤエンター	施設ご優待券	飲食料品|娯楽・芸術|スポーツ	139000.0		12.89	
2015-01-31	3	18	2928	健康ＣＰ	ご優待商品を贈呈	飲食料品	102000.0		12.09	
2015-01-31	3	19	7522	ワタミ	ご優待食事券6,000円分	食事・サービス・割引券	116000.0		11.57	
2015-01-31	3	20	4559	ゼリア新薬	自社製品詰合せ9,700円相当	飲食料品	192000.0		11.54	
2015-02-18	1	1	3320	クロスプラス	オンラインショップでのクーポン券3,000円相当	ファッション	80000.0		7.44	
2015-02-18	1	2	9829	ながの東	東急百貨店各店舗でのご優待券10％割引	食事・サービス・割引券	215000.0		6.04	
2015-02-18	1	3	4334	ユークス	自社製品3,000円相当	娯楽・芸術	74000.0		5.38	
2015-02-18	1	4	7614	オーエムツー	お食事券3,000円相当	食事・サービス・割引券	104000.0		4.79	
2015-02-18	1	5	4358	ＴＹＯ	クオカード1,000円相当	クオカード・ギフト券	85000.0		4.67	
2015-02-18	1	6	4924	ＤＲ．シーラボ	アクアコラーゲンゲルなど	その他	404000.0		4.48	
2015-02-18	1	7	8142	トーホー	お買物割引券、非売品の自社製品、自社セレクト製品	食事・サービス・割引券	448000.0		4.46	
2015-02-18	1	8	3071	ストリーム	ストリーム運営サイト「ECカレント」でのご優待割引	クオカード・ギフト券	24000.0		4.14	
2015-02-18	1	9	7590	タカショー	タカショーカタログ内でのご優待、オリジナルカレンダー、イベント紹介	オリジナル・限定	46000.0		4.06	
2015-02-18	1	10	3246	コーセーＲＥ	クオカード1,000円相当	クオカード・ギフト券	77000.0		3.23	
2015-02-18	1	11	1928	積水ハウス	魚沼産コシヒカリ 5㎏	クオカード・ギフト券	1590000.0		2.67	
2015-02-18	1	12	6387	サムコ	クオカード1,000円相当	クオカード・ギフト券	110000.0		2.52	
2015-02-18	1	13	2590	ＤｙＤｏ	自社製品詰合せ3,000円相当	飲食料品	479000.0		2.5	
2015-02-18	1	14	6654	不二電機工業	クオカード500円相当	クオカード・ギフト券	153000.0		2.47	
2015-02-18	1	15	7878	光彩工芸	限定オリジナルジュエリー	オリジナル・限定	283000.0		2.29	
2015-02-18	1	16	3421	稲葉製作	オリジナル図書カード、地域特産品	飲食料品	133000.0		2.24	
2015-02-18	1	17	9632	スバル興	有楽町スバル座でのご優待カード	娯楽・芸術	439000.0		1.7	
2015-02-18	1	18	7598	ナイスクラップ	ご優待券10％割引	食事・サービス・割引券	33000.0		1.51	
2015-02-18	1	19	8842	楽天地	ご優待券、映画ご招待券	娯楽・芸術	498000.0		1.2	
2015-02-18	1	20	2217	モロゾフ	オンラインショップでのご優待割引	食事・サービス・割引券	370000.0		1.08	
2015-02-18	2	1	4645	市進ＨＤ	市進教育グループ受講券10,000円相当	その他	123000.0		11.84	
2015-02-18	2	2	2685	アダストリアＨＤ	商品引換券2,000円相当	クオカード・ギフト券	27000.0		10.02	
2015-02-18	2	3	9876	コックス	ご優待券2,000円分	食事・サービス・割引券	24000.0		8.26	
2015-02-18	2	4	8196	カスミ	関連店舗ご優待券、お米	クオカード・ギフト券	97000.0		7.59	
2015-02-18	2	5	4745	東京個別	自社運営の教室にて通常授業料・受講費の割引　1,000円相当	その他	34000.0		7.45	
2015-02-18	2	6	8274	東武ストア	ご優待券、図書カード	クオカード・ギフト券	286000.0		7.34	
2015-02-18	2	7	7520	エコス	ご優待券、お米コシヒカリ	クオカード・ギフト券	95000.0		7.33	
2015-02-18	2	8	8175	ベスト電	ご優待割引券1枚/1,000円券	クオカード・ギフト券	77000.0		7.09	
2015-02-18	2	9	7818	トランザクション	ご優待商品3,000円相当	その他	109000.0		6.64	
2015-02-18	2	10	9861	吉野家ＨＤ	ご優待券3,000円分	食事・サービス・割引券	132000.0		6.1	
2015-02-18	2	11	9778	昴	運営教室でのご優待券、青森産りんご	飲食料品	370000.0		5.94	
2015-02-18	2	12	3063	ｊＧｒｏｕｐ	ご優待食事券、グループ商品	食事・サービス・割引券	74000.0		5.87	
2015-02-18	2	13	3387	クリレスＨＤ	お食事券3,000円分	食事・サービス・割引券	158000.0		5.16	
2015-02-18	2	14	8287	ＭＶ西日本	ご優待券5,000円分	食事・サービス・割引券	168000.0		5.03	
2015-02-18	2	15	7603	マックハウス	お買物券1,000円相当	クオカード・ギフト券	101000.0		4.94	
2015-02-18	2	16	8171	ＭＶ中部	ご優待券、指定商品	食事・サービス・割引券	126000.0		4.92	
2015-02-18	2	17	8198	ＭＶ東海	ご優待券5,000円相当	飲食料品	177000.0		4.84	
2015-02-18	2	18	8270	ユニーＧＨＤ	グループ商品券 、「スタイルワン」「プライムワン」詰合わせ	クオカード・ギフト券	73000.0		4.62	
2015-02-18	2	19	3228	三栄建築	お米券　1枚/440円	クオカード・ギフト券	90000.0		4.58	
2015-02-18	2	20	3333	あさひ	ご優待券2,000円分相当	食事・サービス・割引券	113000.0		4.57	
2015-02-18	3	1	3167	ＴＯＫＡＩ　ＨＤ	飲料水宅配サービス関連商品など	飲食料品|食事・サービス・割引券|クオカード・ギフト券|その他	54000.0		378.55	
2015-02-18	3	2	9370	郵船ロジ	パッケージツアー優待割引券、オリジナルクオカード	クオカード・ギフト券|交通・旅行	148000.0		272.28	
2015-02-18	3	3	7593	ＶＴＨＤ	レンタカー利用20%割引券5枚など	食事・サービス・割引券	45000.0		90.02	
2015-02-18	3	4	8107	キムラタン	オンラインストアご優待クーポンキー、ご優待券	食事・サービス・割引券	9000.0		55.55	
2015-02-18	3	5	1878	大東建	建築工事請負代金 キャッシュバック300,000円、賃貸仲介手数料無料券など	その他	1354000.0		47.02	
2015-02-18	3	6	3187	サンワカンパニー	ご優待割引券30,000円	食事・サービス・割引券	66000.0		45.55	
2015-02-18	3	7	4765	モーニングスター	日刊「株式新聞web版」無料クーポン12,000円相当	その他	27000.0		44.83	
2015-02-18	3	8	7602	カーチスＨＤ	ご優待券 30,000円分	交通・旅行	69000.0		43.29	
2015-02-18	3	9	3598	山喜	自社直営店のお買物券2,000円相当	クオカード・ギフト券	19000.0		21.76	
2015-02-18	3	10	2666	オートウェーブ	ご優待買物券 900円相当	食事・サービス・割引券	8000.0		21.17	
2015-02-18	3	11	2453	ＪＢＲ	キッザニア(東京甲子園)スポンサーイベントデイ招待券	その他	25000.0		20.47	
2015-02-18	3	12	3205	ダイドー	ご優待製品5,800円相当	ファッション	54000.0		14.39	
2015-02-18	3	13	5261	リソル	宿泊、ゴルフリゾート施設での商品券など	娯楽・芸術|スポーツ|宿泊|その他	254000.0		13.78	
2015-02-18	3	14	3347	トラスト	Ｊネットレンタカーご利用割引券 、三菱ＵＦＪニコスギフトカード	食事・サービス・割引券|交通・旅行	24000.0		13.14	
2015-02-18	3	15	4650	ＳＤエンター	施設ご優待券	飲食料品|娯楽・芸術|スポーツ	137000.0		13.09	
2015-02-18	3	16	7419	ノジマ	ご優待割引券　１0％割引	食事・サービス・割引券	179000.0		12.47	
2015-02-18	3	17	2656	ベクター	オンラインゲーム10,000円相当のポイント	娯楽・芸術	81000.0		12.21	
2015-02-18	3	18	7522	ワタミ	ご優待食事券6,000円分	食事・サービス・割引券	113000.0		11.94	
2015-02-18	3	19	4559	ゼリア新薬	自社製品詰合せ9,700円相当	飲食料品	189000.0		11.71	
2015-02-18	3	20	6087	アビスト	アビストH＆F　浸みわたる水素水	飲食料品	145000.0		11.14	
2015-02-18	4	1	4355	ロングライフＨＤ	老人ホーム、グループホームの入居一時金や入園金のご優待割引券	その他	38000.0		519.56	
2015-02-18	4	2	6630	ヤーマン	化粧品オンリーミネラルセット	その他	162000.0		8.37	
2015-02-18	4	3	9444	トーシン	商品券、ゴルフ無料ラウンド	食事・サービス・割引券	59000.0		6.73	
2015-02-18	4	4	2751	テンポス	お食事券、お買い物券	飲食料品	145000.0		5.85	
2015-02-18	4	5	3843	ＦＢ	新規契約時、初期費用3,240円を無料でご提供など	その他	99000.0		3.94	
2015-02-18	4	6	2198	アイ・ケイ・ケイ	特選お菓子、ご優待食事券	飲食料品	110000.0		3.18	
2015-02-18	4	7	3361	トーエル	自社商品1,500円相当	飲食料品	342000.0		3.07	
2015-02-18	4	8	1766	東建コーポ	ご優待割引券3,000円分	食事・サービス・割引券	518000.0		2.89	
2015-02-18	4	9	8917	ファースト住建	自社商品　磁器製タンブラーペアセット	その他	131000.0		2.8	
2015-02-18	4	10	2910	ロックフィルド	自社商品1,000円分	食事・サービス・割引券	215000.0		2.32	
2015-02-18	4	11	2593	伊藤園	自社製品詰合せ、通信販売品割引冊子	飲食料品	238000.0		2.26	
2015-02-18	4	12	3329	東和フード	ご優待食事券、自社製品詰合わせ	飲食料品	287000.0		2.08	
2015-02-18	4	13	9603	Ｈ．Ｉ．Ｓ．	ご優待券、ハウステンボス入場割引券	交通・旅行	367000.0		1.85	
2015-02-18	4	14	8079	正栄食	自社製品詰合わせ、通販カタログ掲載商品50％割引券	飲食料品	952000.0		1.78	
2015-02-18	4	15	7605	フジコーポ	UFJニコスギフトカード5,000円相当	クオカード・ギフト券	886000.0		1.69	
2015-02-18	4	16	2438	アスカネット	ご優待割引券1枚/1,000円割引	その他	242000.0		1.15	
2015-02-18	4	17	2695	くら	お食事券 、自社商品詰合せ	飲食料品	362000.0		1.02	
2015-02-18	4	18	3318	メガネスーパ	ご優待割引券	食事・サービス・割引券	4000.0		0.0	
2015-02-18	4	19	7968	ＴＡＳＡＫＩ	ご優待割引券10％割引	食事・サービス・割引券	191000.0		0.0	
2015-02-18	4	20	2159	ＦＳ	グループ会社のサービスを無料提供	その他	53000.0		0.0	
2015-02-18	5	1	2792	ハニーズ	商品引換券1,000円相当	ファッション	9000.0		12.13	
2015-02-18	5	2	2722	アイケイ	鰹昆亭の和風だし3,000円相当	その他	94000.0		5.05	
2015-02-18	5	3	4825	ＷＮＩウェザー	WITHist Clubへの無料入会	その他	306000.0		4.53	
2015-02-18	5	4	7921	宝印刷	選べるギフトコース1,500円コース	その他	91000.0		4.27	
2015-02-18	5	5	8887	リベレステ	ご宿泊ご優待券	宿泊	73000.0		4.11	
2015-02-18	5	6	3230	スター・マイカ	クオカード、生活関連商品など	クオカード・ギフト券	119000.0		4.01	
2015-02-18	5	7	3022	山下医	クオカード500円相当	クオカード・ギフト券	168000.0		3.92	
2015-02-18	5	8	9837	モリト	オリジナルクオカード1,000円分	クオカード・ギフト券	92000.0		3.5	
2015-02-18	5	9	3669	モバクリ	大分県産の商品2,000円相当	飲食料品	75000.0		3.29	
2015-02-18	5	10	9765	オオバ	お米券1㎏相当	クオカード・ギフト券	44000.0		2.7	
2015-02-18	5	11	1377	サカタのタネ	サカタ友の会への年会費無料、花とみどりのギフト券	クオカード・ギフト券	191000.0		2.66	
2015-02-18	5	12	4465	ニイタカ	ジェフグルメカード、日本旅行ギフト旅行券	飲食料品	113000.0		2.65	
2015-02-18	5	13	3201	ニッケ	ご優待割引券3,000円相当	クオカード・ギフト券	807000.0		2.6	
2015-02-18	5	14	8908	毎コムネット	全国のホテルや温泉旅行、ゴルフ場のご優待割引券	その他	82000.0		2.53	
2015-02-18	5	15	3148	クリエイトＳＤＨ	ご優待買物券1枚500円	クオカード・ギフト券	412000.0		2.37	
2015-02-18	5	16	3075	銚子丸	ご優待食事券2,500円相当	食事・サービス・割引券	353000.0		2.17	
2015-02-18	5	17	3160	大光	QUOカード、アミカ商品券	クオカード・ギフト券	93000.0		2.14	
2015-02-18	5	18	7630	壱番屋	お食事券1,500円相当	食事・サービス・割引券	497000.0		2.01	
2015-02-18	5	19	7487	小津産業	トイレットペーパー詰合せ	その他	206000.0		1.55	
2015-02-18	5	20	2791	大黒天	岡山県名産の大粒ピオーネ	飲食料品	424000.0		0.94	
2015-02-18	6	1	3807	フィスコ	IPO投資に関する情報が得られる「クラブフィスコ」のIPOナビ（リミテッド）　無料クーポン	その他	37000.0		35.64	
2015-02-18	6	2	4563	アンジェス	自社商品ご優待券10,000円相当	食事・サービス・割引券	31000.0		31.94	
2015-02-18	6	3	9449	ＧＭＯ	サービス利用料の割引	その他	115000.0		22.21	
2015-02-18	6	4	3788	ＧＭＯクラウド	サービスご優待券5,000円相当など	食事・サービス・割引券	87000.0		20.58	
2015-02-18	6	5	9973	小僧寿し	ご優待割引券1,000円相当	食事・サービス・割引券	11000.0		18.18	
2015-02-18	6	6	2762	三光ＭＦ	ご優待券、お米	クオカード・ギフト券	91000.0		8.35	
2015-02-18	6	7	3177	ありがとうＳ	「クラブフィスコ」のIPOナビ（リミテッド）　無料クーポン	その他	246000.0		8.29	
2015-02-18	6	8	2305	スタジオアリス	フレーム付き株主写真撮影券	クオカード・ギフト券	203000.0		7.61	
2015-02-18	6	9	3660	アイスタイル	割引券4,800円相当	食事・サービス・割引券	65000.0		7.29	
2015-02-18	6	10	3319	ＧＤＯ	ゴルフクーポン券1,000円相当	食事・サービス・割引券	41000.0		5.43	
2015-02-18	6	11	3178	チムニー	ご優待食事券、自社オリジナル商品	飲食料品	231000.0		5.39	
2015-02-18	6	12	8304	あおぞら	商品券2,000円相当	クオカード・ギフト券	419000.0		5.37	
2015-02-18	6	13	8165	千趣会	お買物券1,000円相当	食事・サービス・割引券	82000.0		5.3	
2015-02-18	6	14	4221	大倉工	オークラホテル丸亀ご宿泊ご優待券	宿泊	351000.0		5.27	
2015-02-18	6	15	3271	グロバル社	クオカード1,000円分	クオカード・ギフト券	49000.0		5.05	
2015-02-18	6	16	3028	アルペン	関連施設でのご優待券2,000円相当	スポーツ	180000.0		4.43	
2015-02-18	6	17	2579	コカウエスト	自社商品1,800円相当	飲食料品	178000.0		4.31	
2015-02-18	6	18	7989	立川ブライ	クオカード1,000円相当	クオカード・ギフト券	70000.0		4.23	
2015-02-18	6	19	4985	アース製薬	自社製品詰合せ2,000円相当	その他	392000.0		3.82	
2015-02-18	6	20	2702	マクドナルド	ご優待食事券3,400円相当	食事・サービス・割引券	256000.0		3.81	
2015-02-18	7	1	9829	ながの東	東急百貨店各店舗でのご優待券10％割引	食事・サービス・割引券	215000.0		6.04	
2015-02-18	7	2	7614	オーエムツー	お食事券3,000円相当	食事・サービス・割引券	104000.0		4.79	
2015-02-18	7	3	8142	トーホー	お買物割引券、非売品の自社製品、自社セレクト製品	食事・サービス・割引券	448000.0		4.46	
2015-02-18	7	4	3172	ティーライフ	ご優待券1,000円分	食事・サービス・割引券	84000.0		4.12	
2015-02-18	7	5	7590	タカショー	タカショーカタログ内でのご優待、オリジナルカレンダー、イベント紹介	オリジナル・限定	46000.0		4.06	
2015-02-18	7	6	3159	丸善ＣＨＩ	丸善、ジュンク堂書店での商品券1,000円相当	クオカード・ギフト券	36000.0		2.71	
2015-02-18	7	7	7850	総合商研	北海道特産品3,000円相当など	飲食料品	680000.0		2.64	
2015-02-18	7	8	2590	ＤｙＤｏ	自社製品詰合せ3,000円相当	飲食料品	479000.0		2.5	
2015-02-18	7	9	6654	不二電機工業	クオカード500円相当	クオカード・ギフト券	153000.0		2.47	
2015-02-18	7	10	3421	稲葉製作	オリジナル図書カード、地域特産品	飲食料品	133000.0		2.24	
2015-02-18	7	11	2353	日駐	時間貸し駐車場ご優待券、スキー場リフト券	娯楽・芸術	13000.0		2.04	
2015-02-18	7	12	9632	スバル興	有楽町スバル座でのご優待カード	娯楽・芸術	439000.0		1.7	
2015-02-18	7	13	7598	ナイスクラップ	ご優待券10％割引	食事・サービス・割引券	33000.0		1.51	
2015-02-18	7	14	8842	楽天地	ご優待券、映画ご招待券	娯楽・芸術	498000.0		1.2	
2015-02-18	7	15	2217	モロゾフ	オンラインショップでのご優待割引	食事・サービス・割引券	370000.0		1.08	
2015-02-18	7	16	3193	鳥貴族	お食事券3,000円相当	飲食料品	387000.0		0.9	
2015-02-18	7	17	9637	オーエス	映画館ご優待、梅田OSホテルご宿泊割引券、ご飲食割引券	娯楽・芸術	605000.0		0.82	
2015-02-18	7	18	9636	きんえい	各劇場共通ご招待券	娯楽・芸術	214000.0		0.35	
2015-02-18	8	1	8196	カスミ	関連店舗ご優待券、お米	クオカード・ギフト券	97000.0		7.59	
2015-02-18	8	2	4745	東京個別	自社運営の教室にて通常授業料・受講費の割引　1,000円相当	その他	34000.0		7.45	
2015-02-18	8	3	8274	東武ストア	ご優待券、図書カード	クオカード・ギフト券	286000.0		7.34	
2015-02-18	8	4	7520	エコス	ご優待券、お米コシヒカリ	クオカード・ギフト券	95000.0		7.33	
2015-02-18	8	5	7818	トランザクション	ご優待商品3,000円相当	その他	109000.0		6.64	
2015-02-18	8	6	8127	ヤマトインター	自社製品1,000円相当	ファッション	42000.0		6.14	
2015-02-18	8	7	9861	吉野家ＨＤ	ご優待券3,000円分	食事・サービス・割引券	132000.0		6.1	
2015-02-18	8	8	7445	ライトオン	・自社の経営する全店舗（オンラインショップ除く）で利用できる優待券（1,000円券）	食事・サービス・割引券	74000.0		6.07	
2015-02-18	8	9	9778	昴	運営教室でのご優待券、青森産りんご	飲食料品	370000.0		5.94	
2015-02-18	8	10	3063	ｊＧｒｏｕｐ	ご優待食事券、グループ商品	食事・サービス・割引券	74000.0		5.87	
2015-02-18	8	11	2736	サダマツ	オリジナルジュエリー、ご優待買物券	オリジナル・限定|食事・サービス・割引券	206000.0		5.82	
2015-02-18	8	12	2683	魚喜	塩数の子セット5,000 円相当	飲食料品	89000.0		5.56	
2015-02-18	8	13	3174	ハピネス＆Ｄ	ご優待券、限定オリジナル商品、割引券	オリジナル・限定|食事・サービス・割引券	85000.0		5.29	
2015-02-18	8	14	3387	クリレスＨＤ	お食事券3,000円分	食事・サービス・割引券	158000.0		5.16	
2015-02-18	8	15	4668	明光ネット	クオカード3,000円分	クオカード・ギフト券	122000.0		5.06	
2015-02-18	8	16	3333	あさひ	ご優待券2,000円分相当	食事・サービス・割引券	113000.0		4.57	
2015-02-18	8	17	7601	ポプラ	お買物券1,000円分	食事・サービス・割引券	56000.0		4.4	
2015-02-18	8	18	7421	カッパクリＨＤ	お食事券2,500円相当	食事・サービス・割引券	113000.0		4.4	
2015-02-18	8	19	3344	ワンダーＣｏ．	ご優待買物券、ご優待商品をカタログより贈呈	食事・サービス・割引券|クオカード・ギフト券|その他	104000.0		4.32	
2015-02-18	8	20	9979	大庄	ご優待飲食券、産地直送の特産品	飲食料品	149000.0		4.28	
2015-02-18	9	1	3167	ＴＯＫＡＩ　ＨＤ	飲料水宅配サービス関連商品など	飲食料品|食事・サービス・割引券|クオカード・ギフト券|その他	54000.0		378.55	
2015-02-18	9	2	1878	大東建	建築工事請負代金 キャッシュバック300,000円、賃貸仲介手数料無料券など	その他	1354000.0		47.02	
2015-02-18	9	3	4346	ＮＥＸＹＺ．	DNA検査「体質型遺伝子チェック」を半額にて提供	その他	59000.0		28.49	
2015-02-18	9	4	3598	山喜	自社直営店のお買物券2,000円相当	クオカード・ギフト券	19000.0		21.76	
2015-02-18	9	5	2666	オートウェーブ	ご優待買物券 900円相当	食事・サービス・割引券	8000.0		21.17	
2015-02-18	9	6	2453	ＪＢＲ	キッザニア(東京甲子園)スポンサーイベントデイ招待券	その他	25000.0		20.47	
2015-02-18	9	7	5261	リソル	宿泊、ゴルフリゾート施設での商品券など	娯楽・芸術|スポーツ|宿泊|その他	254000.0		13.78	
2015-02-18	9	8	3347	トラスト	Ｊネットレンタカーご利用割引券 、三菱ＵＦＪニコスギフトカード	食事・サービス・割引券|交通・旅行	24000.0		13.14	
2015-02-18	9	9	4650	ＳＤエンター	施設ご優待券	飲食料品|娯楽・芸術|スポーツ	137000.0		13.09	
2015-02-18	9	10	7419	ノジマ	ご優待割引券　１0％割引	食事・サービス・割引券	179000.0		12.47	
2015-02-18	9	11	7522	ワタミ	ご優待食事券6,000円分	食事・サービス・割引券	113000.0		11.94	
2015-02-18	9	12	4559	ゼリア新薬	自社製品詰合せ9,700円相当	飲食料品	189000.0		11.71	
2015-02-18	9	13	7819	ＳＨＯ−ＢＩ	限定ご優待商品3,000円相当	オリジナル・限定	40000.0		9.85	
2015-02-18	9	14	4680	ラウンドワン	ご利用割引券2,000円相当	娯楽・芸術	67000.0		8.94	
2015-02-18	9	15	2928	健康ＣＰ	ご優待商品を贈呈	飲食料品	140000.0		8.77	
2015-02-18	9	16	2131	アコーディア	ゴルフ場、ホテル、インドアゴルフの最大3,000円分優待券	スポーツ	119000.0		8.35	
2015-02-18	9	17	2058	ヒガシマル	自社製品3,000円相当	飲食料品	82000.0		8.29	
2015-02-18	9	18	4679	田谷	ご優待券2,100円相当	その他	81000.0		7.83	
2015-02-18	9	19	5343	ニッコー	自社製品5,000円相当	その他	128000.0		7.81	
2015-02-18	9	20	7524	マルシェ	ご優待、ご優待品	食事・サービス・割引券	90000.0		7.76	
2015-02-18	10	1	4355	ロングライフＨＤ	老人ホーム、グループホームの入居一時金や入園金のご優待割引券	その他	38000.0		519.56	
2015-02-18	10	2	9444	トーシン	商品券、ゴルフ無料ラウンド	食事・サービス・割引券	59000.0		6.73	
2015-02-18	10	3	7640	トップカルチャ	TSUTAYA等でのご優待券、図書カード	クオカード・ギフト券	149000.0		5.03	
2015-02-18	10	4	1873	東日本ハウス	銀河高原ビール製造の小麦のビール缶　12本	飲食料品	553000.0		4.52	
2015-02-18	10	5	4666	パーク２４	ご優待割引券2,000円相当	食事・サービス・割引券	205000.0		3.4	
2015-02-18	10	6	3361	トーエル	自社商品1,500円相当	飲食料品	342000.0		3.07	
2015-02-18	10	7	1766	東建コーポ	ご優待割引券3,000円分	食事・サービス・割引券	518000.0		2.89	
2015-02-18	10	8	8917	ファースト住建	自社商品　磁器製タンブラーペアセット	その他	131000.0		2.8	
2015-02-18	10	9	9824	泉州電業	図書カード1,000円相当	クオカード・ギフト券	159000.0		2.76	
2015-02-18	10	10	6309	巴工業	自社関連ワイン1本	飲食料品	170000.0		2.63	
2015-02-18	10	11	3329	東和フード	ご優待食事券、自社製品詰合わせ	飲食料品	287000.0		2.08	
2015-02-18	10	12	9603	Ｈ．Ｉ．Ｓ．	ご優待券、ハウステンボス入場割引券	交通・旅行	367000.0		1.85	
2015-02-18	10	13	8079	正栄食	自社製品詰合わせ、通販カタログ掲載商品50％割引券	飲食料品	952000.0		1.78	
2015-02-18	10	14	2830	アヲハタ	自社製品詰合せ1,000円相当	飲食料品	178000.0		1.28	
2015-02-18	10	15	9678	カナモト	オリジナル商品から贈呈3,000円相当	飲食料品	3010000.0		1.26	
2015-02-18	10	16	2923	サトウ食品	自社製品詰合せ1,000円相当	飲食料品	1485000.0		0.47	
2015-02-18	10	17	3318	メガネスーパ	ご優待割引券	食事・サービス・割引券	4000.0		0.0	
2015-02-18	10	18	7968	ＴＡＳＡＫＩ	ご優待割引券10％割引	食事・サービス・割引券	191000.0		0.0	
2015-02-18	11	1	2769	ヴィレッジＶ	お買い物券10,000円分	食事・サービス・割引券	142000.0		8.02	
2015-02-18	11	2	3244	サムティ	ご宿泊無料、割引券	宿泊	98000.0		5.27	
2015-02-18	11	3	4825	ＷＮＩウェザー	WITHist Clubへの無料入会	その他	306000.0		4.53	
2015-02-18	11	4	8887	リベレステ	ご宿泊ご優待券	宿泊	73000.0		4.11	
2015-02-18	11	5	3230	スター・マイカ	クオカード、生活関連商品など	クオカード・ギフト券	119000.0		4.01	
2015-02-18	11	6	3022	山下医	クオカード500円相当	クオカード・ギフト券	168000.0		3.92	
2015-02-18	11	7	5942	日フイルコン	ワイン1,000円相当品	飲食料品	46000.0		3.65	
2015-02-18	11	8	2698	キャンドゥ	ご優待券2,000円分	食事・サービス・割引券	157000.0		3.65	
2015-02-18	11	9	9837	モリト	オリジナルクオカード1,000円分	クオカード・ギフト券	92000.0		3.5	
2015-02-18	11	10	6985	ユーシン	クオカード1,000円相当	クオカード・ギフト券	73000.0		2.72	
2015-02-18	11	11	9924	ドミー	自社商品の詰合せ3,000円相当	飲食料品	483000.0		2.69	
2015-02-18	11	12	4465	ニイタカ	ジェフグルメカード、日本旅行ギフト旅行券	飲食料品	113000.0		2.65	
2015-02-18	11	13	3089	テクノアルファ	クオカード1,000円相当	クオカード・ギフト券	158000.0		2.53	
2015-02-18	11	14	2734	サーラ	ご優待券1,000円相当	食事・サービス・割引券	295000.0		2.2	
2015-02-18	11	15	3075	銚子丸	ご優待食事券2,500円相当	食事・サービス・割引券	353000.0		2.17	
2015-02-18	11	16	2796	ファーマライズＨＤ	メディカルアロマや医療用サプリメント	その他	64000.0		2.16	
2015-02-18	11	17	3160	大光	QUOカード、アミカ商品券	クオカード・ギフト券	93000.0		2.14	
2015-02-18	11	18	7501	ティムコ	ご優待割引券20％	食事・サービス・割引券	56000.0		2.13	
2015-02-18	11	19	7594	マルカキカイ	グルメセット1,000円相当	飲食料品	168000.0		2.13	
2015-02-18	11	20	9369	キユソ流通	ジェフグルメカード1,000円相当	食事・サービス・割引券	140000.0		2.13	
2015-02-18	12	1	6071	ＩＢＪ	IBJメンバーズ（ﾌﾟﾚﾐｱｺｰｽ）入会初期費用100,000円割引券	食事・サービス・割引券	94000.0		107.48	
2015-02-18	12	2	3807	フィスコ	IPO投資に関する情報が得られる「クラブフィスコ」のIPOナビ（リミテッド）　無料クーポン	その他	37000.0		35.64	
2015-02-18	12	3	4563	アンジェス	自社商品ご優待券10,000円相当	食事・サービス・割引券	31000.0		31.94	
2015-02-18	12	4	9449	ＧＭＯ	サービス利用料の割引	その他	115000.0		22.21	
2015-02-18	12	5	3788	ＧＭＯクラウド	サービスご優待券5,000円相当など	食事・サービス・割引券	87000.0		20.58	
2015-02-18	12	6	9973	小僧寿し	ご優待割引券1,000円相当	食事・サービス・割引券	11000.0		18.18	
2015-02-18	12	7	9439	ＭＨグループ	ご優待券3,000円相当	食事・サービス・割引券	27000.0		12.08	
2015-02-18	12	8	6078	バリューＨＲ	初年度年会無料、健康関連サービスに使用できるポイント	その他	134000.0		9.29	
2015-02-18	12	9	2762	三光ＭＦ	ご優待券、お米	クオカード・ギフト券	91000.0		8.35	
2015-02-18	12	10	3177	ありがとうＳ	「クラブフィスコ」のIPOナビ（リミテッド）　無料クーポン	その他	246000.0		8.29	
2015-02-18	12	11	2406	アルテＨＤ	ご優待券、オリジナルPB商品、近沢レース店の製品	オリジナル・限定	60000.0		6.64	
2015-02-18	12	12	5015	ＢＰカストロール	クオカード1,000円相当	クオカード・ギフト券	644000.0		6.44	
2015-02-18	12	13	3082	きちり	ご優待食事券、無洗米	クオカード・ギフト券	70000.0		5.7	
2015-02-18	12	14	3319	ＧＤＯ	ゴルフクーポン券1,000円相当	食事・サービス・割引券	41000.0		5.43	
2015-02-18	12	15	3178	チムニー	ご優待食事券、自社オリジナル商品	飲食料品	231000.0		5.39	
2015-02-18	12	16	8304	あおぞら	商品券2,000円相当	クオカード・ギフト券	419000.0		5.37	
2015-02-18	12	17	8165	千趣会	お買物券1,000円相当	食事・サービス・割引券	82000.0		5.3	
2015-02-18	12	18	4221	大倉工	オークラホテル丸亀ご宿泊ご優待券	宿泊	351000.0		5.27	
2015-02-18	12	19	4755	楽天	楽天グループクーポン、楽天ゴールデンイーグルスグッズ、野球観戦チケットご優待券	その他	176000.0		4.96	
2015-02-18	12	20	4927	ポーラオルＨＤ	ご優待ポイント6,000円相当	食事・サービス・割引券	536000.0		4.6	
2015-02-23	3	1	3167	ＴＯＫＡＩ　ＨＤ	飲料水宅配サービス関連商品など	飲食料品|食事・サービス・割引券|クオカード・ギフト券|その他	56000.0		365.71	
2015-02-23	3	2	9370	郵船ロジ	パッケージツアー優待割引券、オリジナルクオカード	クオカード・ギフト券|交通・旅行	149000.0		270.64	
2015-02-23	3	3	7593	ＶＴＨＤ	レンタカー利用20%割引券5枚など	食事・サービス・割引券	44000.0		92.24	
2015-02-23	3	4	8107	キムラタン	オンラインストアご優待クーポンキー、ご優待券	食事・サービス・割引券	9000.0		55.55	
2015-02-23	3	5	1878	大東建	建築工事請負代金 キャッシュバック300,000円、賃貸仲介手数料無料券など	その他	1335000.0		47.69	
2015-02-23	3	6	3187	サンワカンパニー	ご優待割引券30,000円	食事・サービス・割引券	64000.0		46.82	
2015-02-23	3	7	7602	カーチスＨＤ	ご優待券 30,000円分	交通・旅行	69000.0		43.47	
2015-02-23	3	8	4765	モーニングスター	日刊「株式新聞web版」無料クーポン12,000円相当	その他	32000.0		37.86	
2015-02-23	3	9	3598	山喜	自社直営店のお買物券2,000円相当	クオカード・ギフト券	19000.0		21.64	
2015-02-23	3	10	2666	オートウェーブ	ご優待買物券 900円相当	食事・サービス・割引券	8000.0		20.45	
2015-02-23	3	11	2453	ＪＢＲ	キッザニア(東京甲子園)スポンサーイベントデイ招待券	その他	25000.0		20.39	
2015-02-23	3	12	3205	ダイドー	ご優待製品5,800円相当	ファッション	55000.0		14.0	
2015-02-23	3	13	5261	リソル	宿泊、ゴルフリゾート施設での商品券など	娯楽・芸術|スポーツ|宿泊|その他	258000.0		13.56	
2015-02-23	3	14	3347	トラスト	Ｊネットレンタカーご利用割引券 、三菱ＵＦＪニコスギフトカード	食事・サービス・割引券|交通・旅行	24000.0		13.52	
2015-02-23	3	15	7419	ノジマ	ご優待割引券　１0％割引	食事・サービス・割引券	166000.0		13.49	
2015-02-23	3	16	4650	ＳＤエンター	施設ご優待券	飲食料品|娯楽・芸術|スポーツ	137000.0		13.05	
2015-02-23	3	17	2656	ベクター	オンラインゲーム10,000円相当のポイント	娯楽・芸術	78000.0		12.69	
2015-02-23	3	18	7522	ワタミ	ご優待食事券6,000円分	食事・サービス・割引券	114000.0		11.79	
2015-02-23	3	19	4559	ゼリア新薬	自社製品詰合せ9,700円相当	飲食料品	193000.0		11.43	
2015-02-23	3	20	6087	アビスト	アビストH＆F　浸みわたる水素水	飲食料品	148000.0		10.92	
2015-02-24	6	1	4563	アンジェス	自社商品ご優待券10,000円相当	食事・サービス・割引券	32000.0		30.48	
2015-02-24	6	2	3807	フィスコ	IPO投資に関する情報が得られる「クラブフィスコ」のIPOナビ（リミテッド）　無料クーポン	その他	43000.0		30.27	
2015-02-24	6	3	9449	ＧＭＯ	サービス利用料の割引	その他	115000.0		22.27	
2015-02-24	6	4	3788	ＧＭＯクラウド	サービスご優待券5,000円相当など	食事・サービス・割引券	88000.0		20.39	
2015-02-24	6	5	9973	小僧寿し	ご優待割引券1,000円相当	食事・サービス・割引券	10000.0		19.23	
2015-02-24	6	6	2762	三光ＭＦ	ご優待券、お米	クオカード・ギフト券	91000.0		8.33	
2015-02-24	6	7	3177	ありがとうＳ	「クラブフィスコ」のIPOナビ（リミテッド）　無料クーポン	その他	249000.0		8.2	
2015-02-24	6	8	2305	スタジオアリス	フレーム付き株主写真撮影券	クオカード・ギフト券	208000.0		7.44	
2015-02-24	6	9	3660	アイスタイル	割引券4,800円相当	食事・サービス・割引券	69000.0		6.87	
2015-02-24	6	10	3319	ＧＤＯ	ゴルフクーポン券1,000円相当	食事・サービス・割引券	40000.0		5.52	
2015-02-24	6	11	3178	チムニー	ご優待食事券、自社オリジナル商品	飲食料品	235000.0		5.31	
2015-02-24	6	12	8165	千趣会	お買物券1,000円相当	食事・サービス・割引券	84000.0		5.21	
2015-02-24	6	13	8304	あおぞら	商品券2,000円相当	クオカード・ギフト券	433000.0		5.19	
2015-02-24	6	14	4221	大倉工	オークラホテル丸亀ご宿泊ご優待券	宿泊	359000.0		5.15	
2015-02-24	6	15	3271	グロバル社	クオカード1,000円分	クオカード・ギフト券	49000.0		5.03	
2015-02-24	6	16	3028	アルペン	関連施設でのご優待券2,000円相当	スポーツ	185000.0		4.31	
2015-02-24	6	17	2579	コカウエスト	自社商品1,800円相当	飲食料品	180000.0		4.26	
2015-02-24	6	18	7989	立川ブライ	クオカード1,000円相当	クオカード・ギフト券	70000.0		4.23	
2015-02-24	6	19	4985	アース製薬	自社製品詰合せ2,000円相当	その他	395000.0		3.79	
2015-02-24	6	20	2702	マクドナルド	ご優待食事券3,400円相当	食事・サービス・割引券	260000.0		3.76	
2015-03-22	1	1	4334	ユークス	自社製品3,000円相当	娯楽・芸術	62000.0		6.45	
2015-03-22	1	2	9829	ながの東	東急百貨店各店舗でのご優待券10％割引	食事・サービス・割引券	224000.0		5.8	
2015-03-22	1	3	7614	オーエムツー	お食事券3,000円相当	食事・サービス・割引券	114000.0		4.73	
2015-03-22	1	4	8142	トーホー	お買物割引券、非売品の自社製品、自社セレクト製品	食事・サービス・割引券	438000.0		4.56	
2015-03-22	1	5	3071	ストリーム	ストリーム運営サイト「ECカレント」でのご優待割引	クオカード・ギフト券	23000.0		4.25	
2015-03-22	1	6	4358	ＴＹＯ	クオカード1,000円相当	クオカード・ギフト券	98000.0		4.08	
2015-03-22	1	7	3246	コーセーＲＥ	クオカード1,000円相当	クオカード・ギフト券	75000.0		3.97	
2015-03-22	1	8	4924	ＤＲ．シーラボ	アクアコラーゲンゲルなど	その他	457000.0		3.96	
2015-03-22	1	9	3320	クロスプラス	オンラインショップでのクーポン券3,000円相当	ファッション	78000.0		3.81	
2015-03-22	1	10	7590	タカショー	タカショーカタログ内でのご優待、オリジナルカレンダー、イベント紹介	オリジナル・限定	49000.0		3.42	
2015-03-22	1	11	6654	不二電機工業	クオカード500円相当	クオカード・ギフト券	139000.0		2.85	
2015-03-22	1	12	1928	積水ハウス	魚沼産コシヒカリ 5㎏	クオカード・ギフト券	1761000.0		2.83	
2015-03-22	1	13	7878	光彩工芸	限定オリジナルジュエリー	オリジナル・限定	274000.0		2.55	
2015-03-22	1	14	2590	ＤｙＤｏ	自社製品詰合せ3,000円相当	飲食料品	475000.0		2.52	
2015-03-22	1	15	6387	サムコ	クオカード1,000円相当	クオカード・ギフト券	121000.0		2.3	
2015-03-22	1	16	9632	スバル興	有楽町スバル座でのご優待カード	娯楽・芸術	437000.0		2.28	
2015-03-22	1	17	3421	稲葉製作	オリジナル図書カード、地域特産品	飲食料品	132000.0		2.26	
2015-03-22	1	18	7598	ナイスクラップ	ご優待券10％割引	食事・サービス・割引券	37000.0		1.33	
2015-03-22	1	19	8842	楽天地	ご優待券、映画ご招待券	娯楽・芸術	497000.0		1.2	
2015-03-22	1	20	3658	イーブック	eBook図書券 1,080円相当	クオカード・ギフト券	99000.0		1.08	
2015-03-22	2	1	4645	市進ＨＤ	市進教育グループ受講券10,000円相当	その他	112000.0		13.0	
2015-03-22	2	2	2685	アダストリアＨＤ	商品引換券2,000円相当	クオカード・ギフト券	31000.0		8.81	
2015-03-22	2	3	9876	コックス	ご優待券2,000円分	食事・サービス・割引券	24000.0		8.23	
2015-03-22	2	4	8196	カスミ	関連店舗ご優待券、お米	クオカード・ギフト券	98000.0		7.54	
2015-03-22	2	5	8175	ベスト電	ご優待割引券1枚/1,000円券	クオカード・ギフト券	73000.0		7.53	
2015-03-22	2	6	8274	東武ストア	ご優待券、図書カード	クオカード・ギフト券	282000.0		7.44	
2015-03-22	2	7	7520	エコス	ご優待券、お米コシヒカリ	クオカード・ギフト券	96000.0		7.27	
2015-03-22	2	8	7818	トランザクション	ご優待商品3,000円相当	その他	109000.0		6.64	
2015-03-22	2	9	3063	ｊＧｒｏｕｐ	ご優待食事券、グループ商品	食事・サービス・割引券	70000.0		6.19	
2015-03-22	2	10	9861	吉野家ＨＤ	ご優待券3,000円分	食事・サービス・割引券	130000.0		6.19	
2015-03-22	2	11	9778	昴	運営教室でのご優待券、青森産りんご	飲食料品	360000.0		6.11	
2015-03-22	2	12	3073	ダイヤモンドＤ	お食事券、お米	クオカード・ギフト券	145000.0		6.09	
2015-03-22	2	13	8287	ＭＶ西日本	ご優待券5,000円分	食事・サービス・割引券	159000.0		5.32	
2015-03-22	2	14	7603	マックハウス	お買物券1,000円相当	クオカード・ギフト券	94000.0		5.28	
2015-03-22	2	15	8171	ＭＶ中部	ご優待券、指定商品	食事・サービス・割引券	121000.0		5.12	
2015-03-22	2	16	8519	ポケットＣ	クオカード、ポケットポイント	その他	52000.0		5.09	
2015-03-22	2	17	3387	クリレスＨＤ	お食事券3,000円分	食事・サービス・割引券	162000.0		5.05	
2015-03-22	2	18	8198	ＭＶ東海	ご優待券5,000円相当	飲食料品	170000.0		5.03	
2015-03-22	2	19	8270	ユニーＧＨＤ	グループ商品券 、「スタイルワン」「プライムワン」詰合わせ	クオカード・ギフト券	68000.0		4.96	
2015-03-22	2	20	2789	カルラ	お食事券1,000円分	食事・サービス・割引券	41000.0		4.77	
2015-03-22	3	1	3167	ＴＯＫＡＩ　ＨＤ	飲料水宅配サービス関連商品など	飲食料品|食事・サービス・割引券|クオカード・ギフト券|その他	56000.0		364.41	
2015-03-22	3	2	7593	ＶＴＨＤ	レンタカー利用20%割引券5枚など	食事・サービス・割引券	52000.0		78.09	
2015-03-22	3	3	8107	キムラタン	オンラインストアご優待クーポンキー、ご優待券	食事・サービス・割引券	9000.0		55.55	
2015-03-22	3	4	3187	サンワカンパニー	ご優待割引券30,000円	食事・サービス・割引券	64000.0		47.04	
2015-03-22	3	5	1878	大東建	建築工事請負代金 キャッシュバック300,000円、賃貸仲介手数料無料券など	その他	1372000.0		46.39	
2015-03-22	3	6	7602	カーチスＨＤ	ご優待券 30,000円分	交通・旅行	68000.0		44.11	
2015-03-22	3	7	4765	モーニングスター	日刊「株式新聞web版」無料クーポン12,000円相当	その他	36000.0		34.21	
2015-03-22	3	8	2453	ＪＢＲ	キッザニア(東京甲子園)スポンサーイベントデイ招待券	その他	26000.0		20.0	
2015-03-22	3	9	3598	山喜	自社直営店のお買物券2,000円相当	クオカード・ギフト券	21000.0		19.71	
2015-03-22	3	10	2656	ベクター	オンラインゲーム10,000円相当のポイント	娯楽・芸術	68000.0		14.55	
2015-03-22	3	11	2666	オートウェーブ	ご優待買物券 900円相当	食事・サービス・割引券	12000.0		14.51	
2015-03-22	3	12	3205	ダイドー	ご優待製品5,800円相当	ファッション	55000.0		14.13	
2015-03-22	3	13	3347	トラスト	Ｊネットレンタカーご利用割引券 、三菱ＵＦＪニコスギフトカード	食事・サービス・割引券|交通・旅行	25000.0		12.93	
2015-03-22	3	14	5261	リソル	宿泊、ゴルフリゾート施設での商品券など	娯楽・芸術|スポーツ|宿泊|その他	276000.0		12.68	
2015-03-22	3	15	4650	ＳＤエンター	施設ご優待券	飲食料品|娯楽・芸術|スポーツ	151000.0		11.86	
2015-03-22	3	16	7522	ワタミ	ご優待食事券6,000円分	食事・サービス・割引券	126000.0		10.71	
2015-03-22	3	17	2928	健康ＣＰ	ご優待商品を贈呈	飲食料品	130000.0		9.46	
2015-03-22	3	18	6087	アビスト	アビストH＆F　浸みわたる水素水	飲食料品	171000.0		9.45	
2015-03-22	3	19	7419	ノジマ	ご優待割引券　１0％割引	食事・サービス・割引券	238000.0		9.38	
2015-03-22	3	20	4680	ラウンドワン	ご利用割引券2,000円相当	娯楽・芸術	68000.0		8.74	
2015-03-22	4	1	4355	ロングライフＨＤ	老人ホーム、グループホームの入居一時金や入園金のご優待割引券	その他	37000.0		530.55	
2015-03-22	4	2	6630	ヤーマン	化粧品オンリーミネラルセット	その他	182000.0		7.46	
2015-03-22	4	3	9444	トーシン	商品券、ゴルフ無料ラウンド	食事・サービス・割引券	59000.0		6.68	
2015-03-22	4	4	2751	テンポス	お食事券、お買い物券	飲食料品	172000.0		4.91	
2015-03-22	4	5	3843	ＦＢ	新規契約時、初期費用3,240円を無料でご提供など	その他	126000.0		3.04	
2015-03-22	4	6	2198	アイ・ケイ・ケイ	特選お菓子、ご優待食事券	飲食料品	127000.0		2.74	
2015-03-22	4	7	3361	トーエル	自社商品1,500円相当	飲食料品	386000.0		2.72	
2015-03-22	4	8	8917	ファースト住建	自社商品　磁器製タンブラーペアセット	その他	143000.0		2.57	
2015-03-22	4	9	1766	東建コーポ	ご優待割引券3,000円分	食事・サービス・割引券	600000.0		2.5	
2015-03-22	4	10	2593	伊藤園	自社製品詰合せ、通信販売品割引冊子	飲食料品	249000.0		2.16	
2015-03-22	4	11	3329	東和フード	ご優待食事券、自社製品詰合わせ	飲食料品	298000.0		2.01	
2015-03-22	4	12	2910	ロックフィルド	お惣菜券1,000円分	食事・サービス・割引券	249000.0		2.0	
2015-03-22	4	13	7605	フジコーポ	UFJニコスギフトカード5,000円相当	クオカード・ギフト券	852000.0		1.76	
2015-03-22	4	14	9603	Ｈ．Ｉ．Ｓ．	ご優待券、ハウステンボス入場割引券	交通・旅行	414000.0		1.64	
2015-03-22	4	15	8079	正栄食	自社製品詰合わせ、通販カタログ掲載商品50％割引券	飲食料品	1040000.0		1.63	
2015-03-22	4	16	2438	アスカネット	ご優待割引券1枚/1,000円割引	その他	297000.0		0.94	
2015-03-22	4	17	2695	くら	お食事券 、自社商品詰合せ	飲食料品	451000.0		0.82	
2015-03-22	4	18	3318	メガネスーパ	ご優待割引券	食事・サービス・割引券	4000.0		0.0	
2015-03-22	4	19	7968	ＴＡＳＡＫＩ	ご優待割引券10％割引	食事・サービス・割引券	221000.0		0.0	
2015-03-22	4	20	2159	ＦＳ	グループ会社のサービスを無料提供	その他	55000.0		0.0	
2015-03-22	5	1	2792	ハニーズ	商品引換券1,000円相当	ファッション	10000.0		11.39	
2015-03-22	5	2	2722	アイケイ	鰹昆亭の和風だし3,000円相当	その他	101000.0		4.71	
2015-03-22	5	3	3230	スター・マイカ	クオカード、生活関連商品など	クオカード・ギフト券	122000.0		3.91	
2015-03-22	5	4	4825	ＷＮＩウェザー	WITHist Clubへの無料入会	その他	361000.0		3.84	
2015-03-22	5	5	8887	リベレステ	ご宿泊ご優待券	宿泊	78000.0		3.83	
2015-03-22	5	6	3022	山下医	クオカード500円相当	クオカード・ギフト券	174000.0		3.78	
2015-03-22	5	7	9837	モリト	オリジナルクオカード1,000円分	クオカード・ギフト券	95000.0		3.41	
2015-03-22	5	8	7921	宝印刷	選べるギフトコース1,500円コース	その他	116000.0		3.35	
2015-03-22	5	9	3669	モバクリ	大分県産の商品2,000円相当	飲食料品	76000.0		3.27	
2015-03-22	5	10	1377	サカタのタネ	サカタ友の会への年会費無料、花とみどりのギフト券	クオカード・ギフト券	192000.0		2.64	
2015-03-22	5	11	3201	ニッケ	ご優待割引券3,000円相当	クオカード・ギフト券	811000.0		2.58	
2015-03-22	5	12	4465	ニイタカ	ジェフグルメカード、日本旅行ギフト旅行券	飲食料品	121000.0		2.46	
2015-03-22	5	13	9765	オオバ	お米券1㎏相当	クオカード・ギフト券	52000.0		2.27	
2015-03-22	5	14	3160	大光	QUOカード、アミカ商品券	クオカード・ギフト券	88000.0		2.25	
2015-03-22	5	15	8908	毎コムネット	全国のホテルや温泉旅行、ゴルフ場のご優待割引券	その他	97000.0		2.14	
2015-03-22	5	16	3148	クリエイトＳＤＨ	ご優待買物券1枚500円	クオカード・ギフト券	483000.0		2.02	
2015-03-22	5	17	3075	銚子丸	ご優待食事券2,500円相当	食事・サービス・割引券	394000.0		1.95	
2015-03-22	5	18	7630	壱番屋	お食事券1,500円相当	食事・サービス・割引券	560000.0		1.78	
2015-03-22	5	19	7487	小津産業	トイレットペーパー詰合せ	その他	233000.0		1.36	
2015-03-22	5	20	2791	大黒天	岡山県名産の大粒ピオーネ	飲食料品	475000.0		0.84	
2015-03-22	6	1	4563	アンジェス	自社商品ご優待券10,000円相当	食事・サービス・割引券	29000.0		33.44	
2015-03-22	6	2	3807	フィスコ	IPO投資に関する情報が得られる「クラブフィスコ」のIPOナビ（リミテッド）　無料クーポン	その他	39000.0		33.4	
2015-03-22	6	3	3788	ＧＭＯクラウド	サービスご優待券5,000円相当など	食事・サービス・割引券	94000.0		19.09	
2015-03-22	6	4	9973	小僧寿し	ご優待割引券1,000円相当	食事・サービス・割引券	11000.0		17.85	
2015-03-22	6	5	9449	ＧＭＯ	サービス利用料の割引	その他	150000.0		17.11	
2015-03-22	6	6	3177	ありがとうＳ	「クラブフィスコ」のIPOナビ（リミテッド）　無料クーポン	その他	225000.0		9.09	
2015-03-22	6	7	2762	三光ＭＦ	ご優待券、お米	クオカード・ギフト券	92000.0		8.2	
2015-03-22	6	8	2305	スタジオアリス	フレーム付き株主写真撮影券	クオカード・ギフト券	229000.0		6.74	
2015-03-22	6	9	3660	アイスタイル	割引券4,800円相当	食事・サービス・割引券	73000.0		6.54	
2015-03-22	6	10	4221	大倉工	オークラホテル丸亀ご宿泊ご優待券	宿泊	348000.0		5.31	
2015-03-22	6	11	8165	千趣会	お買物券1,000円相当	食事・サービス・割引券	85000.0		5.13	
2015-03-22	6	12	8304	あおぞら	商品券2,000円相当	クオカード・ギフト券	443000.0		5.07	
2015-03-22	6	13	3178	チムニー	ご優待食事券、自社オリジナル商品	飲食料品	259000.0		4.81	
2015-03-22	6	14	3271	グロバル社	クオカード1,000円分	クオカード・ギフト券	51000.0		4.81	
2015-03-22	6	15	3028	アルペン	関連施設でのご優待券2,000円相当	スポーツ	187000.0		4.26	
2015-03-22	6	16	3319	ＧＤＯ	ゴルフクーポン券1,000円相当	食事・サービス・割引券	52000.0		4.25	
2015-03-22	6	17	7989	立川ブライ	クオカード1,000円相当	クオカード・ギフト券	72000.0		4.14	
2015-03-22	6	18	2579	コカウエスト	自社商品1,800円相当	飲食料品	193000.0		3.97	
2015-03-22	6	19	4985	アース製薬	自社製品詰合せ2,000円相当	その他	401000.0		3.74	
2015-03-22	6	20	2499	日本和装	きものシミ抜き券、クオカード、VJAギフトカード	クオカード・ギフト券	26000.0		3.73	
2015-03-22	7	1	9829	ながの東	東急百貨店各店舗でのご優待券10％割引	食事・サービス・割引券	224000.0		5.8	
2015-03-22	7	2	7614	オーエムツー	お食事券3,000円相当	食事・サービス・割引券	114000.0		4.73	
2015-03-22	7	3	8142	トーホー	お買物割引券、非売品の自社製品、自社セレクト製品	食事・サービス・割引券	438000.0		4.56	
2015-03-22	7	4	3172	ティーライフ	ご優待券1,000円分	食事・サービス・割引券	84000.0		4.12	
2015-03-22	7	5	7590	タカショー	タカショーカタログ内でのご優待、オリジナルカレンダー、イベント紹介	オリジナル・限定	49000.0		3.42	
2015-03-22	7	6	6654	不二電機工業	クオカード500円相当	クオカード・ギフト券	139000.0		2.85	
2015-03-22	7	7	3159	丸善ＣＨＩ	丸善、ジュンク堂書店での商品券1,000円相当	クオカード・ギフト券	37000.0		2.66	
2015-03-22	7	8	7850	総合商研	北海道特産品3,000円相当など	飲食料品	694000.0		2.59	
2015-03-22	7	9	2590	ＤｙＤｏ	自社製品詰合せ3,000円相当	飲食料品	475000.0		2.52	
2015-03-22	7	10	9632	スバル興	有楽町スバル座でのご優待カード	娯楽・芸術	437000.0		2.28	
2015-03-22	7	11	3421	稲葉製作	オリジナル図書カード、地域特産品	飲食料品	132000.0		2.26	
2015-03-22	7	12	2353	日駐	時間貸し駐車場ご優待券、スキー場リフト券	娯楽・芸術	19000.0		1.39	
2015-03-22	7	13	7598	ナイスクラップ	ご優待券10％割引	食事・サービス・割引券	37000.0		1.33	
2015-03-22	7	14	8842	楽天地	ご優待券、映画ご招待券	娯楽・芸術	497000.0		1.2	
2015-03-22	7	15	2217	モロゾフ	オンラインショップでのご優待割引	食事・サービス・割引券	382000.0		1.04	
2015-03-22	7	16	3193	鳥貴族	お食事券3,000円相当	飲食料品	376000.0		0.93	
2015-03-22	7	17	9637	オーエス	映画館ご優待、梅田OSホテルご宿泊割引券、ご飲食割引券	娯楽・芸術	616000.0		0.81	
2015-03-22	7	18	9636	きんえい	各劇場共通ご招待券	娯楽・芸術	217000.0		0.34	
2015-03-22	8	1	8196	カスミ	関連店舗ご優待券、お米	クオカード・ギフト券	98000.0		7.54	
2015-03-22	8	2	8274	東武ストア	ご優待券、図書カード	クオカード・ギフト券	282000.0		7.44	
2015-03-22	8	3	7520	エコス	ご優待券、お米コシヒカリ	クオカード・ギフト券	96000.0		7.27	
2015-03-22	8	4	7818	トランザクション	ご優待商品3,000円相当	その他	109000.0		6.64	
2015-03-22	8	5	3063	ｊＧｒｏｕｐ	ご優待食事券、グループ商品	食事・サービス・割引券	70000.0		6.19	
2015-03-22	8	6	8127	ヤマトインター	自社製品1,000円相当	ファッション	42000.0		6.19	
2015-03-22	8	7	9861	吉野家ＨＤ	ご優待券3,000円分	食事・サービス・割引券	130000.0		6.19	
2015-03-22	8	8	9778	昴	運営教室でのご優待券、青森産りんご	飲食料品	360000.0		6.11	
2015-03-22	8	9	7445	ライトオン	・自社の経営する全店舗（オンラインショップ除く）で利用できる優待券（1,000円券）	食事・サービス・割引券	80000.0		5.62	
2015-03-22	8	10	3174	ハピネス＆Ｄ	ご優待券、限定オリジナル商品、割引券	オリジナル・限定|食事・サービス・割引券	87000.0		5.15	
2015-03-22	8	11	8519	ポケットＣ	クオカード、ポケットポイント	その他	52000.0		5.09	
2015-03-22	8	12	3387	クリレスＨＤ	お食事券3,000円分	食事・サービス・割引券	162000.0		5.05	
2015-03-22	8	13	2683	魚喜	塩数の子セット5,000 円相当	飲食料品	103000.0		4.84	
2015-03-22	8	14	4668	明光ネット	クオカード3,000円分	クオカード・ギフト券	128000.0		4.81	
2015-03-22	8	15	7601	ポプラ	お買物券1,000円分	食事・サービス・割引券	54000.0		4.61	
2015-03-22	8	16	2798	Ｙ’ｓ	ご優待券5,000円相当	食事・サービス・割引券	221000.0		4.51	
2015-03-22	8	17	9979	大庄	ご優待飲食券、産地直送の特産品	飲食料品	143000.0		4.47	
2015-03-22	8	18	4745	東京個別	自社運営の教室にて通常授業料・受講費の割引　1,000円相当	その他	58000.0		4.47	
2015-03-22	8	19	3344	ワンダーＣｏ．	ご優待買物券、ご優待商品をカタログより贈呈	食事・サービス・割引券|クオカード・ギフト券|その他	102000.0		4.41	
2015-03-22	8	20	3333	あさひ	ご優待券2,000円分相当	食事・サービス・割引券	119000.0		4.34	
2015-03-22	9	1	3167	ＴＯＫＡＩ　ＨＤ	飲料水宅配サービス関連商品など	飲食料品|食事・サービス・割引券|クオカード・ギフト券|その他	56000.0		364.41	
2015-03-22	9	2	1878	大東建	建築工事請負代金 キャッシュバック300,000円、賃貸仲介手数料無料券など	その他	1372000.0		46.39	
2015-03-22	9	3	4346	ＮＥＸＹＺ．	DNA検査「体質型遺伝子チェック」を半額にて提供	その他	61000.0		27.52	
2015-03-22	9	4	2453	ＪＢＲ	キッザニア(東京甲子園)スポンサーイベントデイ招待券	その他	26000.0		20.0	
2015-03-22	9	5	3598	山喜	自社直営店のお買物券2,000円相当	クオカード・ギフト券	21000.0		19.71	
2015-03-22	9	6	2666	オートウェーブ	ご優待買物券 900円相当	食事・サービス・割引券	12000.0		14.51	
2015-03-22	9	7	3347	トラスト	Ｊネットレンタカーご利用割引券 、三菱ＵＦＪニコスギフトカード	食事・サービス・割引券|交通・旅行	25000.0		12.93	
2015-03-22	9	8	5261	リソル	宿泊、ゴルフリゾート施設での商品券など	娯楽・芸術|スポーツ|宿泊|その他	276000.0		12.68	
2015-03-22	9	9	4650	ＳＤエンター	施設ご優待券	飲食料品|娯楽・芸術|スポーツ	151000.0		11.86	
2015-03-22	9	10	7522	ワタミ	ご優待食事券6,000円分	食事・サービス・割引券	126000.0		10.71	
2015-03-22	9	11	7819	ＳＨＯ−ＢＩ	限定ご優待商品3,000円相当	オリジナル・限定	40000.0		9.92	
2015-03-22	9	12	2928	健康ＣＰ	ご優待商品を贈呈	飲食料品	130000.0		9.46	
2015-03-22	9	13	7419	ノジマ	ご優待割引券　１0％割引	食事・サービス・割引券	238000.0		9.38	
2015-03-22	9	14	4680	ラウンドワン	ご利用割引券2,000円相当	娯楽・芸術	68000.0		8.74	
2015-03-22	9	15	2131	アコーディア	ゴルフ場、ホテル、インドアゴルフの最大3,000円分優待券	スポーツ	119000.0		8.32	
2015-03-22	9	16	2058	ヒガシマル	自社製品3,000円相当	飲食料品	84000.0		8.02	
2015-03-22	9	17	7524	マルシェ	ご優待、ご優待品	食事・サービス・割引券	91000.0		7.63	
2015-03-22	9	18	5343	ニッコー	自社製品5,000円相当	その他	132000.0		7.57	
2015-03-22	9	19	4679	田谷	ご優待券2,100円相当	その他	84000.0		7.55	
2015-03-22	9	20	7502	プラザクリエ	デジカメプリント券、年賀状印刷割引券	クオカード・ギフト券	39000.0		7.1	
2015-03-22	10	1	4355	ロングライフＨＤ	老人ホーム、グループホームの入居一時金や入園金のご優待割引券	その他	37000.0		530.55	
2015-03-22	10	2	9444	トーシン	商品券、ゴルフ無料ラウンド	食事・サービス・割引券	59000.0		6.68	
2015-03-22	10	3	7640	トップカルチャ	TSUTAYA等でのご優待券、図書カード	クオカード・ギフト券	150000.0		4.99	
2015-03-22	10	4	1873	東日本ハウス	銀河高原ビール製造の小麦のビール缶　12本	飲食料品	526000.0		4.75	
2015-03-22	10	5	4666	パーク２４	ご優待割引券2,000円相当	食事・サービス・割引券	248000.0		2.81	
2015-03-22	10	6	3361	トーエル	自社商品1,500円相当	飲食料品	386000.0		2.72	
2015-03-22	10	7	8917	ファースト住建	自社商品　磁器製タンブラーペアセット	その他	143000.0		2.57	
2015-03-22	10	8	6309	巴工業	自社関連ワイン1本	飲食料品	176000.0		2.55	
2015-03-22	10	9	1766	東建コーポ	ご優待割引券3,000円分	食事・サービス・割引券	600000.0		2.5	
2015-03-22	10	10	9824	泉州電業	図書カード1,000円相当	クオカード・ギフト券	177000.0		2.48	
2015-03-22	10	11	3329	東和フード	ご優待食事券、自社製品詰合わせ	飲食料品	298000.0		2.01	
2015-03-22	10	12	9603	Ｈ．Ｉ．Ｓ．	ご優待券、ハウステンボス入場割引券	交通・旅行	414000.0		1.64	
2015-03-22	10	13	8079	正栄食	自社製品詰合わせ、通販カタログ掲載商品50％割引券	飲食料品	1040000.0		1.63	
2015-03-22	10	14	2830	アヲハタ	自社製品詰合せ1,000円相当	飲食料品	184000.0		1.23	
2015-03-22	10	15	9678	カナモト	オリジナル商品から贈呈3,000円相当	飲食料品	3495000.0		1.08	
2015-03-22	10	16	2923	サトウ食品	自社製品詰合せ1,000円相当	飲食料品	1465000.0		0.47	
2015-03-22	10	17	3318	メガネスーパ	ご優待割引券	食事・サービス・割引券	4000.0		0.0	
2015-03-22	10	18	7968	ＴＡＳＡＫＩ	ご優待割引券10％割引	食事・サービス・割引券	221000.0		0.0	
2015-03-22	11	1	2769	ヴィレッジＶ	お買い物券10,000円分	食事・サービス・割引券	144000.0		7.87	
2015-03-22	11	2	3244	サムティ	ご宿泊無料、割引券	宿泊	88000.0		5.85	
2015-03-22	11	3	3230	スター・マイカ	クオカード、生活関連商品など	クオカード・ギフト券	122000.0		3.91	
2015-03-22	11	4	4825	ＷＮＩウェザー	WITHist Clubへの無料入会	その他	361000.0		3.84	
2015-03-22	11	5	8887	リベレステ	ご宿泊ご優待券	宿泊	78000.0		3.83	
2015-03-22	11	6	3022	山下医	クオカード500円相当	クオカード・ギフト券	174000.0		3.78	
2015-03-22	11	7	2698	キャンドゥ	ご優待券2,000円分	食事・サービス・割引券	157000.0		3.65	
2015-03-22	11	8	5942	日フイルコン	ワイン1,000円相当品	飲食料品	48000.0		3.51	
2015-03-22	11	9	9837	モリト	オリジナルクオカード1,000円分	クオカード・ギフト券	95000.0		3.41	
2015-03-22	11	10	9924	ドミー	自社商品の詰合せ3,000円相当	飲食料品	485000.0		2.68	
2015-03-22	11	11	6985	ユーシン	クオカード1,000円相当	クオカード・ギフト券	77000.0		2.59	
2015-03-22	11	12	3089	テクノアルファ	クオカード1,000円相当	クオカード・ギフト券	157000.0		2.54	
2015-03-22	11	13	4465	ニイタカ	ジェフグルメカード、日本旅行ギフト旅行券	飲食料品	121000.0		2.46	
2015-03-22	11	14	2796	ファーマライズＨＤ	メディカルアロマや医療用サプリメント	その他	57000.0		2.43	
2015-03-22	11	15	3160	大光	QUOカード、アミカ商品券	クオカード・ギフト券	88000.0		2.25	
2015-03-22	11	16	2734	サーラ	ご優待券1,000円相当	食事・サービス・割引券	292000.0		2.22	
2015-03-22	11	17	9369	キユソ流通	ジェフグルメカード1,000円相当	食事・サービス・割引券	141000.0		2.12	
2015-03-22	11	18	7501	ティムコ	ご優待割引券20％	食事・サービス・割引券	57000.0		2.09	
2015-03-22	11	19	7594	マルカキカイ	グルメセット1,000円相当	飲食料品	178000.0		2.01	
2015-03-22	11	20	3075	銚子丸	ご優待食事券2,500円相当	食事・サービス・割引券	394000.0		1.95	
2015-03-22	12	1	6071	ＩＢＪ	IBJメンバーズ（ﾌﾟﾚﾐｱｺｰｽ）入会初期費用100,000円割引券	食事・サービス・割引券	98000.0		102.58	
2015-03-22	12	2	4563	アンジェス	自社商品ご優待券10,000円相当	食事・サービス・割引券	29000.0		33.44	
2015-03-22	12	3	3807	フィスコ	IPO投資に関する情報が得られる「クラブフィスコ」のIPOナビ（リミテッド）　無料クーポン	その他	39000.0		33.4	
2015-03-22	12	4	3788	ＧＭＯクラウド	サービスご優待券5,000円相当など	食事・サービス・割引券	94000.0		19.09	
2015-03-22	12	5	9973	小僧寿し	ご優待割引券1,000円相当	食事・サービス・割引券	11000.0		17.85	
2015-03-22	12	6	9449	ＧＭＯ	サービス利用料の割引	その他	150000.0		17.11	
2015-03-22	12	7	9439	ＭＨグループ	ご優待券3,000円相当	食事・サービス・割引券	27000.0		12.13	
2015-03-22	12	8	6078	バリューＨＲ	初年度年会無料、健康関連サービスに使用できるポイント	その他	133000.0		9.34	
2015-03-22	12	9	3177	ありがとうＳ	「クラブフィスコ」のIPOナビ（リミテッド）　無料クーポン	その他	225000.0		9.09	
2015-03-22	12	10	2762	三光ＭＦ	ご優待券、お米	クオカード・ギフト券	92000.0		8.2	
2015-03-22	12	11	2406	アルテＨＤ	ご優待券、オリジナルPB商品、近沢レース店の製品	オリジナル・限定	61000.0		6.54	
2015-03-22	12	12	5015	ＢＰカストロール	クオカード1,000円相当	クオカード・ギフト券	674000.0		6.15	
2015-03-22	12	13	3082	きちり	ご優待食事券、無洗米	クオカード・ギフト券	70000.0		5.69	
2015-03-22	12	14	4221	大倉工	オークラホテル丸亀ご宿泊ご優待券	宿泊	348000.0		5.31	
2015-03-22	12	15	8165	千趣会	お買物券1,000円相当	食事・サービス・割引券	85000.0		5.13	
2015-03-22	12	16	8304	あおぞら	商品券2,000円相当	クオカード・ギフト券	443000.0		5.07	
2015-03-22	12	17	3178	チムニー	ご優待食事券、自社オリジナル商品	飲食料品	259000.0		4.81	
2015-03-22	12	18	3028	アルペン	関連施設でのご優待券2,000円相当	スポーツ	187000.0		4.26	
2015-03-22	12	19	3319	ＧＤＯ	ゴルフクーポン券1,000円相当	食事・サービス・割引券	52000.0		4.25	
2015-03-22	12	20	2914	ＪＴ	自社商品詰合せ1,000円相当	飲食料品	366000.0		4.18	
2015-03-26	3	1	3167	ＴＯＫＡＩ　ＨＤ	飲料水宅配サービス関連商品など	飲食料品|食事・サービス・割引券|クオカード・ギフト券|その他	55000.0		371.68	
2015-03-26	3	2	7593	ＶＴＨＤ	レンタカー利用20%割引券5枚など	食事・サービス・割引券	52000.0		78.24	
2015-03-26	3	3	8107	キムラタン	オンラインストアご優待クーポンキー、ご優待券	食事・サービス・割引券	10000.0		50.0	
2015-03-26	3	4	3187	サンワカンパニー	ご優待割引券30,000円	食事・サービス・割引券	62000.0		48.71	
2015-03-26	3	5	1878	大東建	建築工事請負代金 キャッシュバック300,000円、賃貸仲介手数料無料券など	その他	1379000.0		46.17	
2015-03-26	3	6	7602	カーチスＨＤ	ご優待券 30,000円分	交通・旅行	68000.0		43.86	
2015-03-26	3	7	4765	モーニングスター	日刊「株式新聞web版」無料クーポン12,000円相当	その他	35000.0		34.88	
2015-03-26	3	8	2453	ＪＢＲ	キッザニア(東京甲子園)スポンサーイベントデイ招待券	その他	26000.0		20.0	
2015-03-26	3	9	3598	山喜	自社直営店のお買物券2,000円相当	クオカード・ギフト券	21000.0		19.9	
2015-03-26	3	10	2666	オートウェーブ	ご優待買物券 900円相当	食事・サービス・割引券	12000.0		14.87	
2015-03-26	3	11	2656	ベクター	オンラインゲーム10,000円相当のポイント	娯楽・芸術	68000.0		14.53	
2015-03-26	3	12	3205	ダイドー	ご優待製品5,800円相当	ファッション	54000.0		14.2	
2015-03-26	3	13	5261	リソル	宿泊、ゴルフリゾート施設での商品券など	娯楽・芸術|スポーツ|宿泊|その他	271000.0		12.91	
2015-03-26	3	14	3347	トラスト	Ｊネットレンタカーご利用割引券 、三菱ＵＦＪニコスギフトカード	食事・サービス・割引券|交通・旅行	25000.0		12.78	
2015-03-26	3	15	4650	ＳＤエンター	施設ご優待券	飲食料品|娯楽・芸術|スポーツ	152000.0		11.8	
2015-03-26	3	16	7522	ワタミ	ご優待食事券6,000円分	食事・サービス・割引券	127000.0		10.55	
2015-03-26	3	17	6087	アビスト	アビストH＆F　浸みわたる水素水	飲食料品	169000.0		9.53	
2015-03-26	3	18	2928	健康ＣＰ	ご優待商品を贈呈	飲食料品	132000.0		9.29	
2015-03-26	3	19	7419	ノジマ	ご優待割引券　１0％割引	食事・サービス・割引券	247000.0		9.04	
2015-03-26	3	20	4680	ラウンドワン	ご利用割引券2,000円相当	娯楽・芸術	68000.0		8.73	
2015-03-27	6	1	4563	アンジェス	自社商品ご優待券10,000円相当	食事・サービス・割引券	27000.0		36.36	
2015-03-27	6	2	3807	フィスコ	IPO投資に関する情報が得られる「クラブフィスコ」のIPOナビ（リミテッド）　無料クーポン	その他	38000.0		34.17	
2015-03-27	6	3	3788	ＧＭＯクラウド	サービスご優待券5,000円相当など	食事・サービス・割引券	88000.0		20.26	
2015-03-27	6	4	9973	小僧寿し	ご優待割引券1,000円相当	食事・サービス・割引券	11000.0		17.85	
2015-03-27	6	5	9449	ＧＭＯ	サービス利用料の割引	その他	146000.0		17.54	
2015-03-27	6	6	3177	ありがとうＳ	「クラブフィスコ」のIPOナビ（リミテッド）　無料クーポン	その他	223000.0		9.15	
2015-03-27	6	7	2762	三光ＭＦ	ご優待券、お米	クオカード・ギフト券	92000.0		8.26	
2015-03-27	6	8	2305	スタジオアリス	フレーム付き株主写真撮影券	クオカード・ギフト券	223000.0		6.93	
2015-03-27	6	9	3660	アイスタイル	割引券4,800円相当	食事・サービス・割引券	72000.0		6.6	
2015-03-27	6	10	4221	大倉工	オークラホテル丸亀ご宿泊ご優待券	宿泊	355000.0		5.21	
2015-03-27	6	11	8165	千趣会	お買物券1,000円相当	食事・サービス・割引券	85000.0		5.14	
2015-03-27	6	12	8304	あおぞら	商品券2,000円相当	クオカード・ギフト券	441000.0		5.1	
2015-03-27	6	13	3271	グロバル社	クオカード1,000円分	クオカード・ギフト券	51000.0		4.82	
2015-03-27	6	14	3178	チムニー	ご優待食事券、自社オリジナル商品	飲食料品	265000.0		4.7	
2015-03-27	6	15	3319	ＧＤＯ	ゴルフクーポン券1,000円相当	食事・サービス・割引券	50000.0		4.44	
2015-03-27	6	16	3028	アルペン	関連施設でのご優待券2,000円相当	スポーツ	187000.0		4.27	
2015-03-27	6	17	7989	立川ブライ	クオカード1,000円相当	クオカード・ギフト券	71000.0		4.19	
2015-03-27	6	18	2579	コカウエスト	自社商品1,800円相当	飲食料品	197000.0		3.89	
2015-03-27	6	19	2499	日本和装	きものシミ抜き券、クオカード、VJAギフトカード	クオカード・ギフト券	26000.0		3.75	
2015-03-27	6	20	2702	マクドナルド	ご優待食事券3,400円相当	食事・サービス・割引券	264000.0		3.71	
2015-04-22	5	1	2792	ハニーズ	商品引換券1,000円相当	ファッション	10000.0		11.74	
2015-04-22	5	2	2722	アイケイ	鰹昆亭の和風だし3,000円相当	その他	100000.0		4.76	
2015-04-22	5	3	4825	ＷＮＩウェザー	WITHist Clubへの無料入会	その他	367000.0		3.78	
2015-04-22	5	4	7921	宝印刷	選べるギフトコース1,500円コース	その他	105000.0		3.7	
2015-04-22	5	5	3022	山下医	クオカード500円相当	クオカード・ギフト券	178000.0		3.69	
2015-04-22	5	6	3230	スター・マイカ	クオカード、生活関連商品など	クオカード・ギフト券	139000.0		3.43	
2015-04-22	5	7	9837	モリト	オリジナルクオカード1,000円分	クオカード・ギフト券	99000.0		3.28	
2015-04-22	5	8	8887	リベレステ	ご宿泊ご優待券	宿泊	91000.0		3.27	
2015-04-22	5	9	3669	モバクリ	大分県産の商品2,000円相当	飲食料品	78000.0		3.18	
2015-04-22	5	10	1377	サカタのタネ	サカタ友の会への年会費無料、花とみどりのギフト券	クオカード・ギフト券	212000.0		2.39	
2015-04-22	5	11	3201	ニッケ	ご優待割引券3,000円相当	クオカード・ギフト券	898000.0		2.33	
2015-04-22	5	12	3160	大光	QUOカード、アミカ商品券	クオカード・ギフト券	90000.0		2.21	
2015-04-22	5	13	9765	オオバ	お米券1㎏相当	クオカード・ギフト券	56000.0		2.13	
2015-04-22	5	14	8908	毎コムネット	全国のホテルや温泉旅行、ゴルフ場のご優待割引券	その他	111000.0		1.89	
2015-04-22	5	15	7630	壱番屋	お食事券1,500円相当	食事・サービス・割引券	529000.0		1.89	
2015-04-22	5	16	3148	クリエイトＳＤＨ	ご優待買物券1枚500円	クオカード・ギフト券	525000.0		1.86	
2015-04-22	5	17	3075	銚子丸	ご優待食事券2,500円相当	食事・サービス・割引券	423000.0		1.82	
2015-04-22	5	18	4465	ニイタカ	ジェフグルメカード、日本旅行ギフト旅行券	飲食料品	169000.0		1.77	
2015-04-22	5	19	7487	小津産業	トイレットペーパー詰合せ	その他	240000.0		1.33	
2015-04-22	5	20	3349	コスモス薬品	お買物券、お米券	クオカード・ギフト券	1626000.0		0.83	
2015-04-23	1	1	4334	ユークス	自社製品3,000円相当	娯楽・芸術	61000.0		6.46	
2015-04-23	1	2	3320	クロスプラス	オンラインショップでのクーポン券3,000円相当	ファッション	76000.0		5.86	
2015-04-23	1	3	9829	ながの東	東急百貨店各店舗でのご優待券10％割引	食事・サービス・割引券	231000.0		5.62	
2015-04-23	1	4	3071	ストリーム	ストリーム運営サイト「ECカレント」でのご優待割引	クオカード・ギフト券	22000.0		4.46	
2015-04-23	1	5	8142	トーホー	お買物割引券、非売品の自社製品、自社セレクト製品	食事・サービス・割引券	458000.0		4.36	
2015-04-23	1	6	7614	オーエムツー	お食事券3,000円相当	食事・サービス・割引券	125000.0		4.3	
2015-04-23	1	7	4924	ＤＲ．シーラボ	アクアコラーゲンゲルなど	その他	443000.0		4.08	
2015-04-23	1	8	3246	コーセーＲＥ	クオカード1,000円相当	クオカード・ギフト券	75000.0		4.0	
2015-04-23	1	9	4358	ＴＹＯ	クオカード1,000円相当	クオカード・ギフト券	102000.0		3.92	
2015-04-23	1	10	7590	タカショー	タカショーカタログ内でのご優待、オリジナルカレンダー、イベント紹介	オリジナル・限定	50000.0		3.38	
2015-04-23	1	11	7878	光彩工芸	限定オリジナルジュエリー	オリジナル・限定	245000.0		2.85	
2015-04-23	1	12	6654	不二電機工業	クオカード500円相当	クオカード・ギフト券	143000.0		2.78	
2015-04-23	1	13	1928	積水ハウス	魚沼産コシヒカリ 5㎏	クオカード・ギフト券	1898000.0		2.63	
2015-04-23	1	14	2590	ＤｙＤｏ	自社製品詰合せ3,000円相当	飲食料品	500000.0		2.4	
2015-04-23	1	15	6387	サムコ	クオカード1,000円相当	クオカード・ギフト券	120000.0		2.33	
2015-04-23	1	16	9632	スバル興	有楽町スバル座でのご優待カード	娯楽・芸術	436000.0		2.29	
2015-04-23	1	17	3421	稲葉製作	オリジナル図書カード、地域特産品	飲食料品	144000.0		2.07	
2015-04-23	1	18	7598	ナイスクラップ	ご優待券10％割引	食事・サービス・割引券	40000.0		1.23	
2015-04-23	1	19	8842	楽天地	ご優待券、映画ご招待券	娯楽・芸術	495000.0		1.21	
2015-04-23	1	20	9681	東京ドーム	野球株主証、東京ドームシティアトラクションズ乗物券、スパラクーア入館券	娯楽・芸術	519000.0		1.15	
2015-04-23	2	1	4645	市進ＨＤ	市進教育グループ受講券10,000円相当	その他	114000.0		13.1	
2015-04-23	2	2	7520	エコス	ご優待券、お米コシヒカリ	クオカード・ギフト券	95000.0		7.85	
2015-04-23	2	3	9876	コックス	ご優待券2,000円分	食事・サービス・割引券	25000.0		7.78	
2015-04-23	2	4	2685	アダストリアＨＤ	商品引換券2,000円相当	クオカード・ギフト券	35000.0		7.77	
2015-04-23	2	5	8175	ベスト電	ご優待割引券1枚/1,000円券	クオカード・ギフト券	72000.0		7.63	
2015-04-23	2	6	8196	カスミ	関連店舗ご優待券、お米	クオカード・ギフト券	98000.0		7.54	
2015-04-23	2	7	3073	ダイヤモンドＤ	お食事券、お米	クオカード・ギフト券	133000.0		6.75	
2015-04-23	2	8	7818	トランザクション	ご優待商品3,000円相当	その他	109000.0		6.69	
2015-04-23	2	9	8274	東武ストア	ご優待券、図書カード	クオカード・ギフト券	349000.0		6.01	
2015-04-23	2	10	9381	エーアイテイー	「古座川ゆず平井の里」、「那智黒総本舗」の詰合せ	飲食料品	119000.0		5.86	
2015-04-23	2	11	3063	ｊＧｒｏｕｐ	ご優待食事券、グループ商品	食事・サービス・割引券	72000.0		5.86	
2015-04-23	2	12	9861	吉野家ＨＤ	ご優待券3,000円分	食事・サービス・割引券	136000.0		5.84	
2015-04-23	2	13	9778	昴	運営教室でのご優待券、青森産りんご	飲食料品	385000.0		5.71	
2015-04-23	2	14	8519	ポケットＣ	クオカード、ポケットポイント	その他	49000.0		5.65	
2015-04-23	2	15	8287	ＭＶ西日本	ご優待券5,000円分	食事・サービス・割引券	157000.0		5.41	
2015-04-23	2	16	7512	イオン北海	ご優待券2,500円相当	クオカード・ギフト券	66000.0		5.3	
2015-04-23	2	17	7603	マックハウス	お買物券1,000円相当	クオカード・ギフト券	95000.0		5.26	
2015-04-23	2	18	8171	ＭＶ中部	ご優待券、指定商品	食事・サービス・割引券	119000.0		5.17	
2015-04-23	2	19	8198	ＭＶ東海	ご優待券5,000円相当	飲食料品	172000.0		4.99	
2015-04-23	2	20	3171	ＭＶ九州	ご優待券、寒製島原手延べ素麺、調味料ギフトセット	クオカード・ギフト券	181000.0		4.84	
2015-04-23	4	1	4355	ロングライフＨＤ	老人ホーム、グループホームの入居一時金や入園金のご優待割引券	その他	36000.0		557.08	
2015-04-23	4	2	6630	ヤーマン	化粧品オンリーミネラルセット	その他	176000.0		7.69	
2015-04-23	4	3	9444	トーシン	商品券、ゴルフ無料ラウンド	食事・サービス・割引券	62000.0		6.42	
2015-04-23	4	4	2751	テンポス	お食事券、お買い物券	飲食料品	169000.0		5.0	
2015-04-23	4	5	3843	ＦＢ	新規契約時、初期費用3,240円を無料でご提供など	その他	117000.0		3.26	
2015-04-23	4	6	2198	アイ・ケイ・ケイ	特選お菓子、ご優待食事券	飲食料品	135000.0		2.59	
2015-04-23	4	7	8917	ファースト住建	自社商品　磁器製タンブラーペアセット	その他	144000.0		2.55	
2015-04-23	4	8	3361	トーエル	自社商品1,500円相当	飲食料品	429000.0		2.44	
2015-04-23	4	9	1766	東建コーポ	ご優待割引券3,000円分	食事・サービス・割引券	613000.0		2.44	
2015-04-23	4	10	2593	伊藤園	自社製品詰合せ、通信販売品割引冊子	飲食料品	254000.0		2.12	
2015-04-23	4	11	3329	東和フード	ご優待食事券、自社製品詰合わせ	飲食料品	300000.0		2.0	
2015-04-23	4	12	2910	ロックフィルド	お惣菜券1,000円分	食事・サービス・割引券	254000.0		1.96	
2015-04-23	4	13	9603	Ｈ．Ｉ．Ｓ．	ご優待券、ハウステンボス入場割引券	交通・旅行	404000.0		1.68	
2015-04-23	4	14	8079	正栄食	自社製品詰合わせ、通販カタログ掲載商品50％割引券	飲食料品	1100000.0		1.54	
2015-04-23	4	15	7605	フジコーポ	UFJニコスギフトカード5,000円相当	クオカード・ギフト券	999000.0		1.5	
2015-04-23	4	16	2438	アスカネット	ご優待割引券1枚/1,000円割引	その他	331000.0		0.84	
2015-04-23	4	17	2695	くら	お食事券 、自社商品詰合せ	飲食料品	462000.0		0.8	
2015-04-23	4	18	3318	メガネスーパ	ご優待割引券	食事・サービス・割引券	4000.0		0.0	
2015-04-23	4	19	7968	ＴＡＳＡＫＩ	ご優待割引券10％割引	食事・サービス・割引券	268000.0		0.0	
2015-04-23	4	20	2159	ＦＳ	グループ会社のサービスを無料提供	その他	57000.0		0.0	
2015-04-23	7	1	9829	ながの東	東急百貨店各店舗でのご優待券10％割引	食事・サービス・割引券	231000.0		5.62	
2015-04-23	7	2	8142	トーホー	お買物割引券、非売品の自社製品、自社セレクト製品	食事・サービス・割引券	458000.0		4.36	
2015-04-23	7	3	7614	オーエムツー	お食事券3,000円相当	食事・サービス・割引券	125000.0		4.3	
2015-04-23	7	4	3172	ティーライフ	ご優待券1,000円分	食事・サービス・割引券	97000.0		3.59	
2015-04-23	7	5	7590	タカショー	タカショーカタログ内でのご優待、オリジナルカレンダー、イベント紹介	オリジナル・限定	50000.0		3.38	
2015-04-23	7	6	6654	不二電機工業	クオカード500円相当	クオカード・ギフト券	143000.0		2.78	
2015-04-23	7	7	3159	丸善ＣＨＩ	丸善、ジュンク堂書店での商品券1,000円相当	クオカード・ギフト券	37000.0		2.69	
2015-04-23	7	8	2590	ＤｙＤｏ	自社製品詰合せ3,000円相当	飲食料品	500000.0		2.4	
2015-04-23	7	9	9632	スバル興	有楽町スバル座でのご優待カード	娯楽・芸術	436000.0		2.29	
2015-04-23	7	10	3421	稲葉製作	オリジナル図書カード、地域特産品	飲食料品	144000.0		2.07	
2015-04-23	7	11	7850	総合商研	北海道特産品3,000円相当など	飲食料品	899000.0		2.0	
2015-04-23	7	12	2353	日駐	時間貸し駐車場ご優待券、スキー場リフト券	娯楽・芸術	19000.0		1.4	
2015-04-23	7	13	7598	ナイスクラップ	ご優待券10％割引	食事・サービス・割引券	40000.0		1.23	
2015-04-23	7	14	8842	楽天地	ご優待券、映画ご招待券	娯楽・芸術	495000.0		1.21	
2015-04-23	7	15	2217	モロゾフ	オンラインショップでのご優待割引	食事・サービス・割引券	383000.0		1.04	
2015-04-23	7	16	9637	オーエス	映画館ご優待、梅田OSホテルご宿泊割引券、ご飲食割引券	娯楽・芸術	650000.0		0.76	
2015-04-23	7	17	3193	鳥貴族	お食事券3,000円相当	飲食料品	580000.0		0.6	
2015-04-23	7	18	9636	きんえい	各劇場共通ご招待券	娯楽・芸術	228000.0		0.32	
2015-04-23	8	1	7520	エコス	ご優待券、お米コシヒカリ	クオカード・ギフト券	95000.0		7.85	
2015-04-23	8	2	8196	カスミ	関連店舗ご優待券、お米	クオカード・ギフト券	98000.0		7.54	
2015-04-23	8	3	7818	トランザクション	ご優待商品3,000円相当	その他	109000.0		6.69	
2015-04-23	8	4	8127	ヤマトインター	自社製品1,000円相当	ファッション	41000.0		6.22	
2015-04-23	8	5	8274	東武ストア	ご優待券、図書カード	クオカード・ギフト券	349000.0		6.01	
2015-04-23	8	6	3063	ｊＧｒｏｕｐ	ご優待食事券、グループ商品	食事・サービス・割引券	72000.0		5.86	
2015-04-23	8	7	9861	吉野家ＨＤ	ご優待券3,000円分	食事・サービス・割引券	136000.0		5.84	
2015-04-23	8	8	9778	昴	運営教室でのご優待券、青森産りんご	飲食料品	385000.0		5.71	
2015-04-23	8	9	8519	ポケットＣ	クオカード、ポケットポイント	その他	49000.0		5.65	
2015-04-23	8	10	3174	ハピネス＆Ｄ	ご優待券、限定オリジナル商品、割引券	オリジナル・限定|食事・サービス・割引券	88000.0		5.06	
2015-04-23	8	11	7445	ライトオン	・自社の経営する全店舗（オンラインショップ除く）で利用できる優待券（1,000円券）	食事・サービス・割引券	90000.0		4.95	
2015-04-23	8	12	3333	あさひ	ご優待券2,000円分相当	食事・サービス・割引券	107000.0		4.84	
2015-04-23	8	13	7421	カッパクリＨＤ	お食事券2,500円相当	食事・サービス・割引券	113000.0		4.41	
2015-04-23	8	14	2798	Ｙ’ｓ	ご優待券5,000円相当	食事・サービス・割引券	232000.0		4.3	
2015-04-23	8	15	7513	コジマ	ご優待券1枚/500円	食事・サービス・割引券	32000.0		4.29	
2015-04-23	8	16	3344	ワンダーＣｏ．	ご優待買物券、ご優待商品をカタログより贈呈	食事・サービス・割引券|クオカード・ギフト券|その他	105000.0		4.26	
2015-04-23	8	17	9979	大庄	ご優待飲食券、産地直送の特産品	飲食料品	150000.0		4.25	
2015-04-23	8	18	9993	ヤマザワ	ご優待買物券、山形県産特別栽培米	クオカード・ギフト券	172000.0		4.23	
2015-04-23	8	19	4668	明光ネット	クオカード3,000円分	クオカード・ギフト券	151000.0		4.1	
2015-04-23	8	20	4745	東京個別	自社運営の教室にて通常授業料・受講費の割引　1,000円相当	その他	72000.0		3.85	
2015-04-23	9	1	3167	ＴＯＫＡＩ　ＨＤ	飲料水宅配サービス関連商品など	飲食料品|食事・サービス・割引券|クオカード・ギフト券|その他	50000.0		406.34	
2015-04-23	9	2	1878	大東建	建築工事請負代金 キャッシュバック300,000円、賃貸仲介手数料無料券など	その他	1446000.0		44.03	
2015-04-23	9	3	4346	ＮＥＸＹＺ．	DNA検査「体質型遺伝子チェック」を半額にて提供	その他	59000.0		28.4	
2015-04-23	9	4	4650	ＳＤエンター	施設ご優待券	飲食料品|娯楽・芸術|スポーツ	72000.0		25.0	
2015-04-23	9	5	2453	ＪＢＲ	キッザニア(東京甲子園)スポンサーイベントデイ招待券	その他	25000.0		20.63	
2015-04-23	9	6	3598	山喜	自社直営店のお買物券2,000円相当	クオカード・ギフト券	20000.0		20.19	
2015-04-23	9	7	2666	オートウェーブ	ご優待買物券 900円相当	食事・サービス・割引券	11000.0		15.78	
2015-04-23	9	8	5261	リソル	宿泊、ゴルフリゾート施設での商品券など	娯楽・芸術|スポーツ|宿泊|その他	262000.0		13.35	
2015-04-23	9	9	3347	トラスト	Ｊネットレンタカーご利用割引券 、三菱ＵＦＪニコスギフトカード	食事・サービス・割引券|交通・旅行	27000.0		11.94	
2015-04-23	9	10	7522	ワタミ	ご優待食事券6,000円分	食事・サービス・割引券	118000.0		11.39	
2015-04-23	9	11	7819	ＳＨＯ−ＢＩ	限定ご優待商品3,000円相当	オリジナル・限定	41000.0		9.75	
2015-04-23	9	12	4680	ラウンドワン	ご利用割引券2,000円相当	娯楽・芸術	63000.0		9.44	
2015-04-23	9	13	7419	ノジマ	ご優待割引券　１0％割引	食事・サービス・割引券	244000.0		9.16	
2015-04-23	9	14	2928	健康ＣＰ	ご優待商品を贈呈	飲食料品	145000.0		8.51	
2015-04-23	9	15	2058	ヒガシマル	自社製品3,000円相当	飲食料品	82000.0		8.28	
2015-04-23	9	16	2131	アコーディア	ゴルフ場、ホテル、インドアゴルフの最大3,000円分優待券	スポーツ	123000.0		8.05	
2015-04-23	9	17	5343	ニッコー	自社製品5,000円相当	その他	126000.0		7.93	
2015-04-23	9	18	4679	田谷	ご優待券2,100円相当	その他	81000.0		7.89	
2015-04-23	9	19	7524	マルシェ	ご優待、ご優待品	食事・サービス・割引券	89000.0		7.82	
2015-04-23	9	20	7502	プラザクリエ	デジカメプリント券、年賀状印刷割引券	クオカード・ギフト券	38000.0		7.45	
2015-04-23	10	1	4355	ロングライフＨＤ	老人ホーム、グループホームの入居一時金や入園金のご優待割引券	その他	36000.0		557.08	
2015-04-23	10	2	9444	トーシン	商品券、ゴルフ無料ラウンド	食事・サービス・割引券	62000.0		6.42	
2015-04-23	10	3	7640	トップカルチャ	TSUTAYA等でのご優待券、図書カード	クオカード・ギフト券	153000.0		4.89	
2015-04-23	10	4	1873	東日本ハウス	銀河高原ビール製造の小麦のビール缶　12本	飲食料品	577000.0		4.33	
2015-04-23	10	5	4666	パーク２４	ご優待割引券2,000円相当	食事・サービス・割引券	239000.0		2.92	
2015-04-23	10	6	8917	ファースト住建	自社商品　磁器製タンブラーペアセット	その他	144000.0		2.55	
2015-04-23	10	7	6309	巴工業	自社関連ワイン1本	飲食料品	180000.0		2.49	
2015-04-23	10	8	3361	トーエル	自社商品1,500円相当	飲食料品	429000.0		2.44	
2015-04-23	10	9	1766	東建コーポ	ご優待割引券3,000円分	食事・サービス・割引券	613000.0		2.44	
2015-04-23	10	10	9824	泉州電業	図書カード1,000円相当	クオカード・ギフト券	185000.0		2.37	
2015-04-23	10	11	3329	東和フード	ご優待食事券、自社製品詰合わせ	飲食料品	300000.0		2.0	
2015-04-23	10	12	9603	Ｈ．Ｉ．Ｓ．	ご優待券、ハウステンボス入場割引券	交通・旅行	404000.0		1.68	
2015-04-23	10	13	8079	正栄食	自社製品詰合わせ、通販カタログ掲載商品50％割引券	飲食料品	1100000.0		1.54	
2015-04-23	10	14	2830	アヲハタ	自社製品詰合せ1,000円相当	飲食料品	188000.0		1.21	
2015-04-23	10	15	9678	カナモト	オリジナル商品から贈呈3,000円相当	飲食料品	3440000.0		1.1	
2015-04-23	10	16	2923	サトウ食品	自社製品詰合せ1,000円相当	飲食料品	1475000.0		0.47	
2015-04-23	10	17	3318	メガネスーパ	ご優待割引券	食事・サービス・割引券	4000.0		0.0	
2015-04-23	10	18	7968	ＴＡＳＡＫＩ	ご優待割引券10％割引	食事・サービス・割引券	268000.0		0.0	
2015-04-23	11	1	2769	ヴィレッジＶ	お買い物券10,000円分	食事・サービス・割引券	142000.0		7.97	
2015-04-23	11	2	3244	サムティ	ご宿泊無料、割引券	宿泊	92000.0		5.63	
2015-04-23	11	3	4825	ＷＮＩウェザー	WITHist Clubへの無料入会	その他	363000.0		3.82	
2015-04-23	11	4	2698	キャンドゥ	ご優待券2,000円分	食事・サービス・割引券	154000.0		3.71	
2015-04-23	11	5	3022	山下医	クオカード500円相当	クオカード・ギフト券	179000.0		3.68	
2015-04-23	11	6	3230	スター・マイカ	クオカード、生活関連商品など	クオカード・ギフト券	140000.0		3.42	
2015-04-23	11	7	5942	日フイルコン	ワイン1,000円相当品	飲食料品	51000.0		3.29	
2015-04-23	11	8	8887	リベレステ	ご宿泊ご優待券	宿泊	91000.0		3.29	
2015-04-23	11	9	9837	モリト	オリジナルクオカード1,000円分	クオカード・ギフト券	99000.0		3.26	
2015-04-23	11	10	9924	ドミー	自社商品の詰合せ3,000円相当	飲食料品	488000.0		2.66	
2015-04-23	11	11	3089	テクノアルファ	クオカード1,000円相当	クオカード・ギフト券	152000.0		2.63	
2015-04-23	11	12	6985	ユーシン	クオカード1,000円相当	クオカード・ギフト券	80000.0		2.48	
2015-04-23	11	13	2796	ファーマライズＨＤ	メディカルアロマや医療用サプリメント	その他	60000.0		2.33	
2015-04-23	11	14	3160	大光	QUOカード、アミカ商品券	クオカード・ギフト券	90000.0		2.22	
2015-04-23	11	15	2734	サーラ	ご優待券1,000円相当	食事・サービス・割引券	298000.0		2.18	
2015-04-23	11	16	7501	ティムコ	ご優待割引券20％	食事・サービス・割引券	58000.0		2.04	
2015-04-23	11	17	7630	壱番屋	お食事券1,500円相当	食事・サービス・割引券	530000.0		1.88	
2015-04-23	11	18	3075	銚子丸	ご優待食事券2,500円相当	食事・サービス・割引券	426000.0		1.8	
2015-04-23	11	19	9369	キユソ流通	ジェフグルメカード1,000円相当	食事・サービス・割引券	167000.0		1.79	
2015-04-23	11	20	7594	マルカキカイ	グルメセット1,000円相当	飲食料品	202000.0		1.78	
2015-04-23	12	1	6071	ＩＢＪ	IBJメンバーズ（ﾌﾟﾚﾐｱｺｰｽ）入会初期費用100,000円割引券	食事・サービス・割引券	110000.0		91.46	
2015-04-23	12	2	4563	アンジェス	自社商品ご優待券10,000円相当	食事・サービス・割引券	24000.0		40.98	
2015-04-23	12	3	3807	フィスコ	IPO投資に関する情報が得られる「クラブフィスコ」のIPOナビ（リミテッド）　無料クーポン	その他	39000.0		33.23	
2015-04-23	12	4	3788	ＧＭＯクラウド	サービスご優待券5,000円相当など	食事・サービス・割引券	92000.0		19.44	
2015-04-23	12	5	9973	小僧寿し	ご優待割引券1,000円相当	食事・サービス・割引券	10000.0		18.51	
2015-04-23	12	6	9449	ＧＭＯ	サービス利用料の割引	その他	157000.0		16.3	
2015-04-23	12	7	9439	ＭＨグループ	ご優待券3,000円相当	食事・サービス・割引券	28000.0		11.7	
2015-04-23	12	8	3177	ありがとうＳ	「クラブフィスコ」のIPOナビ（リミテッド）　無料クーポン	その他	243000.0		8.7	
2015-04-23	12	9	6078	バリューＨＲ	初年度年会無料、健康関連サービスに使用できるポイント	その他	151000.0		8.26	
2015-04-23	12	10	2762	三光ＭＦ	ご優待券、お米	クオカード・ギフト券	94000.0		8.0	
2015-04-23	12	11	2406	アルテＨＤ	ご優待券、オリジナルPB商品、近沢レース店の製品	オリジナル・限定	62000.0		6.35	
2015-04-23	12	12	5015	ＢＰカストロール	クオカード1,000円相当	クオカード・ギフト券	675000.0		6.14	
2015-04-23	12	13	3082	きちり	ご優待食事券、無洗米	クオカード・ギフト券	72000.0		5.5	
2015-04-23	12	14	4221	大倉工	オークラホテル丸亀ご宿泊ご優待券	宿泊	371000.0		4.98	
2015-04-23	12	15	8304	あおぞら	商品券2,000円相当	クオカード・ギフト券	457000.0		4.92	
2015-04-23	12	16	8165	千趣会	お買物券1,000円相当	食事・サービス・割引券	89000.0		4.89	
2015-04-23	12	17	3178	チムニー	ご優待食事券、自社オリジナル商品	飲食料品	297000.0		4.2	
2015-04-23	12	18	3028	アルペン	関連施設でのご優待券2,000円相当	スポーツ	193000.0		4.13	
2015-04-23	12	19	3325	ケンコーコム	割引券4,000円相当	クオカード・ギフト券	97000.0		4.11	
2015-04-23	12	20	7989	立川ブライ	クオカード1,000円相当	クオカード・ギフト券	73000.0		4.1	
2015-04-26	3	1	3167	ＴＯＫＡＩ　ＨＤ	飲料水宅配サービス関連商品など	飲食料品|食事・サービス・割引券|クオカード・ギフト券|その他	50000.0		402.35	
2015-04-26	3	2	7593	ＶＴＨＤ	レンタカー利用20%割引券5枚など	食事・サービス・割引券	60000.0		67.7	
2015-04-26	3	3	8107	キムラタン	オンラインストアご優待クーポンキー、ご優待券	食事・サービス・割引券	9000.0		55.55	
2015-04-26	3	4	1878	大東建	建築工事請負代金 キャッシュバック300,000円、賃貸仲介手数料無料券など	その他	1430000.0		44.5	
2015-04-26	3	5	7602	カーチスＨＤ	ご優待券 30,000円分	交通・旅行	68000.0		43.98	
2015-04-26	3	6	3187	サンワカンパニー	ご優待割引券30,000円	食事・サービス・割引券	69000.0		43.2	
2015-04-26	3	7	4765	モーニングスター	日刊「株式新聞web版」無料クーポン12,000円相当	その他	34000.0		36.58	
2015-04-26	3	8	4650	ＳＤエンター	施設ご優待券	飲食料品|娯楽・芸術|スポーツ	71000.0		25.21	
2015-04-26	3	9	2453	ＪＢＲ	キッザニア(東京甲子園)スポンサーイベントデイ招待券	その他	25000.0		20.55	
2015-04-26	3	10	3598	山喜	自社直営店のお買物券2,000円相当	クオカード・ギフト券	20000.0		20.09	
2015-04-26	3	11	2666	オートウェーブ	ご優待買物券 900円相当	食事・サービス・割引券	11000.0		15.78	
2015-04-26	3	12	3205	ダイドー	ご優待製品5,800円相当	ファッション	51000.0		15.08	
2015-04-26	3	13	2656	ベクター	オンラインゲーム10,000円相当のポイント	娯楽・芸術	68000.0		14.51	
2015-04-26	3	14	5261	リソル	宿泊、ゴルフリゾート施設での商品券など	娯楽・芸術|スポーツ|宿泊|その他	258000.0		13.56	
2015-04-26	3	15	3347	トラスト	Ｊネットレンタカーご利用割引券 、三菱ＵＦＪニコスギフトカード	食事・サービス・割引券|交通・旅行	26000.0		12.3	
2015-04-26	3	16	7522	ワタミ	ご優待食事券6,000円分	食事・サービス・割引券	118000.0		11.42	
2015-04-26	3	17	6087	アビスト	アビストH＆F　浸みわたる水素水	飲食料品	154000.0		10.5	
2015-04-26	3	18	4680	ラウンドワン	ご利用割引券2,000円相当	娯楽・芸術	63000.0		9.4	
2015-04-26	3	19	7419	ノジマ	ご優待割引券　１0％割引	食事・サービス・割引券	241000.0		9.28	
2015-04-26	3	20	2928	健康ＣＰ	ご優待商品を贈呈	飲食料品	144000.0		8.57	
2015-04-26	6	1	4563	アンジェス	自社商品ご優待券10,000円相当	食事・サービス・割引券	24000.0		40.98	
2015-04-26	6	2	3807	フィスコ	IPO投資に関する情報が得られる「クラブフィスコ」のIPOナビ（リミテッド）　無料クーポン	その他	39000.0		33.23	
2015-04-26	6	3	3788	ＧＭＯクラウド	サービスご優待券5,000円相当など	食事・サービス・割引券	92000.0		19.46	
2015-04-26	6	4	9973	小僧寿し	ご優待割引券1,000円相当	食事・サービス・割引券	10000.0		18.51	
2015-04-26	6	5	9449	ＧＭＯ	サービス利用料の割引	その他	153000.0		16.79	
2015-04-26	6	6	3177	ありがとうＳ	「クラブフィスコ」のIPOナビ（リミテッド）　無料クーポン	その他	242000.0		8.74	
2015-04-26	6	7	2762	三光ＭＦ	ご優待券、お米	クオカード・ギフト券	94000.0		8.04	
2015-04-26	6	8	2305	スタジオアリス	フレーム付き株主写真撮影券	クオカード・ギフト券	220000.0		7.02	
2015-04-26	6	9	3660	アイスタイル	割引券4,800円相当	食事・サービス・割引券	89000.0		5.38	
2015-04-26	6	10	4221	大倉工	オークラホテル丸亀ご宿泊ご優待券	宿泊	371000.0		4.98	
2015-04-26	6	11	8304	あおぞら	商品券2,000円相当	クオカード・ギフト券	455000.0		4.94	
2015-04-26	6	12	8165	千趣会	お買物券1,000円相当	食事・サービス・割引券	89000.0		4.91	
2015-04-26	6	13	3271	グロバル社	クオカード1,000円分	クオカード・ギフト券	54000.0		4.59	
2015-04-26	6	14	3178	チムニー	ご優待食事券、自社オリジナル商品	飲食料品	294000.0		4.24	
2015-04-26	6	15	3028	アルペン	関連施設でのご優待券2,000円相当	スポーツ	193000.0		4.12	
2015-04-26	6	16	7989	立川ブライ	クオカード1,000円相当	クオカード・ギフト券	73000.0		4.11	
2015-04-26	6	17	2579	コカウエスト	自社商品1,800円相当	飲食料品	203000.0		3.78	
2015-04-26	6	18	2499	日本和装	きものシミ抜き券、クオカード、VJAギフトカード	クオカード・ギフト券	26000.0		3.75	
2015-04-26	6	19	2702	マクドナルド	ご優待食事券3,400円相当	食事・サービス・割引券	261000.0		3.75	
2015-04-26	6	20	3319	ＧＤＯ	ゴルフクーポン券1,000円相当	食事・サービス・割引券	61000.0		3.63	
2015-05-05	1	1	4334	ユークス	自社製品3,000円相当	娯楽・芸術	61000.0		6.47	
2015-05-05	1	2	3320	クロスプラス	オンラインショップでのクーポン券3,000円相当	ファッション	76000.0		5.89	
2015-05-05	1	3	9829	ながの東	東急百貨店各店舗でのご優待券10％割引	食事・サービス・割引券	229000.0		5.67	
2015-05-05	1	4	3071	ストリーム	ストリーム運営サイト「ECカレント」でのご優待割引	クオカード・ギフト券	20000.0		5.0	
2015-05-05	1	5	7614	オーエムツー	お食事券3,000円相当	食事・サービス・割引券	125000.0		4.29	
2015-05-05	1	6	8142	トーホー	お買物割引券、非売品の自社製品、自社セレクト製品	食事・サービス・割引券	468000.0		4.27	
2015-05-05	1	7	4924	ＤＲ．シーラボ	アクアコラーゲンゲルなど	その他	436000.0		4.14	
2015-05-05	1	8	3246	コーセーＲＥ	クオカード1,000円相当	クオカード・ギフト券	74000.0		4.02	
2015-05-05	1	9	4358	ＴＹＯ	クオカード1,000円相当	クオカード・ギフト券	100000.0		3.98	
2015-05-05	1	10	7590	タカショー	タカショーカタログ内でのご優待、オリジナルカレンダー、イベント紹介	オリジナル・限定	50000.0		3.38	
2015-05-05	1	11	7878	光彩工芸	限定オリジナルジュエリー	オリジナル・限定	252000.0		2.77	
2015-05-05	1	12	6654	不二電機工業	クオカード500円相当	クオカード・ギフト券	144000.0		2.77	
2015-05-05	1	13	1928	積水ハウス	魚沼産コシヒカリ 5㎏	クオカード・ギフト券	1862000.0		2.68	
2015-05-05	1	14	6387	サムコ	クオカード1,000円相当	クオカード・ギフト券	115000.0		2.42	
2015-05-05	1	15	2590	ＤｙＤｏ	自社製品詰合せ3,000円相当	飲食料品	495000.0		2.42	
2015-05-05	1	16	9632	スバル興	有楽町スバル座でのご優待カード	娯楽・芸術	434000.0		2.3	
2015-05-05	1	17	3421	稲葉製作	オリジナル図書カード、地域特産品	飲食料品	144000.0		2.08	
2015-05-05	1	18	8842	楽天地	ご優待券、映画ご招待券	娯楽・芸術	494000.0		1.21	
2015-05-05	1	19	7598	ナイスクラップ	ご優待券10％割引	食事・サービス・割引券	42000.0		1.17	
2015-05-05	1	20	9681	東京ドーム	野球株主証、東京ドームシティアトラクションズ乗物券、スパラクーア入館券	娯楽・芸術	512000.0		1.17	
2015-05-05	2	1	4645	市進ＨＤ	市進教育グループ受講券10,000円相当	その他	114000.0		13.15	
2015-05-05	2	2	7520	エコス	ご優待券、お米コシヒカリ	クオカード・ギフト券	95000.0		7.84	
2015-05-05	2	3	9876	コックス	ご優待券2,000円分	食事・サービス・割引券	25000.0		7.84	
2015-05-05	2	4	2685	アダストリアＨＤ	商品引換券2,000円相当	クオカード・ギフト券	35000.0		7.67	
2015-05-05	2	5	8196	カスミ	関連店舗ご優待券、お米	クオカード・ギフト券	98000.0		7.54	
2015-05-05	2	6	8175	ベスト電	ご優待割引券1枚/1,000円券	クオカード・ギフト券	73000.0		7.48	
2015-05-05	2	7	3073	ダイヤモンドＤ	お食事券、お米	クオカード・ギフト券	129000.0		7.09	
2015-05-05	2	8	8274	東武ストア	ご優待券、図書カード	クオカード・ギフト券	337000.0		6.23	
2015-05-05	2	9	9381	エーアイテイー	「古座川ゆず平井の里」、「那智黒総本舗」の詰合せ	飲食料品	113000.0		6.16	
2015-05-05	2	10	7818	トランザクション	ご優待商品3,000円相当	その他	118000.0		6.15	
2015-05-05	2	11	9861	吉野家ＨＤ	ご優待券3,000円分	食事・サービス・割引券	136000.0		5.88	
2015-05-05	2	12	3063	ｊＧｒｏｕｐ	ご優待食事券、グループ商品	食事・サービス・割引券	74000.0		5.74	
2015-05-05	2	13	8519	ポケットＣ	クオカード、ポケットポイント	その他	49000.0		5.64	
2015-05-05	2	14	9778	昴	運営教室でのご優待券、青森産りんご	飲食料品	390000.0		5.64	
2015-05-05	2	15	8287	ＭＶ西日本	ご優待券5,000円分	食事・サービス・割引券	156000.0		5.43	
2015-05-05	2	16	7512	イオン北海	ご優待券2,500円相当	クオカード・ギフト券	65000.0		5.36	
2015-05-05	2	17	7603	マックハウス	お買物券1,000円相当	クオカード・ギフト券	93000.0		5.32	
2015-05-05	2	18	8171	ＭＶ中部	ご優待券、指定商品	食事・サービス・割引券	118000.0		5.23	
2015-05-05	2	19	8198	ＭＶ東海	ご優待券5,000円相当	飲食料品	172000.0		4.98	
2015-05-05	2	20	3333	あさひ	ご優待券2,000円分相当	食事・サービス・割引券	105000.0		4.91	
2015-05-05	7	1	9829	ながの東	東急百貨店各店舗でのご優待券10％割引	食事・サービス・割引券	229000.0		5.67	
2015-05-05	7	2	7614	オーエムツー	お食事券3,000円相当	食事・サービス・割引券	125000.0		4.29	
2015-05-05	7	3	8142	トーホー	お買物割引券、非売品の自社製品、自社セレクト製品	食事・サービス・割引券	468000.0		4.27	
2015-05-05	7	4	3172	ティーライフ	ご優待券1,000円分	食事・サービス・割引券	93000.0		3.76	
2015-05-05	7	5	7590	タカショー	タカショーカタログ内でのご優待、オリジナルカレンダー、イベント紹介	オリジナル・限定	50000.0		3.38	
2015-05-05	7	6	6654	不二電機工業	クオカード500円相当	クオカード・ギフト券	144000.0		2.77	
2015-05-05	7	7	3159	丸善ＣＨＩ	丸善、ジュンク堂書店での商品券1,000円相当	クオカード・ギフト券	37000.0		2.68	
2015-05-05	7	8	2590	ＤｙＤｏ	自社製品詰合せ3,000円相当	飲食料品	495000.0		2.42	
2015-05-05	7	9	9632	スバル興	有楽町スバル座でのご優待カード	娯楽・芸術	434000.0		2.3	
2015-05-05	7	10	7850	総合商研	北海道特産品3,000円相当など	飲食料品	813000.0		2.21	
2015-05-05	7	11	3421	稲葉製作	オリジナル図書カード、地域特産品	飲食料品	144000.0		2.08	
2015-05-05	7	12	2353	日駐	時間貸し駐車場ご優待券、スキー場リフト券	娯楽・芸術	18000.0		1.48	
2015-05-05	7	13	8842	楽天地	ご優待券、映画ご招待券	娯楽・芸術	494000.0		1.21	
2015-05-05	7	14	7598	ナイスクラップ	ご優待券10％割引	食事・サービス・割引券	42000.0		1.17	
2015-05-05	7	15	2217	モロゾフ	オンラインショップでのご優待割引	食事・サービス・割引券	376000.0		1.06	
2015-05-05	7	16	9637	オーエス	映画館ご優待、梅田OSホテルご宿泊割引券、ご飲食割引券	娯楽・芸術	650000.0		0.76	
2015-05-05	7	17	3193	鳥貴族	お食事券3,000円相当	飲食料品	560000.0		0.62	
2015-05-05	7	18	9636	きんえい	各劇場共通ご招待券	娯楽・芸術	229000.0		0.32	
2015-05-05	8	1	7520	エコス	ご優待券、お米コシヒカリ	クオカード・ギフト券	95000.0		7.84	
2015-05-05	8	2	8196	カスミ	関連店舗ご優待券、お米	クオカード・ギフト券	98000.0		7.54	
2015-05-05	8	3	8274	東武ストア	ご優待券、図書カード	クオカード・ギフト券	337000.0		6.23	
2015-05-05	8	4	8127	ヤマトインター	自社製品1,000円相当	ファッション	41000.0		6.2	
2015-05-05	8	5	7818	トランザクション	ご優待商品3,000円相当	その他	118000.0		6.15	
2015-05-05	8	6	9861	吉野家ＨＤ	ご優待券3,000円分	食事・サービス・割引券	136000.0		5.88	
2015-05-05	8	7	3063	ｊＧｒｏｕｐ	ご優待食事券、グループ商品	食事・サービス・割引券	74000.0		5.74	
2015-05-05	8	8	8519	ポケットＣ	クオカード、ポケットポイント	その他	49000.0		5.64	
2015-05-05	8	9	9778	昴	運営教室でのご優待券、青森産りんご	飲食料品	390000.0		5.64	
2015-05-05	8	10	7445	ライトオン	・自社の経営する全店舗（オンラインショップ除く）で利用できる優待券（1,000円券）	食事・サービス・割引券	90000.0		5.0	
2015-05-05	8	11	3174	ハピネス＆Ｄ	ご優待券、限定オリジナル商品、割引券	オリジナル・限定|食事・サービス・割引券	90000.0		4.99	
2015-05-05	8	12	3333	あさひ	ご優待券2,000円分相当	食事・サービス・割引券	105000.0		4.91	
2015-05-05	8	13	7421	カッパクリＨＤ	お食事券2,500円相当	食事・サービス・割引券	111000.0		4.5	
2015-05-05	8	14	7513	コジマ	ご優待券1枚/500円	食事・サービス・割引券	32000.0		4.36	
2015-05-05	8	15	3344	ワンダーＣｏ．	ご優待買物券、ご優待商品をカタログより贈呈	食事・サービス・割引券|クオカード・ギフト券|その他	103000.0		4.33	
2015-05-05	8	16	2798	Ｙ’ｓ	ご優待券5,000円相当	食事・サービス・割引券	232000.0		4.29	
2015-05-05	8	17	4668	明光ネット	クオカード3,000円分	クオカード・ギフト券	144000.0		4.28	
2015-05-05	8	18	9979	大庄	ご優待飲食券、産地直送の特産品	飲食料品	149000.0		4.28	
2015-05-05	8	19	9993	ヤマザワ	ご優待買物券、山形県産特別栽培米	クオカード・ギフト券	172000.0		4.24	
2015-05-05	8	20	4745	東京個別	自社運営の教室にて通常授業料・受講費の割引　1,000円相当	その他	71000.0		3.92	
2015-05-05	9	1	3167	ＴＯＫＡＩ　ＨＤ	飲料水宅配サービス関連商品など	飲食料品|食事・サービス・割引券|クオカード・ギフト券|その他	50000.0		402.35	
2015-05-05	9	2	1878	大東建	建築工事請負代金 キャッシュバック300,000円、賃貸仲介手数料無料券など	その他	1376000.0		46.47	
2015-05-05	9	3	4346	ＮＥＸＹＺ．	DNA検査「体質型遺伝子チェック」を半額にて提供	その他	62000.0		26.99	
2015-05-05	9	4	4650	ＳＤエンター	施設ご優待券	飲食料品|娯楽・芸術|スポーツ	71000.0		25.31	
2015-05-05	9	5	2453	ＪＢＲ	キッザニア(東京甲子園)スポンサーイベントデイ招待券	その他	25000.0		20.8	
2015-05-05	9	6	3598	山喜	自社直営店のお買物券2,000円相当	クオカード・ギフト券	21000.0		20.75	
2015-05-05	9	7	2928	健康ＣＰ	ご優待商品を贈呈	飲食料品	71000.0		17.12	
2015-05-05	9	8	2666	オートウェーブ	ご優待買物券 900円相当	食事・サービス・割引券	10000.0		16.82	
2015-05-05	9	9	5261	リソル	宿泊、ゴルフリゾート施設での商品券など	娯楽・芸術|スポーツ|宿泊|その他	261000.0		13.41	
2015-05-05	9	10	7522	ワタミ	ご優待食事券6,000円分	食事・サービス・割引券	115000.0		11.67	
2015-05-05	9	11	7419	ノジマ	ご優待割引券　１0％割引	食事・サービス・割引券	224000.0		9.97	
2015-05-05	9	12	7819	ＳＨＯ−ＢＩ	限定ご優待商品3,000円相当	オリジナル・限定	40000.0		9.8	
2015-05-05	9	13	4680	ラウンドワン	ご利用割引券2,000円相当	娯楽・芸術	63000.0		9.44	
2015-05-05	9	14	3347	トラスト	Ｊネットレンタカーご利用割引券 、三菱ＵＦＪニコスギフトカード	食事・サービス・割引券|交通・旅行	37000.0		8.76	
2015-05-05	9	15	2131	アコーディア	ゴルフ場、ホテル、インドアゴルフの最大3,000円分優待券	スポーツ	121000.0		8.18	
2015-05-05	9	16	2058	ヒガシマル	自社製品3,000円相当	飲食料品	83000.0		8.16	
2015-05-05	9	17	5343	ニッコー	自社製品5,000円相当	その他	127000.0		7.87	
2015-05-05	9	18	7524	マルシェ	ご優待、ご優待品	食事・サービス・割引券	89000.0		7.83	
2015-05-05	9	19	7502	プラザクリエ	デジカメプリント券、年賀状印刷割引券	クオカード・ギフト券	37000.0		7.57	
2015-05-05	9	20	8005	スクロール	自社カタログ、掲載商品割引ポイント	食事・サービス・割引券	28000.0		6.99	
2015-05-05	10	1	4355	ロングライフＨＤ	老人ホーム、グループホームの入居一時金や入園金のご優待割引券	その他	34000.0		577.95	
2015-05-05	10	2	9444	トーシン	商品券、ゴルフ無料ラウンド	食事・サービス・割引券	58000.0		6.89	
2015-05-05	10	3	7640	トップカルチャ	TSUTAYA等でのご優待券、図書カード	クオカード・ギフト券	151000.0		4.96	
2015-05-05	10	4	1873	日本ハウスＨＤ	銀河高原ビール製造の小麦のビール缶　12本	飲食料品	552000.0		4.52	
2015-05-05	10	5	4666	パーク２４	ご優待割引券2,000円相当	食事・サービス・割引券	230000.0		3.03	
2015-05-05	10	6	3361	トーエル	自社商品1,500円相当	飲食料品	380000.0		2.76	
2015-05-05	10	7	6309	巴工業	自社関連ワイン1本	飲食料品	173000.0		2.6	
2015-05-05	10	8	8917	ファースト住建	自社商品　磁器製タンブラーペアセット	その他	143000.0		2.57	
2015-05-05	10	9	1766	東建コーポ	ご優待割引券3,000円分	食事・サービス・割引券	605000.0		2.47	
2015-05-05	10	10	9824	泉州電業	図書カード1,000円相当	クオカード・ギフト券	181000.0		2.42	
2015-05-05	10	11	3329	東和フード	ご優待食事券、自社製品詰合わせ	飲食料品	291000.0		2.06	
2015-05-05	10	12	9603	Ｈ．Ｉ．Ｓ．	ご優待券、ハウステンボス入場割引券	交通・旅行	402000.0		1.69	
2015-05-05	10	13	8079	正栄食	自社製品詰合わせ、通販カタログ掲載商品50％割引券	飲食料品	1050000.0		1.61	
2015-05-05	10	14	2830	アヲハタ	自社製品詰合せ1,000円相当	飲食料品	189000.0		1.2	
2015-05-05	10	15	9678	カナモト	オリジナル商品から贈呈3,000円相当	飲食料品	3515000.0		1.08	
2015-05-05	10	16	2923	サトウ食品	自社製品詰合せ1,000円相当	飲食料品	1450000.0		0.48	
2015-05-05	10	17	3318	メガネスーパ	ご優待割引券	食事・サービス・割引券	5000.0		0.0	
2015-05-05	10	18	7968	ＴＡＳＡＫＩ	ご優待割引券10％割引	食事・サービス・割引券	252000.0		0.0	
2015-05-05	11	1	2769	ヴィレッジＶ	お買い物券10,000円分	食事・サービス・割引券	142000.0		7.98	
2015-05-05	11	2	3244	サムティ	ご宿泊無料、割引券	宿泊	89000.0		5.8	
2015-05-05	11	3	4825	ＷＮＩウェザー	WITHist Clubへの無料入会	その他	347000.0		3.99	
2015-05-05	11	4	2698	キャンドゥ	ご優待券2,000円分	食事・サービス・割引券	153000.0		3.75	
2015-05-05	11	5	3022	山下医	クオカード500円相当	クオカード・ギフト券	176000.0		3.73	
2015-05-05	11	6	8887	リベレステ	ご宿泊ご優待券	宿泊	88000.0		3.38	
2015-05-05	11	7	5942	日フイルコン	ワイン1,000円相当品	飲食料品	51000.0		3.31	
2015-05-05	11	8	3230	スター・マイカ	クオカード、生活関連商品など	クオカード・ギフト券	146000.0		3.27	
2015-05-05	11	9	9837	モリト	オリジナルクオカード1,000円分	クオカード・ギフト券	103000.0		3.13	
2015-05-05	11	10	3089	テクノアルファ	クオカード1,000円相当	クオカード・ギフト券	150000.0		2.66	
2015-05-05	11	11	9924	ドミー	自社商品の詰合せ3,000円相当	飲食料品	499000.0		2.6	
2015-05-05	11	12	6985	ユーシン	クオカード1,000円相当	クオカード・ギフト券	77000.0		2.57	
2015-05-05	11	13	2796	ファーマライズＨＤ	メディカルアロマや医療用サプリメント	その他	60000.0		2.3	
2015-05-05	11	14	3160	大光	QUOカード、アミカ商品券	クオカード・ギフト券	89000.0		2.24	
2015-05-05	11	15	2734	サーラ	ご優待券1,000円相当	食事・サービス・割引券	296000.0		2.19	
2015-05-05	11	16	7501	ティムコ	ご優待割引券20％	食事・サービス・割引券	58000.0		2.04	
2015-05-05	11	17	7630	壱番屋	お食事券1,500円相当	食事・サービス・割引券	534000.0		1.87	
2015-05-05	11	18	3075	銚子丸	ご優待食事券2,500円相当	食事・サービス・割引券	429000.0		1.79	
2015-05-05	11	19	9369	キユソ流通	ジェフグルメカード1,000円相当	食事・サービス・割引券	167000.0		1.79	
2015-05-05	11	20	7594	マルカキカイ	グルメセット1,000円相当	飲食料品	205000.0		1.74	
2015-05-05	12	1	6071	ＩＢＪ	IBJメンバーズ（ﾌﾟﾚﾐｱｺｰｽ）入会初期費用100,000円割引券	食事・サービス・割引券	107000.0		94.36	
2015-05-05	12	2	4563	アンジェス	自社商品ご優待券10,000円相当	食事・サービス・割引券	22000.0		43.66	
2015-05-05	12	3	3807	フィスコ	IPO投資に関する情報が得られる「クラブフィスコ」のIPOナビ（リミテッド）　無料クーポン	その他	38000.0		34.35	
2015-05-05	12	4	3788	ＧＭＯクラウド	サービスご優待券5,000円相当など	食事・サービス・割引券	89000.0		20.07	
2015-05-05	12	5	9973	小僧寿し	ご優待割引券1,000円相当	食事・サービス・割引券	10000.0		18.69	
2015-05-05	12	6	9449	ＧＭＯ	サービス利用料の割引	その他	141000.0		18.15	
2015-05-05	12	7	9439	ＭＨグループ	ご優待券3,000円相当	食事・サービス・割引券	29000.0		11.03	
2015-05-05	12	8	3177	ありがとうＳ	「クラブフィスコ」のIPOナビ（リミテッド）　無料クーポン	その他	240000.0		8.81	
2015-05-05	12	9	6078	バリューＨＲ	初年度年会無料、健康関連サービスに使用できるポイント	その他	148000.0		8.41	
2015-05-05	12	10	2762	三光ＭＦ	ご優待券、お米	クオカード・ギフト券	94000.0		8.01	
2015-05-05	12	11	2406	アルテＨＤ	ご優待券、オリジナルPB商品、近沢レース店の製品	オリジナル・限定	62000.0		6.43	
2015-05-05	12	12	5015	ＢＰカストロール	クオカード1,000円相当	クオカード・ギフト券	680000.0		6.09	
2015-05-05	12	13	3082	きちり	ご優待食事券、無洗米	クオカード・ギフト券	72000.0		5.49	
2015-05-05	12	14	8165	千趣会	お買物券1,000円相当	食事・サービス・割引券	85000.0		5.15	
2015-05-05	12	15	8304	あおぞら	商品券2,000円相当	クオカード・ギフト券	444000.0		5.06	
2015-05-05	12	16	4221	大倉工	オークラホテル丸亀ご宿泊ご優待券	宿泊	368000.0		5.02	
2015-05-05	12	17	4755	楽天	楽天グループクーポン、楽天ゴールデンイーグルスグッズ、野球観戦チケットご優待券	その他	208000.0		4.18	
2015-05-05	12	18	3325	ケンコーコム	割引券4,000円相当	クオカード・ギフト券	95000.0		4.18	
2015-05-05	12	19	3028	アルペン	関連施設でのご優待券2,000円相当	スポーツ	191000.0		4.18	
2015-05-05	12	20	3178	チムニー	ご優待食事券、自社オリジナル商品	飲食料品	300000.0		4.16	
2015-05-23	5	1	2792	ハニーズ	商品引換券1,000円相当	ファッション	10000.0		11.22	
2015-05-23	5	2	2722	アイケイ	鰹昆亭の和風だし3,000円相当	その他	102000.0		4.7	
2015-05-23	5	3	4825	ＷＮＩウェザー	WITHist Clubへの無料入会	その他	378000.0		3.66	
2015-05-23	5	4	7921	宝印刷	選べるギフトコース1,500円コース	その他	111000.0		3.51	
2015-05-23	5	5	8887	リベレステ	ご宿泊ご優待券	宿泊	90000.0		3.3	
2015-05-23	5	6	3022	山下医	クオカード500円相当	クオカード・ギフト券	203000.0		3.23	
2015-05-23	5	7	3230	スター・マイカ	クオカード、生活関連商品など	クオカード・ギフト券	152000.0		3.15	
2015-05-23	5	8	3669	モバクリ	大分県産の商品2,000円相当	飲食料品	82000.0		3.04	
2015-05-23	5	9	9837	モリト	オリジナルクオカード1,000円分	クオカード・ギフト券	107000.0		3.03	
2015-05-23	5	10	1377	サカタのタネ	サカタ友の会への年会費無料、花とみどりのギフト券	クオカード・ギフト券	215000.0		2.36	
2015-05-23	5	11	3201	ニッケ	ご優待割引券3,000円相当	クオカード・ギフト券	897000.0		2.34	
2015-05-23	5	12	3160	大光	QUOカード、アミカ商品券	クオカード・ギフト券	88000.0		2.25	
2015-05-23	5	13	9765	オオバ	お米券1㎏相当	クオカード・ギフト券	56000.0		2.11	
2015-05-23	5	14	3075	銚子丸	ご優待食事券2,500円相当	食事・サービス・割引券	407000.0		1.89	
2015-05-23	5	15	3148	クリエイトＳＤＨ	ご優待買物券1枚500円	クオカード・ギフト券	521000.0		1.88	
2015-05-23	5	16	7630	壱番屋	お食事券1,500円相当	食事・サービス・割引券	540000.0		1.85	
2015-05-23	5	17	8908	毎コムネット	全国のホテルや温泉旅行、ゴルフ場のご優待割引券	その他	117000.0		1.78	
2015-05-23	5	18	4465	ニイタカ	ジェフグルメカード、日本旅行ギフト旅行券	飲食料品	186000.0		1.61	
2015-05-23	5	19	7487	小津産業	トイレットペーパー詰合せ	その他	232000.0		1.37	
2015-05-23	5	20	3349	コスモス薬品	お買物券、お米券	クオカード・ギフト券	1655000.0		0.81	
2015-05-27	3	1	3167	ＴＯＫＡＩ　ＨＤ	飲料水宅配サービス関連商品など	飲食料品|食事・サービス・割引券|クオカード・ギフト券|その他	51000.0		399.22	
2015-05-27	3	2	7593	ＶＴＨＤ	レンタカー利用20%割引券5枚など	食事・サービス・割引券	66000.0		62.63	
2015-05-27	3	3	8107	キムラタン	オンラインストアご優待クーポンキー、ご優待券	食事・サービス・割引券	9000.0		55.55	
2015-05-27	3	4	3187	サンワカンパニー	ご優待割引券30,000円	食事・サービス・割引券	65000.0		45.96	
2015-05-27	3	5	1878	大東建	建築工事請負代金 キャッシュバック300,000円、賃貸仲介手数料無料券など	その他	1392000.0		45.92	
2015-05-27	3	6	7602	カーチスＨＤ	ご優待券 30,000円分	交通・旅行	68000.0		44.65	
2015-05-27	3	7	4765	モーニングスター	日刊「株式新聞web版」無料クーポン12,000円相当	その他	33000.0		37.57	
2015-05-27	3	8	4650	ＳＤエンター	施設ご優待券	飲食料品|娯楽・芸術|スポーツ	70000.0		26.33	
2015-05-27	3	9	3598	山喜	自社直営店のお買物券2,000円相当	クオカード・ギフト券	21000.0		20.65	
2015-05-27	3	10	2453	ＪＢＲ	キッザニア(東京甲子園)スポンサーイベントデイ招待券	その他	26000.0		20.0	
2015-05-27	3	11	2656	ベクター	オンラインゲーム10,000円相当のポイント	娯楽・芸術	60000.0		16.58	
2015-05-27	3	12	3205	ダイドー	ご優待製品5,800円相当	ファッション	51000.0		14.14	
2015-05-27	3	13	5261	リソル	宿泊、ゴルフリゾート施設での商品券など	娯楽・芸術|スポーツ|宿泊|その他	282000.0		12.41	
2015-05-27	3	14	2928	健康ＣＰ	ご優待商品を贈呈	飲食料品	99000.0		12.16	
2015-05-27	3	15	7522	ワタミ	ご優待食事券6,000円分	食事・サービス・割引券	103000.0		11.63	
2015-05-27	3	16	6087	アビスト	アビストH＆F　浸みわたる水素水	飲食料品	145000.0		11.1	
2015-05-27	3	17	2666	オートウェーブ	ご優待買物券 900円相当	食事・サービス・割引券	16000.0		11.04	
2015-05-27	3	18	3347	トラスト	Ｊネットレンタカーご利用割引券 、三菱ＵＦＪニコスギフトカード	食事・サービス・割引券|交通・旅行	32000.0		10.06	
2015-05-27	3	19	4680	ラウンドワン	ご利用割引券2,000円相当	娯楽・芸術	59000.0		10.05	
2015-05-27	3	20	7215	ファルテック	クオカード1,000円相当	クオカード・ギフト券	158000.0		9.45	
2015-05-27	6	1	4563	アンジェス	自社商品ご優待券10,000円相当	食事・サービス・割引券	25000.0		38.76	
2015-05-27	6	2	3807	フィスコ	IPO投資に関する情報が得られる「クラブフィスコ」のIPOナビ（リミテッド）　無料クーポン	その他	38000.0		34.35	
2015-05-27	6	3	3788	ＧＭＯクラウド	サービスご優待券5,000円相当など	食事・サービス・割引券	89000.0		19.96	
2015-05-27	6	4	9973	小僧寿し	ご優待割引券1,000円相当	食事・サービス・割引券	11000.0		18.18	
2015-05-27	6	5	9449	ＧＭＯ	サービス利用料の割引	その他	142000.0		17.98	
2015-05-27	6	6	3177	ありがとうＳ	「クラブフィスコ」のIPOナビ（リミテッド）　無料クーポン	その他	241000.0		8.76	
2015-05-27	6	7	2762	三光ＭＦ	ご優待券、お米	クオカード・ギフト券	96000.0		7.85	
2015-05-27	6	8	2305	スタジオアリス	フレーム付き株主写真撮影券	クオカード・ギフト券	226000.0		6.83	
2015-05-27	6	9	3660	アイスタイル	割引券4,800円相当	食事・サービス・割引券	84000.0		5.66	
2015-05-27	6	10	8165	千趣会	お買物券1,000円相当	食事・サービス・割引券	86000.0		5.07	
2015-05-27	6	11	4221	大倉工	オークラホテル丸亀ご宿泊ご優待券	宿泊	365000.0		5.06	
2015-05-27	6	12	8304	あおぞら	商品券2,000円相当	クオカード・ギフト券	482000.0		4.75	
2015-05-27	6	13	3271	グロバル社	クオカード1,000円分	クオカード・ギフト券	59000.0		4.18	
2015-05-27	6	14	7989	立川ブライ	クオカード1,000円相当	クオカード・ギフト券	71000.0		4.18	
2015-05-27	6	15	3028	アルペン	関連施設でのご優待券2,000円相当	スポーツ	192000.0		4.15	
2015-05-27	6	16	3178	チムニー	ご優待食事券、自社オリジナル商品	飲食料品	313000.0		3.99	
2015-05-27	6	17	2499	日本和装	きものシミ抜き券、クオカード、VJAギフトカード	クオカード・ギフト券	26000.0		3.74	
2015-05-27	6	18	2702	マクドナルド	ご優待食事券3,400円相当	食事・サービス・割引券	266000.0		3.67	
2015-05-27	6	19	3319	ＧＤＯ	ゴルフクーポン券1,000円相当	食事・サービス・割引券	64000.0		3.47	
2015-05-27	6	20	2579	コカウエスト	自社商品1,800円相当	飲食料品	221000.0		3.47	
2015-06-23	4	1	4355	ロングライフＨＤ	老人ホーム、グループホームの入居一時金や入園金のご優待割引券	その他	34000.0		589.85	
2015-06-23	4	2	6630	ヤーマン	化粧品オンリーミネラルセット	その他	160000.0		8.47	
2015-06-23	4	3	9444	トーシン	商品券、ゴルフ無料ラウンド	食事・サービス・割引券	58000.0		6.52	
2015-06-23	4	4	2751	テンポス	お食事券、お買い物券	飲食料品	171000.0		5.02	
2015-06-23	4	5	2198	アイ・ケイ・ケイ	特選お菓子、ご優待食事券	飲食料品	62000.0		3.98	
2015-06-23	4	6	3843	ＦＢ	新規契約時、初期費用3,240円を無料でご提供など	その他	99000.0		3.95	
2015-06-23	4	7	3361	トーエル	自社商品1,500円相当	飲食料品	382000.0		2.74	
2015-06-23	4	8	8917	ファースト住建	自社商品　磁器製タンブラーペアセット	その他	144000.0		2.55	
2015-06-23	4	9	3329	東和フード	ご優待食事券、自社製品詰合わせ	飲食料品	308000.0		2.11	
2015-06-23	4	10	2593	伊藤園	自社製品詰合せ、通信販売品割引冊子	飲食料品	261000.0		2.1	
2015-06-23	4	11	2910	ロックフィルド	お惣菜券1,000円分	食事・サービス・割引券	268000.0		2.04	
2015-06-23	4	12	1766	東建コーポ	ご優待割引券3,000円分	食事・サービス・割引券	764000.0		1.96	
2015-06-23	4	13	9603	Ｈ．Ｉ．Ｓ．	ご優待券、ハウステンボス入場割引券	交通・旅行	417000.0		1.63	
2015-06-23	4	14	7605	フジコーポ	UFJニコスギフトカード5,000円相当	クオカード・ギフト券	947000.0		1.58	
2015-06-23	4	15	8079	正栄食	自社製品詰合わせ、通販カタログ掲載商品50％割引券	飲食料品	1250000.0		1.36	
2015-06-23	4	16	2438	アスカネット	ご優待割引券1枚/1,000円割引	その他	245000.0		1.14	
2015-06-23	4	17	2695	くら	お食事券 、自社商品詰合せ	飲食料品	397000.0		0.93	
2015-06-23	4	18	3318	メガネスーパ	ご優待割引券	食事・サービス・割引券	7000.0		0.0	
2015-06-23	4	19	7968	ＴＡＳＡＫＩ	ご優待割引券10％割引	食事・サービス・割引券	285000.0		0.0	
2015-06-23	4	20	2159	ＦＳ	グループ会社のサービスを無料提供	その他	58000.0		0.0	
2015-06-23	5	1	2792	ハニーズ	商品引換券1,000円相当	ファッション	9000.0		12.25	
2015-06-23	5	2	2722	アイケイ	鰹昆亭の和風だし3,000円相当	その他	89000.0		5.33	
2015-06-23	5	3	4825	ＷＮＩウェザー	WITHist Clubへの無料入会	その他	384000.0		3.61	
2015-06-23	5	4	3022	山下医	クオ・カード500円相当	クオカード・ギフト券	183000.0		3.58	
2015-06-23	5	5	8887	リベレステ	ご宿泊ご優待券	宿泊	85000.0		3.49	
2015-06-23	5	6	7921	宝印刷	選べるギフトコース1,500円コース	その他	114000.0		3.41	
2015-06-23	5	7	3669	モバクリ	大分県産の商品2,000円相当	飲食料品	78000.0		3.19	
2015-06-23	5	8	3230	スター・マイカ	クオ・カード、生活関連商品など	クオカード・ギフト券	151000.0		3.17	
2015-06-23	5	9	9837	モリト	オリジナルクオ・カード1,000円分	クオカード・ギフト券	105000.0		3.07	
2015-06-23	5	10	3160	大光	QUOカード、アミカ商品券	クオカード・ギフト券	80000.0		2.49	
2015-06-23	5	11	3201	ニッケ	ご優待割引券3,000円相当	クオカード・ギフト券	919000.0		2.28	
2015-06-23	5	12	9765	オオバ	お米券1㎏相当	クオカード・ギフト券	54000.0		2.21	
2015-06-23	5	13	1377	サカタのタネ	サカタ友の会への年会費無料、花とみどりのギフト券	クオカード・ギフト券	233000.0		2.18	
2015-06-23	5	14	7630	壱番屋	お食事券1,500円相当	食事・サービス・割引券	504000.0		1.98	
2015-06-23	5	15	8908	毎コムネット	全国のホテルや温泉旅行、ゴルフ場のご優待割引券	その他	108000.0		1.94	
2015-06-23	5	16	4465	ニイタカ	ジェフグルメカード、日本旅行ギフト旅行券	飲食料品	160000.0		1.86	
2015-06-23	5	17	3075	銚子丸	ご優待食事券2,500円相当	食事・サービス・割引券	419000.0		1.83	
2015-06-23	5	18	3148	クリエイトＳＤＨ	ご優待買物券1枚500円	クオカード・ギフト券	540000.0		1.81	
2015-06-23	5	19	7487	小津産業	トイレットペーパー詰合せ	その他	213000.0		1.5	
2015-06-23	5	20	3391	ツルハＨＤ	自社商品券、商品詰合せなど	クオカード・ギフト券	981000.0		1.15	
2015-06-27	3	1	3167	ＴＯＫＡＩ　ＨＤ	飲料水宅配サービス関連商品など	飲食料品|食事・サービス・割引券|クオカード・ギフト券|その他	51000.0		400.78	
2015-06-27	3	2	7593	ＶＴＨＤ	レンタカー利用20%割引券5枚など	食事・サービス・割引券	72000.0		57.5	
2015-06-27	3	3	8107	キムラタン	オンラインストアご優待クーポンキー、ご優待券	食事・サービス・割引券	9000.0		55.55	
2015-06-27	3	4	1878	大東建	建築工事請負代金 キャッシュバック300,000円、賃貸仲介手数料無料券など	その他	1273000.0		50.21	
2015-06-27	3	5	7602	カーチスＨＤ	ご優待券 30,000円分	交通・旅行	68000.0		44.46	
2015-06-27	3	6	4765	モーニングスター	日刊「株式新聞web版」無料クーポン12,000円相当	その他	34000.0		36.37	
2015-06-27	3	7	4650	ＳＤエンター	施設ご優待券	飲食料品|娯楽・芸術|スポーツ	68000.0		27.25	
2015-06-27	3	8	2453	ＪＢＲ	キッザニア(東京甲子園)スポンサーイベントデイ招待券	その他	25000.0		20.39	
2015-06-27	3	9	3598	山喜	自社直営店のお買物券2,000円相当	クオカード・ギフト券	22000.0		19.73	
2015-06-27	3	10	2928	健康ＣＰ	ご優待商品を贈呈	飲食料品	72000.0		16.77	
2015-06-27	3	11	2656	ベクター	オンラインゲーム10,000円相当のポイント	娯楽・芸術	60000.0		16.66	
2015-06-27	3	12	7419	ノジマ	ご優待割引券　１0％割引	食事・サービス・割引券	143000.0		15.98	
2015-06-27	3	13	3205	ダイドー	ご優待製品5,800円相当	ファッション	50000.0		14.37	
2015-06-27	3	14	7522	ワタミ	ご優待食事券6,000円分	食事・サービス・割引券	103000.0		11.63	
2015-06-27	3	15	6087	アビスト	アビストH＆F　浸みわたる水素水	飲食料品	145000.0		11.12	
2015-06-27	3	16	2666	オートウェーブ	ご優待買物券 900円相当	食事・サービス・割引券	16000.0		11.04	
2015-06-27	3	17	5261	リソル	宿泊、ゴルフリゾート施設での商品券など	娯楽・芸術|スポーツ|宿泊|その他	328000.0		10.67	
2015-06-27	3	18	3347	トラスト	Ｊネットレンタカーご利用割引券 、三菱ＵＦＪニコスギフトカード	食事・サービス・割引券|交通・旅行	30000.0		10.61	
2015-06-27	3	19	4680	ラウンドワン	ご利用割引券2,000円相当	娯楽・芸術	61000.0		9.83	
2015-06-27	3	20	7215	ファルテック	クオ・カード1,000円相当	クオカード・ギフト券	159000.0		9.43	
2015-06-27	6	1	4563	アンジェス	自社商品ご優待券10,000円相当	食事・サービス・割引券	28000.0		35.58	
2015-06-27	6	2	3807	フィスコ	IPO投資に関する情報が得られる「クラブフィスコ」のIPOナビ（リミテッド）　無料クーポン	その他	39000.0		34.0	
2015-06-27	6	3	7177	ＧＭＯクリック	キャッシュバックサービス、モウカレーうどん	飲食料品|食事・サービス・割引券	100000.0		24.67	
2015-06-27	6	4	3788	ＧＭＯクラウド	サービスご優待券5,000円相当など	食事・サービス・割引券	97000.0		18.37	
2015-06-27	6	5	9973	小僧寿し	ご優待割引券1,000円相当	食事・サービス・割引券	11000.0		18.18	
2015-06-27	6	6	9449	ＧＭＯ	サービス利用料の割引	その他	163000.0		15.68	
2015-06-27	6	7	3177	ありがとうＳ	「クラブフィスコ」のIPOナビ（リミテッド）　無料クーポン	その他	239000.0		8.84	
2015-06-27	6	8	2762	三光ＭＦ	ご優待券、お米	クオカード・ギフト券	94000.0		8.06	
2015-06-27	6	9	2305	スタジオアリス	フレーム付き株主写真撮影券	クオカード・ギフト券	213000.0		7.27	
2015-06-27	6	10	3053	ペッパー	ご優待券2,500円相当	食事・サービス・割引券	116000.0		5.99	
2015-06-27	6	11	8165	千趣会	お買物券1,000円相当	食事・サービス・割引券	84000.0		5.2	
2015-06-27	6	12	4221	大倉工	オークラホテル丸亀ご宿泊ご優待券	宿泊	360000.0		5.13	
2015-06-27	6	13	8304	あおぞら	商品券2,000円相当	クオカード・ギフト券	469000.0		4.88	
2015-06-27	6	14	3271	グロバル社	クオ・カード1,000円分	クオカード・ギフト券	54000.0		4.54	
2015-06-27	6	15	7989	立川ブライ	クオ・カード1,000円相当	クオカード・ギフト券	71000.0		4.17	
2015-06-27	6	16	3660	アイスタイル	割引券4,800円相当	食事・サービス・割引券	116000.0		4.12	
2015-06-27	6	17	3178	チムニー	ご優待食事券、自社オリジナル商品	飲食料品	307000.0		4.07	
2015-06-27	6	18	3028	アルペン	関連施設でのご優待券2,000円相当	スポーツ	197000.0		4.06	
2015-06-27	6	19	2702	マクドナルド	ご優待食事券3,400円相当	食事・サービス・割引券	262000.0		3.73	
2015-06-27	6	20	2579	コカウエスト	自社商品1,800円相当	飲食料品	216000.0		3.56	
2015-07-05	2	1	4645	市進ＨＤ	市進教育グループ受講券10,000円相当	その他	142000.0		10.52	
2015-07-05	2	2	8196	カスミ	関連店舗ご優待券、お米	クオカード・ギフト券	98000.0		7.54	
2015-07-05	2	3	7520	エコス	ご優待券、お米コシヒカリ	クオカード・ギフト券	103000.0		7.22	
2015-07-05	2	4	9876	コックス	ご優待券2,000円分	食事・サービス・割引券	28000.0		7.09	
2015-07-05	2	5	8175	ベスト電	ご優待割引券1枚/1,000円券	クオカード・ギフト券	85000.0		6.43	
2015-07-05	2	6	8274	東武ストア	ご優待券、図書カード	クオカード・ギフト券	327000.0		6.42	
2015-07-05	2	7	3073	ダイヤモンドＤ	お食事券、お米	クオカード・ギフト券	152000.0		6.02	
2015-07-05	2	8	9381	エーアイテイー	「古座川ゆず平井の里」、「那智黒総本舗」の詰合せ	飲食料品	117000.0		5.94	
2015-07-05	2	9	9861	吉野家ＨＤ	ご優待券3,000円分	食事・サービス・割引券	149000.0		5.35	
2015-07-05	2	10	8287	ＭＶ西日本	ご優待券5,000円分	食事・サービス・割引券	160000.0		5.3	
2015-07-05	2	11	7603	マックハウス	お買物券1,000円相当	クオカード・ギフト券	94000.0		5.29	
2015-07-05	2	12	7512	イオン北海	ご優待券2,500円相当	クオカード・ギフト券	66000.0		5.28	
2015-07-05	2	13	8171	ＭＶ中部	ご優待券、指定商品	食事・サービス・割引券	120000.0		5.14	
2015-07-05	2	14	2685	アダストリア	商品引換券2,000円相当	クオカード・ギフト券	53000.0		5.14	
2015-07-05	2	15	9778	昴	運営教室でのご優待券、青森産りんご	飲食料品	431000.0		5.1	
2015-07-05	2	16	7818	トランザクション	ご優待商品3,000円相当	その他	145000.0		5.01	
2015-07-05	2	17	8519	ポケットＣ	クオ・カード、ポケットポイント	その他	56000.0		5.0	
2015-07-05	2	18	8198	ＭＶ東海	ご優待券5,000円相当	飲食料品	177000.0		4.83	
2015-07-05	2	19	3063	ｊＧｒｏｕｐ	ご優待食事券、グループ商品	食事・サービス・割引券	89000.0		4.75	
2015-07-05	2	20	3171	ＭＶ九州	ご優待券、寒製島原手延べ素麺、調味料ギフトセット	クオカード・ギフト券	190000.0		4.63	
2015-07-05	9	1	3167	ＴＯＫＡＩ　ＨＤ	飲料水宅配サービス関連商品など	飲食料品|食事・サービス・割引券|クオカード・ギフト券|その他	49000.0		410.42	
2015-07-05	9	2	1878	大東建	建築工事請負代金 キャッシュバック300,000円、賃貸仲介手数料無料券など	その他	1265000.0		50.55	
2015-07-05	9	3	4650	ＳＤエンター	施設ご優待券	飲食料品|娯楽・芸術|スポーツ	68000.0		27.33	
2015-07-05	9	4	4346	ＮＥＸＹＺ．	DNA検査「体質型遺伝子チェック」を半額にて提供	その他	75000.0		22.44	
2015-07-05	9	5	2453	ＪＢＲ	キッザニア(東京甲子園)スポンサーイベントデイ招待券	その他	25000.0		20.63	
2015-07-05	9	6	3598	山喜	自社直営店のお買物券2,000円相当	クオカード・ギフト券	24000.0		17.74	
2015-07-05	9	7	2928	健康ＣＰ	ご優待商品を贈呈	飲食料品	69000.0		17.52	
2015-07-05	9	8	7419	ノジマ	ご優待割引券　１0％割引	食事・サービス・割引券	157000.0		13.65	
2015-07-05	9	9	2666	オートウェーブ	ご優待買物券 900円相当	食事・サービス・割引券	15000.0		11.76	
2015-07-05	9	10	7522	ワタミ	ご優待食事券6,000円分	食事・サービス・割引券	102000.0		11.68	
2015-07-05	9	11	5261	リソル	宿泊、ゴルフリゾート施設での商品券など	娯楽・芸術|スポーツ|宿泊|その他	316000.0		11.07	
2015-07-05	9	12	3347	トラスト	Ｊネットレンタカーご利用割引券 、三菱ＵＦＪニコスギフトカード	食事・サービス・割引券|交通・旅行	30000.0		10.78	
2015-07-05	9	13	4680	ラウンドワン	ご利用割引券2,000円相当	娯楽・芸術	58000.0		10.18	
2015-07-05	9	14	7819	ＳＨＯ−ＢＩ	限定ご優待商品3,000円相当	オリジナル・限定	41000.0		9.61	
2015-07-05	9	15	7215	ファルテック	クオ・カード1,000円相当	クオカード・ギフト券	156000.0		9.59	
2015-07-05	9	16	2058	ヒガシマル	自社製品3,000円相当	飲食料品	83000.0		8.24	
2015-07-05	9	17	7524	マルシェ	ご優待、ご優待品	食事・サービス・割引券	89000.0		8.03	
2015-07-05	9	18	9856	ケーユーＨＤ	クオ・カード	クオカード・ギフト券	76000.0		7.89	
2015-07-05	9	19	7502	プラザクリエ	デジカメプリント券、年賀状印刷割引券	クオカード・ギフト券	35000.0		7.69	
2015-07-05	9	20	5343	ニッコー	自社製品5,000円相当	その他	130000.0		7.69	
2015-07-05	12	1	6071	ＩＢＪ	IBJメンバーズ（ﾌﾟﾚﾐｱｺｰｽ）入会初期費用100,000円割引券	食事・サービス・割引券	176000.0		57.52	
2015-07-05	12	2	4563	アンジェス	自社商品ご優待券10,000円相当	食事・サービス・割引券	28000.0		35.58	
2015-07-05	12	3	3807	フィスコ	IPO投資に関する情報が得られる「クラブフィスコ」のIPOナビ（リミテッド）　無料クーポン	その他	37000.0		34.98	
2015-07-05	12	4	3788	ＧＭＯクラウド	サービスご優待券5,000円相当など	食事・サービス・割引券	96000.0		18.6	
2015-07-05	12	5	9973	小僧寿し	ご優待割引券1,000円相当	食事・サービス・割引券	10000.0		18.51	
2015-07-05	12	6	9449	ＧＭＯ	サービス利用料の割引	その他	177000.0		14.47	
2015-07-05	12	7	9439	ＭＨグループ	ご優待券3,000円相当	食事・サービス・割引券	30000.0		10.96	
2015-07-05	12	8	3177	ありがとうＳ	「クラブフィスコ」のIPOナビ（リミテッド）　無料クーポン	その他	238000.0		8.85	
2015-07-05	12	9	2762	三光ＭＦ	ご優待券、お米	クオカード・ギフト券	94000.0		8.07	
2015-07-05	12	10	6078	バリューＨＲ	初年度年会無料、健康関連サービスに使用できるポイント	その他	165000.0		7.56	
2015-07-05	12	11	5015	ＢＰカストロール	クオ・カード1,000円相当	クオカード・ギフト券	656000.0		6.32	
2015-07-05	12	12	2406	アルテＨＤ	ご優待券、オリジナルPB商品、近沢レース店の製品	オリジナル・限定	65000.0		6.15	
2015-07-05	12	13	3082	きちり	ご優待食事券、無洗米	クオカード・ギフト券	72000.0		5.55	
2015-07-05	12	14	4221	大倉工	オークラホテル丸亀ご宿泊ご優待券	宿泊	348000.0		5.31	
2015-07-05	12	15	8165	千趣会	お買物券1,000円相当	食事・サービス・割引券	86000.0		5.09	
2015-07-05	12	16	8304	あおぞら	商品券2,000円相当	クオカード・ギフト券	476000.0		4.81	
2015-07-05	12	17	3053	ペッパー	ご優待券2,500円相当	食事・サービス・割引券	120000.0		4.69	
2015-07-05	12	18	4755	楽天	楽天グループクーポン、楽天ゴールデンイーグルスグッズ、野球観戦チケットご優待券	その他	204000.0		4.27	
2015-07-05	12	19	7989	立川ブライ	クオ・カード1,000円相当	クオカード・ギフト券	71000.0		4.21	
2015-07-05	12	20	3325	ケンコーコム	割引券4,000円相当	クオカード・ギフト券	95000.0		4.18	
2015-07-06	1	1	4334	ユークス	自社製品3,000円相当	娯楽・芸術	67000.0		5.95	
2015-07-06	1	2	3320	クロスプラス	オンラインショップでのクーポン券3,000円相当	ファッション	76000.0		5.9	
2015-07-06	1	3	9829	ながの東	東急百貨店各店舗でのご優待券10％割引	食事・サービス・割引券	236000.0		5.5	
2015-07-06	1	4	3071	ストリーム	ストリーム運営サイト「ECカレント」でのご優待割引	クオカード・ギフト券	18000.0		5.31	
2015-07-06	1	5	8142	トーホー	お買物割引券、非売品の自社製品、自社セレクト製品	食事・サービス・割引券	504000.0		3.96	
2015-07-06	1	6	4924	ＤＲ．シーラボ	アクアコラーゲンゲルなど	その他	458000.0		3.95	
2015-07-06	1	7	4358	ＴＹＯ	クオ・カード1,000円相当	クオカード・ギフト券	101000.0		3.94	
2015-07-06	1	8	3246	コーセーＲＥ	クオ・カード1,000円相当	クオカード・ギフト券	77000.0		3.87	
2015-07-06	1	9	7614	オーエムツー	お食事券3,000円相当	食事・サービス・割引券	147000.0		3.66	
2015-07-06	1	10	7590	タカショー	タカショーカタログ内でのご優待、オリジナルカレンダー、イベント紹介	オリジナル・限定	53000.0		3.2	
2015-07-06	1	11	7878	光彩工芸	限定オリジナルジュエリー	オリジナル・限定	248000.0		2.82	
2015-07-06	1	12	6654	不二電機工業	クオ・カード500円相当	クオカード・ギフト券	152000.0		2.63	
2015-07-06	1	13	1928	積水ハウス	魚沼産コシヒカリ 5㎏	クオカード・ギフト券	2001000.0		2.46	
2015-07-06	1	14	6387	サムコ	クオ・カード1,000円相当	クオカード・ギフト券	119000.0		2.34	
2015-07-06	1	15	9632	スバル興	有楽町スバル座でのご優待カード	娯楽・芸術	434000.0		2.3	
2015-07-06	1	16	2590	ＤｙＤｏ	自社製品詰合せ3,000円相当	飲食料品	532000.0		2.25	
2015-07-06	1	17	3421	稲葉製作	オリジナル図書カード、地域特産品	飲食料品	151000.0		1.98	
2015-07-06	1	18	8842	楽天地	ご優待券、映画ご招待券	娯楽・芸術	509000.0		1.17	
2015-07-06	1	19	9681	東京ドーム	野球株主証、東京ドームシティアトラクションズ乗物券、スパラクーア入館券	娯楽・芸術	521000.0		1.15	
2015-07-06	1	20	3658	イーブック	eBook図書券 1,080円相当	クオカード・ギフト券	99000.0		1.09	
2015-07-06	7	1	9829	ながの東	東急百貨店各店舗でのご優待券10％割引	食事・サービス・割引券	236000.0		5.5	
2015-07-06	7	2	8142	トーホー	お買物割引券、非売品の自社製品、自社セレクト製品	食事・サービス・割引券	504000.0		3.96	
2015-07-06	7	3	7614	オーエムツー	お食事券3,000円相当	食事・サービス・割引券	147000.0		3.66	
2015-07-06	7	4	7590	タカショー	タカショーカタログ内でのご優待、オリジナルカレンダー、イベント紹介	オリジナル・限定	53000.0		3.2	
2015-07-06	7	5	3172	ティーライフ	ご優待券1,000円分	食事・サービス・割引券	111000.0		3.14	
2015-07-06	7	6	6654	不二電機工業	クオ・カード500円相当	クオカード・ギフト券	152000.0		2.63	
2015-07-06	7	7	3159	丸善ＣＨＩ	丸善、ジュンク堂書店での商品券1,000円相当	クオカード・ギフト券	40000.0		2.48	
2015-07-06	7	8	9632	スバル興	有楽町スバル座でのご優待カード	娯楽・芸術	434000.0		2.3	
2015-07-06	7	9	2590	ＤｙＤｏ	自社製品詰合せ3,000円相当	飲食料品	532000.0		2.25	
2015-07-06	7	10	7850	総合商研	北海道特産品3,000円相当など	飲食料品	877000.0		2.05	
2015-07-06	7	11	3421	稲葉製作	オリジナル図書カード、地域特産品	飲食料品	151000.0		1.98	
2015-07-06	7	12	2353	日駐	時間貸し駐車場ご優待券、スキー場リフト券	娯楽・芸術	18000.0		1.5	
2015-07-06	7	13	8842	楽天地	ご優待券、映画ご招待券	娯楽・芸術	509000.0		1.17	
2015-07-06	7	14	2217	モロゾフ	オンラインショップでのご優待割引	食事・サービス・割引券	396000.0		1.01	
2015-07-06	7	15	9637	オーエス	映画館ご優待、梅田OSホテルご宿泊割引券、ご飲食割引券	娯楽・芸術	716000.0		0.69	
2015-07-06	7	16	3193	鳥貴族	お食事券3,000円相当	飲食料品	888000.0		0.39	
2015-07-06	7	17	9636	きんえい	各劇場共通ご招待券	娯楽・芸術	239000.0		0.31	
2015-07-06	8	1	8196	カスミ	関連店舗ご優待券、お米	クオカード・ギフト券	98000.0		7.54	
2015-07-06	8	2	7520	エコス	ご優待券、お米コシヒカリ	クオカード・ギフト券	103000.0		7.22	
2015-07-06	8	3	8274	東武ストア	ご優待券、図書カード	クオカード・ギフト券	327000.0		6.42	
2015-07-06	8	4	8127	ヤマトインター	自社製品1,000円相当	ファッション	42000.0		6.08	
2015-07-06	8	5	9861	吉野家ＨＤ	ご優待券3,000円分	食事・サービス・割引券	149000.0		5.35	
2015-07-06	8	6	9778	昴	運営教室でのご優待券、青森産りんご	飲食料品	431000.0		5.1	
2015-07-06	8	7	7818	トランザクション	ご優待商品3,000円相当	その他	145000.0		5.01	
2015-07-06	8	8	8519	ポケットＣ	クオ・カード、ポケットポイント	その他	56000.0		5.0	
2015-07-06	8	9	3063	ｊＧｒｏｕｐ	ご優待食事券、グループ商品	食事・サービス・割引券	89000.0		4.75	
2015-07-06	8	10	3174	ハピネス＆Ｄ	ご優待券、限定オリジナル商品、割引券	オリジナル・限定|食事・サービス・割引券	97000.0		4.6	
2015-07-06	8	11	7445	ライトオン	自社の経営する全店舗（オンラインショップ除く）で利用できる優待券（1,000円券）	食事・サービス・割引券	99000.0		4.5	
2015-07-06	8	12	3344	ワンダーＣｏ．	ご優待買物券、ご優待商品をカタログより贈呈	食事・サービス・割引券|クオカード・ギフト券|その他	104000.0		4.3	
2015-07-06	8	13	7421	カッパクリＨＤ	お食事券2,500円相当	食事・サービス・割引券	116000.0		4.3	
2015-07-06	8	14	4745	東京個別	自社運営の教室にて通常授業料・受講費の割引　1000円相当分から	その他	65000.0		4.28	
2015-07-06	8	15	9993	ヤマザワ	ご優待買物券、山形県産特別栽培米	クオカード・ギフト券	174000.0		4.18	
2015-07-06	8	16	9979	大庄	ご優待飲食券、産地直送の特産品	飲食料品	153000.0		4.18	
2015-07-06	8	17	4668	明光ネット	クオ・カード3,000円分	クオカード・ギフト券	148000.0		4.16	
2015-07-06	8	18	3333	あさひ	ご優待券2,000円分相当	食事・サービス・割引券	131000.0		3.96	
2015-07-06	8	19	7601	ポプラ	お買物券1,000円分	食事・サービス・割引券	54000.0		3.64	
2015-07-06	8	20	2798	Ｙ’ｓ	ご優待券5,000円相当	食事・サービス・割引券	277000.0		3.6	
2015-07-06	10	1	4355	ロングライフＨＤ	老人ホーム、グループホームの入居一時金や入園金のご優待割引券	その他	34000.0		581.3	
2015-07-06	10	2	9444	トーシン	商品券、ゴルフ無料ラウンド	食事・サービス・割引券	57000.0		6.56	
2015-07-06	10	3	7640	トップカルチャ	TSUTAYA等でのご優待券、図書カード	クオカード・ギフト券	157000.0		4.75	
2015-07-06	10	4	1873	日本ハウスＨＤ	銀河高原ビール製造の小麦のビール缶　12本	飲食料品	591000.0		4.23	
2015-07-06	10	5	4666	パーク２４	ご優待割引券2,000円相当	食事・サービス・割引券	213000.0		3.28	
2015-07-06	10	6	3361	トーエル	自社商品1,500円相当	飲食料品	371000.0		2.82	
2015-07-06	10	7	6309	巴工業	自社関連ワイン1本	飲食料品	167000.0		2.68	
2015-07-06	10	8	8917	ファースト住建	自社商品　磁器製タンブラーペアセット	その他	141000.0		2.6	
2015-07-06	10	9	3329	東和フード	ご優待食事券、自社製品詰合わせ	飲食料品	307000.0		2.11	
2015-07-06	10	10	9824	泉州電業	図書カード1,000円相当	クオカード・ギフト券	213000.0		2.06	
2015-07-06	10	11	1766	東建コーポ	ご優待割引券3,000円分	食事・サービス・割引券	792000.0		1.89	
2015-07-06	10	12	9603	Ｈ．Ｉ．Ｓ．	ご優待券、ハウステンボス入場割引券	交通・旅行	414000.0		1.64	
2015-07-06	10	13	8079	正栄食	自社製品詰合わせ、通販カタログ掲載商品50％割引券	飲食料品	1336000.0		1.27	
2015-07-06	10	14	9678	カナモト	オリジナル商品から贈呈3,000円相当	飲食料品	3130000.0		1.21	
2015-07-06	10	15	7959	オリバー	自社カタログ商品50％割引券	オリジナル・限定	1521000.0		1.18	
2015-07-06	10	16	2830	アヲハタ	自社製品詰合せ1,000円相当	飲食料品	236000.0		0.96	
2015-07-06	10	17	2923	サトウ食品	自社製品詰合せ1,000円相当	飲食料品	1590000.0		0.75	
2015-07-06	10	18	3318	メガネスーパ	ご優待割引券	食事・サービス・割引券	7000.0		0.0	
2015-07-06	10	19	7968	ＴＡＳＡＫＩ	ご優待割引券10％割引	食事・サービス・割引券	284000.0		0.0	
2015-07-06	11	1	2769	ヴィレッジＶ	お買い物券10,000円分	食事・サービス・割引券	149000.0		7.61	
2015-07-06	11	2	3244	サムティ	ご宿泊無料、割引券	宿泊	96000.0		5.39	
2015-07-06	11	3	4825	ＷＮＩウェザー	WITHist Clubへの無料入会	その他	422000.0		4.23	
2015-07-06	11	4	2698	キャンドゥ	ご優待券2,000円分	食事・サービス・割引券	154000.0		3.72	
2015-07-06	11	5	3022	山下医	クオ・カード500円相当	クオカード・ギフト券	183000.0		3.59	
2015-07-06	11	6	8887	リベレステ	ご宿泊ご優待券	宿泊	84000.0		3.53	
2015-07-06	11	7	3230	スター・マイカ	クオ・カード、生活関連商品など	クオカード・ギフト券	146000.0		3.26	
2015-07-06	11	8	9837	モリト	オリジナルクオ・カード1,000円分	クオカード・ギフト券	103000.0		3.15	
2015-07-06	11	9	5942	日フイルコン	ワイン1,000円相当品	飲食料品	55000.0		3.09	
2015-07-06	11	10	9872	北恵	カタログギフト3,000円相当	食事・サービス・割引券	575000.0		2.95	
2015-07-06	11	11	6985	ユーシン	クオ・カード1,000円相当	クオカード・ギフト券	74000.0		2.7	
2015-07-06	11	12	3089	テクノアルファ	クオ・カード1,000円相当	クオカード・ギフト券	152000.0		2.62	
2015-07-06	11	13	9924	ドミー	自社商品の詰合せ3,000円相当	飲食料品	499000.0		2.6	
2015-07-06	11	14	3160	大光	クオ・カード、アミカ商品券	クオカード・ギフト券	82000.0		2.42	
2015-07-06	11	15	2796	ファーマライズＨＤ	メディカルアロマや医療用サプリメント	その他	58000.0		2.41	
2015-07-06	11	16	2734	サーラ	ご優待券1,000円相当	食事・サービス・割引券	304000.0		2.13	
2015-07-06	11	17	7501	ティムコ	ご優待割引券20％	食事・サービス・割引券	58000.0		2.06	
2015-07-06	11	18	7630	壱番屋	お食事券1,500円相当	食事・サービス・割引券	515000.0		1.94	
2015-07-06	11	19	4465	ニイタカ	ジェフグルメカード、日本旅行ギフト旅行券	飲食料品	156000.0		1.91	
2015-07-06	11	20	3075	銚子丸	ご優待食事券2,500円相当	食事・サービス・割引券	412000.0		1.86	
2015-07-25	5	1	2792	ハニーズ	商品引換券1,000円相当	ファッション	10000.0		11.67	
2015-07-25	5	2	9855	くろがや	自社商品買物券2,000円分	食事・サービス・割引券	39000.0		8.06	
2015-07-25	5	3	2722	アイケイ	鰹昆亭の和風だし3,000円相当	その他	89000.0		5.35	
2015-07-25	5	4	8887	リベレステ	ご宿泊ご優待券	宿泊	79000.0		5.01	
2015-07-25	5	5	4825	ＷＮＩウェザー	WITHist Clubへの無料入会	その他	441000.0		4.05	
2015-07-25	5	6	7921	宝印刷	選べるギフトコース1,500円コース	その他	124000.0		4.01	
2015-07-25	5	7	3669	モバクリ	大分県産の商品2,000円相当	飲食料品	66000.0		3.75	
2015-07-25	5	8	9765	オオバ	全国共通おこめ券　1㎏分	クオカード・ギフト券	47000.0		3.6	
2015-07-25	5	9	3230	スター・マイカ	クオ・カード、生活関連商品など	クオカード・ギフト券	138000.0		3.45	
2015-07-25	5	10	9837	モリト	オリジナルクオ・カード1,000円分	クオカード・ギフト券	104000.0		3.1	
2015-07-25	5	11	3022	山下医	クオ・カード500円相当	クオカード・ギフト券	180000.0		2.94	
2015-07-25	5	12	8908	毎コムネット	全国のホテルや温泉旅行、ゴルフ場のご優待割引券	その他	109000.0		2.54	
2015-07-25	5	13	7630	壱番屋	お食事券1,500円相当	食事・サービス・割引券	514000.0		2.52	
2015-07-25	5	14	1377	サカタのタネ	サカタ友の会への年会費無料、花とみどりのギフト券	クオカード・ギフト券	224000.0		2.4	
2015-07-25	5	15	3160	大光	クオ・カード、アミカ商品券	クオカード・ギフト券	84000.0		2.38	
2015-07-25	5	16	3201	ニッケ	ご優待割引券3,000円相当	クオカード・ギフト券	964000.0		2.17	
2015-07-25	5	17	4465	ニイタカ	ジェフグルメカード、日本旅行ギフト旅行券	飲食料品	150000.0		2.06	
2015-07-25	5	18	3075	銚子丸	ご優待食事券2,500円相当	食事・サービス・割引券	420000.0		1.83	
2015-07-25	5	19	7487	小津産業	トイレットペーパー詰合せ	その他	211000.0		1.65	
2015-07-25	5	20	3148	クリエイトＳＤＨ	ご優待買物券1枚500円	クオカード・ギフト券	760000.0		1.38	
2015-07-28	3	1	3167	ＴＯＫＡＩ　ＨＤ	飲料水宅配サービス関連商品など	飲食料品|食事・サービス・割引券|クオカード・ギフト券|その他	51000.0		397.67	
2015-07-28	3	2	8107	キムラタン	オンラインストアご優待クーポンキー、ご優待券	食事・サービス・割引券	9000.0		55.55	
2015-07-28	3	3	7593	ＶＴＨＤ	レンタカー利用20%割引券5枚など	食事・サービス・割引券	77000.0		53.35	
2015-07-28	3	4	1878	大東建	建築工事請負代金 キャッシュバック300,000円、賃貸仲介手数料無料券など	その他	1282000.0		49.88	
2015-07-28	3	5	7602	カーチスＨＤ	ご優待券 30,000円分	交通・旅行	68000.0		44.52	
2015-07-28	3	6	4765	モーニングスター	日刊「株式新聞web版」無料クーポン12,000円相当	その他	33000.0		37.91	
2015-07-28	3	7	4650	ＳＤエンター	施設ご優待券	飲食料品|娯楽・芸術|スポーツ	67000.0		27.53	
2015-07-28	3	8	2453	ＪＢＲ	キッザニア(東京甲子園)スポンサーイベントデイ招待券	その他	24000.0		20.88	
2015-07-28	3	9	2928	健康ＣＰ	ご優待商品を贈呈	飲食料品	63000.0		19.12	
2015-07-28	3	10	2656	ベクター	オンラインゲーム10,000円相当のポイント	娯楽・芸術	52000.0		19.12	
2015-07-28	3	11	3598	山喜	自社直営店のお買物券2,000円相当	クオカード・ギフト券	23000.0		18.96	
2015-07-28	3	12	7419	ノジマ	ご優待割引券　１0％割引	食事・サービス・割引券	135000.0		15.9	
2015-07-28	3	13	3205	ダイドー	ご優待製品5,800円相当	ファッション	51000.0		14.31	
2015-07-28	3	14	2666	オートウェーブ	ご優待買物券 900円相当	食事・サービス・割引券	14000.0		12.85	
2015-07-28	3	15	7522	ワタミ	ご優待食事券6,000円分	食事・サービス・割引券	101000.0		11.83	
2015-07-28	3	16	5261	リソル	宿泊、ゴルフリゾート施設での商品券など	娯楽・芸術|スポーツ|宿泊|その他	328000.0		10.67	
2015-07-28	3	17	6087	アビスト	アビストH＆F　浸みわたる水素水	飲食料品	153000.0		10.58	
2015-07-28	3	18	7215	ファルテック	クオ・カード1,000円相当	クオカード・ギフト券	150000.0		9.94	
2015-07-28	3	19	4680	ラウンドワン	ご利用割引券2,000円相当	娯楽・芸術	60000.0		9.86	
2015-07-28	3	20	3347	トラスト	Ｊネットレンタカーご利用割引券 、三菱ＵＦＪニコスギフトカード	食事・サービス・割引券|交通・旅行	34000.0		9.64	
2015-07-28	6	1	4563	アンジェス	自社商品ご優待券10,000円相当	食事・サービス・割引券	26000.0		38.02	
2015-07-28	6	2	3807	フィスコ	IPO投資に関する情報が得られる「クラブフィスコ」のIPOナビ（リミテッド）　無料クーポン	その他	38000.0		34.17	
2015-07-28	6	3	7177	ＧＭＯクリック	キャッシュバックサービス、モウカレーうどん	飲食料品	99000.0		24.95	
2015-07-28	6	4	3788	ＧＭＯクラウド	サービスご優待券5,000円相当など	食事・サービス・割引券	94000.0		18.93	
2015-07-28	6	5	9973	小僧寿し	ご優待割引券1,000円相当	食事・サービス・割引券	10000.0		18.51	
2015-07-28	6	6	9449	ＧＭＯ	サービス利用料の割引	その他	184000.0		13.92	
2015-07-28	6	7	2762	三光ＭＦ	ご優待券、お米	クオカード・ギフト券	94000.0		8.07	
2015-07-28	6	8	3177	ありがとうＳ	「クラブフィスコ」のIPOナビ（リミテッド）　無料クーポン	その他	264000.0		8.01	
2015-07-28	6	9	2305	スタジオアリス	フレーム付き株主写真撮影券	クオカード・ギフト券	221000.0		6.98	
2015-07-28	6	10	4221	大倉工	オークラホテル丸亀ご宿泊ご優待券	宿泊	327000.0		5.65	
2015-07-28	6	11	8165	千趣会	お買物券1,000円相当	食事・サービス・割引券	81000.0		5.41	
2015-07-28	6	12	3271	グロバル社	クオ・カード1,000円分	クオカード・ギフト券	48000.0		5.12	
2015-07-28	6	13	8304	あおぞら	商品券2,000円相当	クオカード・ギフト券	467000.0		4.9	
2015-07-28	6	14	3053	ペッパー	ご優待券2,500円相当	食事・サービス・割引券	131000.0		4.3	
2015-07-28	6	15	3028	アルペン	関連施設でのご優待券2,000円相当	スポーツ	194000.0		4.1	
2015-07-28	6	16	8928	穴吹興産	オリジナル特選ギフト券3,000円相当	クオカード・ギフト券	232000.0		3.87	
2015-07-28	6	17	3660	アイスタイル	割引券4,800円相当	食事・サービス・割引券	124000.0		3.85	
2015-07-28	6	18	3178	チムニー	ご優待食事券、自社オリジナル商品	飲食料品	330000.0		3.78	
2015-07-28	6	19	2702	マクドナルド	ご優待食事券3,400円相当	食事・サービス・割引券	261000.0		3.75	
2015-07-28	6	20	2499	日本和装	きものシミ抜き券、クオ・カード、VJAギフトカード	クオカード・ギフト券	28000.0		3.57	
2015-08-06	1	1	3320	クロスプラス	オンラインショップでのクーポン券3,000円相当	ファッション	74000.0		6.02	
2015-08-06	1	2	4924	ＤＲ．シーラボ	アクアコラーゲンゲルなど	その他	239000.0		5.87	
2015-08-06	1	3	4334	ユークス	自社製品3,000円相当	娯楽・芸術	70000.0		5.69	
2015-08-06	1	4	9829	ながの東	東急百貨店各店舗でのご優待券10％割引	食事・サービス・割引券	235000.0		5.53	
2015-08-06	1	5	3071	ストリーム	ストリーム運営サイト「ECカレント」でのご優待割引	クオカード・ギフト券	19000.0		5.07	
2015-08-06	1	6	4358	ＴＹＯ	クオ・カード1,000円相当	クオカード・ギフト券	99000.0		4.02	
2015-08-06	1	7	7614	オーエムツー	お食事券3,000円相当	食事・サービス・割引券	138000.0		3.89	
2015-08-06	1	8	3246	コーセーＲＥ	クオ・カード1,000円相当	クオカード・ギフト券	79000.0		3.77	
2015-08-06	1	9	7590	タカショー	タカショーカタログ内でのご優待、オリジナルカレンダー、イベント紹介	オリジナル・限定	51000.0		3.32	
2015-08-06	1	10	7878	光彩工芸	限定オリジナルジュエリー	オリジナル・限定	239000.0		2.92	
2015-08-06	1	11	6654	不二電機工業	クオ・カード500円相当	クオカード・ギフト券	148000.0		2.69	
2015-08-06	1	12	1928	積水ハウス	魚沼産コシヒカリ 5㎏	クオカード・ギフト券	1909000.0		2.58	
2015-08-06	1	13	6387	サムコ	クオ・カード1,000円相当	クオカード・ギフト券	114000.0		2.43	
2015-08-06	1	14	8142	トーホー	お買物割引券、非売品の自社製品、自社セレクト製品	食事・サービス・割引券	2496000.0		2.4	
2015-08-06	1	15	9632	スバル興	有楽町スバル座でのご優待カード	娯楽・芸術	434000.0		2.3	
2015-08-06	1	16	2590	ＤｙＤｏ	自社製品詰合せ3,000円相当	飲食料品	531000.0		2.26	
2015-08-06	1	17	3421	稲葉製作	オリジナル図書カード、地域特産品	飲食料品	140000.0		2.13	
2015-08-06	1	18	3193	鳥貴族	お食事券3,000円相当	飲食料品	254000.0		1.35	
2015-08-06	1	19	8842	楽天地	ご優待券、映画ご招待券	娯楽・芸術	503000.0		1.19	
2015-08-06	1	20	3658	イーブック	eBook図書券 1,080円相当	クオカード・ギフト券	94000.0		1.14	
2015-08-06	8	1	7818	トランザクション	ご優待商品3,000円相当	その他	62000.0		10.7	
2015-08-06	8	2	8274	東武ストア	ご優待券、図書カード	クオカード・ギフト券	337000.0		6.23	
2015-08-06	8	3	7520	エコス	ご優待券、お米コシヒカリ	クオカード・ギフト券	125000.0		5.95	
2015-08-06	8	4	8127	ヤマトインター	自社製品1,000円相当	ファッション	44000.0		5.9	
2015-08-06	8	5	9861	吉野家ＨＤ	ご優待券3,000円分	食事・サービス・割引券	150000.0		5.31	
2015-08-06	8	6	9778	昴	運営教室でのご優待券、青森産りんご	飲食料品	424000.0		5.18	
2015-08-06	8	7	3174	ハピネス＆Ｄ	ご優待券、限定オリジナル商品、割引券	オリジナル・限定|食事・サービス・割引券	99000.0		4.52	
2015-08-06	8	8	3063	ｊＧｒｏｕｐ	ご優待食事券、グループ商品	食事・サービス・割引券	96000.0		4.42	
2015-08-06	8	9	4668	明光ネット	クオ・カード3,000円分	クオカード・ギフト券	140000.0		4.4	
2015-08-06	8	10	8519	ポケットＣ	クオ・カード、ポケットポイント	その他	64000.0		4.37	
2015-08-06	8	11	3344	ワンダーＣｏ．	ご優待買物券、ご優待商品をカタログより贈呈	食事・サービス・割引券|クオカード・ギフト券|その他	104000.0		4.32	
2015-08-06	8	12	7445	ライトオン	自社の経営する全店舗（オンラインショップ除く）で利用できる優待券（1,000円券）	食事・サービス・割引券	106000.0		4.24	
2015-08-06	8	13	9993	ヤマザワ	ご優待買物券、山形県産特別栽培米	クオカード・ギフト券	174000.0		4.18	
2015-08-06	8	14	4745	東京個別	自社運営の教室にて通常授業料・受講費の割引　1000円相当分から	その他	67000.0		4.16	
2015-08-06	8	15	9979	大庄	ご優待飲食券、産地直送の特産品	飲食料品	160000.0		3.98	
2015-08-06	8	16	3333	あさひ	ご優待券2,000円分相当	食事・サービス・割引券	134000.0		3.87	
2015-08-06	8	17	7421	カッパクリＨＤ	お食事券2,500円相当	食事・サービス・割引券	132000.0		3.77	
2015-08-06	8	18	7601	ポプラ	お買物券1,000円分	食事・サービス・割引券	55000.0		3.63	
2015-08-06	8	19	7513	コジマ	ご優待券1枚/500円	食事・サービス・割引券	39000.0		3.56	
2015-08-06	8	20	7514	ヒマラヤ	割引券１枚/1,000円	食事・サービス・割引券	113000.0		3.51	
2015-08-09	12	1	6071	ＩＢＪ	IBJメンバーズ（ﾌﾟﾚﾐｱｺｰｽ）入会初期費用100,000円割引券	食事・サービス・割引券	144000.0		69.92	
2015-08-09	12	2	4563	アンジェス	自社商品ご優待券10,000円相当	食事・サービス・割引券	24000.0		41.32	
2015-08-09	12	3	3807	フィスコ	IPO投資に関する情報が得られる「クラブフィスコ」のIPOナビ（リミテッド）　無料クーポン	その他	37000.0		35.36	
2015-08-09	12	4	3788	ＧＭＯクラウド	サービスご優待券5,000円相当など	食事・サービス・割引券	92000.0		19.4	
2015-08-09	12	5	9973	小僧寿し	ご優待割引券1,000円相当	食事・サービス・割引券	10000.0		18.51	
2015-08-09	12	6	9449	ＧＭＯ	サービス利用料の割引	その他	184000.0		13.89	
2015-08-09	12	7	9439	ＭＨグループ	ご優待券3,000円相当	食事・サービス・割引券	30000.0		11.0	
2015-08-09	12	8	3177	ありがとうＳ	「クラブフィスコ」のIPOナビ（リミテッド）　無料クーポン	その他	270000.0		7.83	
2015-08-09	12	9	6078	バリューＨＲ	初年度年会無料、健康関連サービスに使用できるポイント	その他	170000.0		7.3	
2015-08-09	12	10	2762	三光ＭＦ	ご優待券、お米	クオカード・ギフト券	94000.0		6.37	
2015-08-09	12	11	5015	ＢＰカストロール	クオ・カード1,000円相当	クオカード・ギフト券	676000.0		6.13	
2015-08-09	12	12	8304	あおぞら	商品券2,000円相当	クオカード・ギフト券	470000.0		6.12	
2015-08-09	12	13	2406	アルテＨＤ	ご優待券、オリジナルPB商品、近沢レース店の製品	オリジナル・限定	70000.0		5.64	
2015-08-09	12	14	4221	大倉工	オークラホテル丸亀ご宿泊ご優待券	宿泊	354000.0		5.22	
2015-08-09	12	15	8165	千趣会	お買物券1,000円相当	食事・サービス・割引券	82000.0		5.1	
2015-08-09	12	16	3053	ペッパー	ご優待券2,500円相当	食事・サービス・割引券	118000.0		4.76	
2015-08-09	12	17	4755	楽天	楽天グループクーポン、楽天ゴールデンイーグルスグッズ、野球観戦チケットご優待券	その他	195000.0		4.46	
2015-08-09	12	18	5816	オーナンバ	クオ・カード500円相当	クオカード・ギフト券	41000.0		4.4	
2015-08-09	12	19	3325	ケンコーコム	割引券4,000円相当	クオカード・ギフト券	91000.0		4.36	
2015-08-09	12	20	3082	きちり	ご優待食事券、無洗米	クオカード・ギフト券	72000.0		4.16	
2015-08-22	4	1	4355	ロングライフＨＤ	老人ホーム、グループホームの入居一時金や入園金のご優待割引券	その他	34000.0		576.29	
2015-08-22	4	2	6630	ヤーマン	化粧品オンリーミネラルセット	その他	152000.0		8.91	
2015-08-22	4	3	9444	トーシン	商品券、ゴルフ無料ラウンド	食事・サービス・割引券	58000.0		6.46	
2015-08-22	4	4	3843	ＦＢ	新規契約時、初期費用3,240円を無料でご提供など	その他	69000.0		5.64	
2015-08-22	4	5	2198	アイ・ケイ・ケイ	特選お菓子、ご優待食事券	飲食料品	57000.0		4.34	
2015-08-22	4	6	2751	テンポス	お食事券、お買い物券	飲食料品	220000.0		3.9	
2015-08-22	4	7	8917	ファースト住建	自社商品　磁器製タンブラーペアセット	その他	137000.0		2.69	
2015-08-22	4	8	3361	トーエル	自社商品1,500円相当	飲食料品	397000.0		2.64	
2015-08-22	4	9	4989	イハラケミカル	静岡銘産品	飲食料品	134000.0		2.22	
2015-08-22	4	10	2593	伊藤園	自社製品詰合せ、通信販売品割引冊子	飲食料品	285000.0		1.92	
2015-08-22	4	11	3329	東和フード	ご優待食事券、自社製品詰合わせ	飲食料品	343000.0		1.89	
2015-08-22	4	12	1766	東建コーポ	ご優待割引券3,000円分	食事・サービス・割引券	816000.0		1.83	
2015-08-22	4	13	2910	ロックフィルド	お惣菜券1,000円分	食事・サービス・割引券	308000.0		1.78	
2015-08-22	4	14	9603	Ｈ．Ｉ．Ｓ．	ご優待券、ハウステンボス入場割引券	交通・旅行	415000.0		1.63	
2015-08-22	4	15	1333	マルハニチロ	自社グループ取扱商品	オリジナル・限定	187000.0		1.6	
2015-08-22	4	16	2438	アスカネット	ご優待割引券1枚/1,000円割引	その他	189000.0		1.47	
2015-08-22	4	17	8079	正栄食	自社製品詰合わせ、通販カタログ掲載商品50％割引券	飲食料品	1211000.0		1.4	
2015-08-22	4	18	7605	フジコーポ	UFJニコスギフトカード5,000円相当	クオカード・ギフト券	1072000.0		1.39	
2015-08-22	4	19	2695	くら	お食事券 、自社商品詰合せ	飲食料品	349000.0		1.05	
2015-08-22	4	20	7968	ＴＡＳＡＫＩ	ご優待割引券10％割引	食事・サービス・割引券	177000.0		0.0	
2015-08-22	7	1	2590	ＤｙＤｏ	自社製品詰合せ（飲料水・ゼリー等）	飲食料品	5000.0		118.59	
2015-08-22	7	2	9829	ながの東	東急百貨店各店舗でのご優待券10％割引	食事・サービス・割引券	220000.0		5.9	
2015-08-22	7	3	7614	オーエムツー	お食事券3,000円相当	食事・サービス・割引券	128000.0		4.19	
2015-08-22	7	4	3172	ティーライフ	ご優待券1,000円分	食事・サービス・割引券	91000.0		3.84	
2015-08-22	7	5	7590	タカショー	タカショーカタログ内でのご優待、オリジナルカレンダー、イベント紹介	オリジナル・限定	50000.0		3.34	
2015-08-22	7	6	6654	不二電機工業	クオ・カード500円相当	クオカード・ギフト券	144000.0		2.77	
2015-08-22	7	7	3159	丸善ＣＨＩ	丸善、ジュンク堂書店での商品券1,000円相当	クオカード・ギフト券	38000.0		2.63	
2015-08-22	7	8	8142	トーホー	お買物割引券、非売品の自社製品、自社セレクト製品	食事・サービス・割引券	2347000.0		2.55	
2015-08-22	7	9	9632	スバル興	有楽町スバル座でのご優待カード	娯楽・芸術	413000.0		2.42	
2015-08-22	7	10	7850	総合商研	北海道特産品3,000円相当など	飲食料品	759000.0		2.37	
2015-08-22	7	11	3421	稲葉製作	オリジナル図書カード、地域特産品	飲食料品	138000.0		2.16	
2015-08-22	7	12	2353	日駐	時間貸し駐車場ご優待券、スキー場リフト券	娯楽・芸術	165000.0		1.63	
2015-08-22	7	13	3193	鳥貴族	お食事券3,000円相当	飲食料品	229000.0		1.5	
2015-08-22	7	14	8842	楽天地	ご優待券、映画ご招待券	娯楽・芸術	496000.0		1.21	
2015-08-22	7	15	2217	モロゾフ	オンラインショップでのご優待割引	食事・サービス・割引券	422000.0		0.94	
2015-08-22	7	16	9637	オーエス	映画館ご優待、梅田OSホテルご宿泊割引券、ご飲食割引券	娯楽・芸術	682000.0		0.73	
2015-08-22	7	17	9636	きんえい	各劇場共通ご招待券	娯楽・芸術	224000.0		0.33	
2015-08-22	11	1	2769	ヴィレッジＶ	お買い物券10,000円分	食事・サービス・割引券	160000.0		7.11	
2015-08-22	11	2	8887	リベレステ	ご宿泊ご優待券	宿泊	78000.0		5.07	
2015-08-22	11	3	3244	サムティ	ご宿泊無料、割引券	宿泊	104000.0		4.95	
2015-08-22	11	4	4825	ＷＮＩウェザー	WITHist Clubへの無料入会	その他	389000.0		4.59	
2015-08-22	11	5	3230	スター・マイカ	クオ・カード、生活関連商品など	クオカード・ギフト券	133000.0		3.58	
2015-08-22	11	6	5942	日フイルコン	ワイン1,000円相当品	飲食料品	51000.0		3.32	
2015-08-22	11	7	9837	モリト	オリジナルクオ・カード1,000円分	クオカード・ギフト券	100000.0		3.23	
2015-08-22	11	8	3022	山下医	クオ・カード500円相当	クオカード・ギフト券	177000.0		2.98	
2015-08-22	11	9	1419	タマホーム	請負金額から1％割引、クオ・カード	クオカード・ギフト券|その他	51000.0		2.9	
2015-08-22	11	10	9872	北恵	カタログギフト3,000円相当	食事・サービス・割引券	608000.0		2.79	
2015-08-22	11	11	2796	ファーマライズＨＤ	メディカルアロマや医療用サプリメント	その他	57000.0		2.79	
2015-08-22	11	12	6985	ユーシン	クオ・カード1,000円相当	クオカード・ギフト券	73000.0		2.69	
2015-08-22	11	13	9924	ドミー	自社商品の詰合せ3,000円相当	飲食料品	495000.0		2.62	
2015-08-22	11	14	3089	テクノアルファ	クオ・カード1,000円相当	クオカード・ギフト券	156000.0		2.55	
2015-08-22	11	15	2698	キャンドゥ	優待券	食事・サービス・割引券	153000.0		2.54	
2015-08-22	11	16	7630	壱番屋	お食事券1,500円相当	食事・サービス・割引券	535000.0		2.43	
2015-08-22	11	17	3160	大光	クオ・カード、アミカ商品券	クオカード・ギフト券	83000.0		2.4	
2015-08-22	11	18	2734	サーラ	ご優待券1,000円相当	食事・サービス・割引券	282000.0		2.3	
2015-08-22	11	19	7501	ティムコ	ご優待割引券20％	食事・サービス・割引券	57000.0		2.08	
2015-08-22	11	20	4465	ニイタカ	ジェフグルメカード、日本旅行ギフト旅行券	飲食料品	155000.0		1.98	
2015-09-06	1	1	2590	ＤｙＤｏ	自社製品詰合せ（飲料水・ゼリー等）	飲食料品	5000.0		117.44	
2015-09-06	1	2	3169	ミサワ	優待券、食事券、セレクトワインプレゼント	食事・サービス・割引券	66000.0		7.57	
2015-09-06	1	3	4334	ユークス	自社製品3,000円相当	娯楽・芸術	57000.0		6.98	
2015-09-06	1	4	4924	ＤＲ．シーラボ	アクアコラーゲンゲルなど	その他	208000.0		6.74	
2015-09-06	1	5	3320	クロスプラス	オンラインショップでのクーポン券	ファッション	67000.0		6.62	
2015-09-06	1	6	3071	ストリーム	ストリーム運営サイト「ECカレント」でのご優待割引	クオカード・ギフト券	16000.0		6.09	
2015-09-06	1	7	9829	ながの東	東急百貨店各店舗でのご優待券10％割引	食事・サービス・割引券	222000.0		5.85	
2015-09-06	1	8	4358	ＴＹＯ	クオ・カード、TYOオリジナル株主優待	クオカード・ギフト券	88000.0		4.54	
2015-09-06	1	9	3246	コーセーＲＥ	クオ・カード	クオカード・ギフト券	70000.0		4.25	
2015-09-06	1	10	7614	オーエムツー	お食事券3,000円相当	食事・サービス・割引券	127000.0		4.24	
2015-09-06	1	11	7590	タカショー	タカショーカタログ内でのご優待、オリジナルカレンダー、イベント紹介	オリジナル・限定	49000.0		3.42	
2015-09-06	1	12	7878	光彩工芸	限定オリジナルジュエリー	オリジナル・限定	234000.0		2.99	
2015-09-06	1	13	1928	積水ハウス	魚沼産コシヒカリ	クオカード・ギフト券	1675000.0		2.94	
2015-09-06	1	14	6387	サムコ	クオ・カード1,000円相当	クオカード・ギフト券	88000.0		2.92	
2015-09-06	1	15	6654	不二電機工業	クオ・カード500円相当	クオカード・ギフト券	139000.0		2.86	
2015-09-06	1	16	8142	トーホー	お買物割引券、非売品の自社製品、自社セレクト製品	食事・サービス・割引券	2171000.0		2.76	
2015-09-06	1	17	9632	スバル興	有楽町スバル座でのご優待カード	娯楽・芸術	383000.0		2.61	
2015-09-06	1	18	3662	エイチーム	自転車通販サイト「cyma-サイマ-」の自転車お買物券	食事・サービス・割引券	165000.0		2.41	
2015-09-06	1	19	3421	稲葉製作	オリジナル図書カード、地域特産品	飲食料品	128000.0		2.34	
2015-09-06	1	20	3658	イーブック	eBook図書券	クオカード・ギフト券	79000.0		1.35	
2015-09-06	8	1	7818	トランザクション	ご優待商品3,000円相当	その他	44000.0		15.06	
2015-09-06	8	2	8196	カスミ	関連店舗ご優待券、お米	クオカード・ギフト券	98000.0		7.54	
2015-09-06	8	3	8274	東武ストア	ご優待券、図書カード	クオカード・ギフト券	296000.0		7.09	
2015-09-06	8	4	8127	ヤマトインター	自社製品1,000円相当	ファッション	38000.0		6.77	
2015-09-06	8	5	7520	エコス	ご優待券、お米コシヒカリ	クオカード・ギフト券	112000.0		6.68	
2015-09-06	8	6	3222	Ｕ．Ｓ．Ｍ．Ｈ	---	食事・サービス・割引券	98000.0		6.1	
2015-09-06	8	7	9778	昴	運営教室でのご優待券、青森産りんご	飲食料品	375000.0		5.86	
2015-09-06	8	8	9861	吉野家ＨＤ	ご優待券3,000円分	食事・サービス・割引券	137000.0		5.79	
2015-09-06	8	9	3174	ハピネス＆Ｄ	ご優待券、限定オリジナル商品、割引券	オリジナル・限定|食事・サービス・割引券	78000.0		5.76	
2015-09-06	8	10	3063	ｊＧｒｏｕｐ	ご優待食事券、グループ商品	食事・サービス・割引券	77000.0		5.49	
2015-09-06	8	11	4668	明光ネット	クオ・カード3,000円分	クオカード・ギフト券	116000.0		5.3	
2015-09-06	8	12	8519	ポケットＣ	クオ・カード、ポケットポイント	その他	55000.0		5.07	
2015-09-06	8	13	4745	東京個別	自社運営の教室にて通常授業料・受講費の割引　1000円相当分から	その他	55000.0		5.0	
2015-09-06	8	14	3344	ワンダーＣｏ．	優待買物券、自社カタログ優待商品	食事・サービス・割引券|クオカード・ギフト券|その他	95000.0		4.71	
2015-09-06	8	15	7445	ライトオン	自社の経営する全店舗（オンラインショップ除く）で利用できる優待券（1,000円券）	食事・サービス・割引券	95000.0		4.69	
2015-09-06	8	16	7513	コジマ	ご優待券1枚/500円	食事・サービス・割引券	30000.0		4.63	
2015-09-06	8	17	9979	大庄	ご優待飲食券、産地直送の特産品	飲食料品	138000.0		4.61	
2015-09-06	8	18	3333	あさひ	優待券	食事・サービス・割引券	115000.0		4.51	
2015-09-06	8	19	2736	サダマツ	オリジナルジュエリー、買物優待券	オリジナル・限定|食事・サービス・割引券	268000.0		4.47	
2015-09-06	8	20	9993	ヤマザワ	ご優待買物券、山形県産特別栽培米	クオカード・ギフト券	164000.0		4.44	
2015-09-15	3	1	7593	ＶＴＨＤ	レンタカー利用20%割引券5枚など	食事・サービス・割引券	65000.0		63.3	
2015-09-15	3	2	8107	キムラタン	オンラインストアご優待クーポンキー、ご優待券	食事・サービス・割引券	8000.0		62.5	
2015-09-15	3	3	1878	大東建	建築工事請負代金 キャッシュバック、賃貸仲介手数料無料券等	その他	1223000.0		52.28	
2015-09-15	3	4	7602	カーチスＨＤ	ご優待券 30,000円分	交通・旅行	69000.0		44.07	
2015-09-15	3	5	4765	モーニングスター	日刊「株式新聞web版」無料クーポン12,000円相当	その他	28000.0		43.72	
2015-09-15	3	6	2656	ベクター	オンラインゲーム利用チケット	娯楽・芸術	40000.0		24.63	
2015-09-15	3	7	2453	ＪＢＲ	キッザニア(東京・甲子園)スポンサーイベントデー招待券	その他	23000.0		21.94	
2015-09-15	3	8	8705	岡藤ＨＤ	金やプラチナの値引きサービス	クオカード・ギフト券	17000.0		20.58	
2015-09-15	3	9	7419	ノジマ	ご優待割引券　１0％割引	食事・サービス・割引券	126000.0		16.96	
2015-09-15	3	10	4680	ラウンドワン	ご利用割引券3,600円相当	娯楽・芸術	56000.0		16.31	
2015-09-15	3	11	2666	オートウェーブ	優待買物券	食事・サービス・割引券	11000.0		16.07	
2015-09-15	3	12	3187	サンワカンパニー	優待割引券	食事・サービス・割引券	39000.0		15.77	
2015-09-15	3	13	3347	トラスト	Ｊネットレンタカーご利用割引券 、三菱ＵＦＪニコスギフトカード	食事・サービス・割引券|交通・旅行	24000.0		13.38	
2015-09-15	3	14	5261	リソル	宿泊、ゴルフリゾート施設での商品券など	娯楽・芸術|スポーツ|宿泊|その他	283000.0		12.36	
2015-09-15	3	15	7522	ワタミ	ご優待食事券6,000円分	食事・サービス・割引券	99000.0		12.03	
2015-09-15	3	16	6087	アビスト	アビストH＆F　浸みわたる水素水	飲食料品	138000.0		11.72	
2015-09-15	3	17	7215	ファルテック	クオ・カード1,000円相当	クオカード・ギフト券	136000.0		10.99	
2015-09-15	3	18	3205	ダイドー	優待製品	ファッション	49000.0		10.02	
2015-09-15	3	19	7022	サノヤスＨＤ	パレットタウン大観覧車ご利用券2枚	食事・サービス・割引券	24000.0		9.63	
2015-09-15	3	20	7502	プラザクリエ	デジカメプリント券、年賀状印刷割引券	クオカード・ギフト券	28000.0		9.5	
2015-09-15	4	1	3318	メガネスーパ	優待割引券	食事・サービス・割引券	5000.0		9.43	
2015-09-15	4	2	6630	ヤーマン	化粧品オンリーミネラルセット	その他	164000.0		8.27	
2015-09-15	4	3	9444	トーシン	商品券、ゴルフ無料ラウンド	食事・サービス・割引券	56000.0		6.7	
2015-09-15	4	4	2159	ＦＳ	グループ会社のサービス無料提供	その他	52000.0		5.71	
2015-09-15	4	5	3843	ＦＢ	新規契約時、初期費用無料提供	その他	76000.0		4.81	
2015-09-15	4	6	2198	アイ・ケイ・ケイ	特選お菓子、優待食事券	飲食料品	53000.0		4.7	
2015-09-15	4	7	2751	テンポス	お食事券、買物券	飲食料品	194000.0		3.59	
2015-09-15	4	8	3308	日本ヘルスケア	家賃・介護等優待割引券	交通・旅行	197000.0		3.51	
2015-09-15	4	9	3361	トーエル	自社商品	飲食料品	316000.0		3.31	
2015-09-15	4	10	8917	ファースト住建	自社商品　磁器製タンブラーペアセット	その他	127000.0		2.9	
2015-09-15	4	11	2593	伊藤園	自社製品詰合せ、通信販売品割引冊子	飲食料品	242000.0		2.27	
2015-09-15	4	12	4989	イハラケミカル	静岡銘産品	飲食料品	137000.0		2.17	
2015-09-15	4	13	3329	東和フード	優待食事券	飲食料品	380000.0		2.1	
2015-09-15	4	14	2910	ロックフィルド	惣菜券	食事・サービス・割引券	262000.0		2.09	
2015-09-15	4	15	1766	東建コーポ	魚沼産コシヒカリ、またはミネラルウォーター、またはカメ仕込み本格芋焼酎	食事・サービス・割引券	835000.0		1.79	
2015-09-15	4	16	9603	Ｈ．Ｉ．Ｓ．	ご優待券、ハウステンボス入場割引券	交通・旅行	379000.0		1.79	
2015-09-15	4	17	1333	マルハニチロ	自社グループ取扱商品	オリジナル・限定	171000.0		1.75	
2015-09-15	4	18	4355	ロングライフＨＤ	老人ホーム、グループホームの入居一時金や入園金のご優待割引券	その他	31000.0		1.72	
2015-09-15	4	19	8079	正栄食	自社製品詰合わせ、通販カタログ掲載商品50％割引券	飲食料品	1183000.0		1.43	
2015-09-15	4	20	7605	フジコーポ	UFJニコスギフトカード5,000円相当	クオカード・ギフト券	1058000.0		1.41	
2015-09-15	5	1	9855	くろがや	自社商品買物券2,000円分	食事・サービス・割引券	38000.0		8.42	
2015-09-15	5	2	2722	アイケイ	鰹昆亭の和風だし	その他	84000.0		5.7	
2015-09-15	5	3	3669	モバクリ	大分県産商品	飲食料品	44000.0		5.58	
2015-09-15	5	4	8887	リベレステ	ご宿泊ご優待券	宿泊	73000.0		5.44	
2015-09-15	5	5	2792	ハニーズ	商品引換券	ファッション	100000.0		4.98	
2015-09-15	5	6	4825	ＷＮＩウェザー	WITHist Clubへの無料入会	その他	381000.0		4.69	
2015-09-15	5	7	7921	宝印刷	選べるギフトコース1,500円コース	その他	123000.0		4.05	
2015-09-15	5	8	9837	モリト	オリジナルクオ・カード1,000円分	クオカード・ギフト券	83000.0		3.88	
2015-09-15	5	9	3230	スター・マイカ	クオ・カード、生活関連商品など	クオカード・ギフト券	125000.0		3.81	
2015-09-15	5	10	3022	山下医	オリジナル・クオカード	クオカード・ギフト券	161000.0		3.27	
2015-09-15	5	11	1419	タマホーム	請負金額割引、クオ・カード	クオカード・ギフト券|その他	45000.0		3.26	
2015-09-15	5	12	9765	オオバ	全国共通おこめ券　1㎏分	クオカード・ギフト券	53000.0		3.15	
2015-09-15	5	13	1377	サカタのタネ	商品カタログ	クオカード・ギフト券	185000.0		2.91	
2015-09-15	5	14	8908	毎コムネット	全国のホテルや温泉旅行、ゴルフ場のご優待割引券	その他	101000.0		2.75	
2015-09-15	5	15	3160	大光	クオ・カード、アミカ商品券	クオカード・ギフト券	75000.0		2.64	
2015-09-15	5	16	7630	壱番屋	お食事券1,500円相当	食事・サービス・割引券	530000.0		2.45	
2015-09-15	5	17	3201	ニッケ	優待割引券	クオカード・ギフト券	1013000.0		2.07	
2015-09-15	5	18	3075	銚子丸	優待食事券	食事・サービス・割引券	418000.0		1.84	
2015-09-15	5	19	4465	ニイタカ	ジェフグルメカード、日本旅行ギフト旅行券	飲食料品	148000.0		1.75	
2015-09-15	5	20	7487	小津産業	トイレットペーパー詰合せ	その他	202000.0		1.73	
2015-09-15	6	1	3807	フィスコ	「クラブフィスコ」のIPOナビ（リミテッド）　無料クーポン	その他	28000.0		46.69	
2015-09-15	6	2	4563	アンジェス	自社商品優待券	食事・サービス・割引券	22000.0		44.64	
2015-09-15	6	3	9973	小僧寿し	ご優待割引券1,000円相当	食事・サービス・割引券	9000.0		21.27	
2015-09-15	6	4	9449	ＧＭＯ	サービス利用料の割引	その他	159000.0		16.15	
2015-09-15	6	5	3140	イデアインター	自社・自社グループ健康商品	娯楽・芸術	57000.0		15.57	
2015-09-15	6	6	7177	ＧＭＯクリック	キャッシュバックサービス、モウカレーうどん	飲食料品	70000.0		10.45	
2015-09-15	6	7	2762	三光ＭＦ	食事優待券、お米	クオカード・ギフト券	90000.0		8.44	
2015-09-15	6	8	2305	スタジオアリス	株主写真撮影券	クオカード・ギフト券	224000.0		6.89	
2015-09-15	6	9	8304	あおぞら	商品券2,000円相当	クオカード・ギフト券	429000.0		6.71	
2015-09-15	6	10	3053	ペッパー	株主様優待券又は、自社商品	食事・サービス・割引券	94000.0		5.96	
2015-09-15	6	11	8165	千趣会	お買物券1,000円相当	食事・サービス・割引券	71000.0		5.85	
2015-09-15	6	12	3271	グロバル社	クオ・カード1,000円分	クオカード・ギフト券	43000.0		5.69	
2015-09-15	6	13	3178	チムニー	ご優待食事券、自社オリジナル商品	飲食料品	267000.0		4.67	
2015-09-15	6	14	3028	アルペン	関連施設でのご優待券2,000円相当	スポーツ	184000.0		4.34	
2015-09-15	6	15	9608	福山コンサル	オリジナル図書カード3,000円相当	クオカード・ギフト券	483000.0		4.14	
2015-09-15	6	16	2914	ＪＴ	自社商品詰合せ	飲食料品	402000.0		3.8	
2015-09-15	6	17	2499	日本和装	きものシミ抜き券、クオ・カード、VJAギフトカード	クオカード・ギフト券	26000.0		3.78	
2015-09-15	6	18	2689	カワニシＨＤ	クオ・カード	クオカード・ギフト券	109000.0		3.64	
2015-09-15	6	19	9797	大日本コン	オリジナルカタログより商品を贈呈500円相当	飲食料品	38000.0		3.63	
2015-09-15	6	20	2579	コカウエスト	株主優待ポイント付与	飲食料品	219000.0		3.51	
2015-09-15	8	1	7818	トランザクション	ご優待商品3,000円相当	その他	44000.0		15.03	
2015-09-15	8	2	8196	カスミ	関連店舗ご優待券、お米	クオカード・ギフト券	98000.0		7.54	
2015-09-15	8	3	8274	東武ストア	ご優待券、図書カード	クオカード・ギフト券	308000.0		6.81	
2015-09-15	8	4	8127	ヤマトインター	自社製品1,000円相当	ファッション	38000.0		6.78	
2015-09-15	8	5	7520	エコス	ご優待券、お米コシヒカリ	クオカード・ギフト券	112000.0		6.67	
2015-09-15	8	6	3222	Ｕ．Ｓ．Ｍ．Ｈ	---	食事・サービス・割引券	100000.0		5.97	
2015-09-15	8	7	9778	昴	運営教室でのご優待券、青森産りんご	飲食料品	375000.0		5.86	
2015-09-15	8	8	3174	ハピネス＆Ｄ	ご優待券、限定オリジナル商品、割引券	オリジナル・限定|食事・サービス・割引券	78000.0		5.73	
2015-09-15	8	9	9861	吉野家ＨＤ	ご優待券3,000円分	食事・サービス・割引券	144000.0		5.52	
2015-09-15	8	10	3063	ｊＧｒｏｕｐ	ご優待食事券、グループ商品	食事・サービス・割引券	77000.0		5.5	
2015-09-15	8	11	4668	明光ネット	クオ・カード3,000円分	クオカード・ギフト券	122000.0		5.06	
2015-09-15	8	12	8519	ポケットＣ	クオ・カード、ポケットポイント	その他	56000.0		4.94	
2015-09-15	8	13	4745	東京個別	自社運営の教室にて通常授業料・受講費の割引　1000円相当分から	その他	57000.0		4.87	
2015-09-15	8	14	7445	ライトオン	自社の経営する全店舗（オンラインショップ除く）で利用できる優待券（1,000円券）	食事・サービス・割引券	95000.0		4.7	
2015-09-15	8	15	3344	ワンダーＣｏ．	優待買物券、自社カタログ優待商品	食事・サービス・割引券|クオカード・ギフト券|その他	95000.0		4.69	
2015-09-15	8	16	9979	大庄	ご優待飲食券、産地直送の特産品	飲食料品	138000.0		4.61	
2015-09-15	8	17	7513	コジマ	ご優待券1枚/500円	食事・サービス・割引券	30000.0		4.59	
2015-09-15	8	18	2736	サダマツ	オリジナルジュエリー、買物優待券	オリジナル・限定|食事・サービス・割引券	263000.0		4.56	
2015-09-15	8	19	9993	ヤマザワ	ご優待買物券、山形県産特別栽培米	クオカード・ギフト券	162000.0		4.5	
2015-09-15	8	20	3333	あさひ	優待券	食事・サービス・割引券	123000.0		4.2	
2015-09-15	9	1	1878	大東建	建築工事請負代金 キャッシュバック、賃貸仲介手数料無料券等	その他	1223000.0		52.28	
2015-09-15	9	2	3726	フォーシーズＨＤ	優待券	その他	29000.0		34.13	
2015-09-15	9	3	2453	ＪＢＲ	キッザニア(東京・甲子園)スポンサーイベントデー招待券	その他	23000.0		21.94	
2015-09-15	9	4	7419	ノジマ	ご優待割引券　１0％割引	食事・サービス・割引券	126000.0		16.96	
2015-09-15	9	5	4680	ラウンドワン	ご利用割引券3,600円相当	娯楽・芸術	56000.0		16.31	
2015-09-15	9	6	2666	オートウェーブ	優待買物券	食事・サービス・割引券	11000.0		16.07	
2015-09-15	9	7	3347	トラスト	Ｊネットレンタカーご利用割引券 、三菱ＵＦＪニコスギフトカード	食事・サービス・割引券|交通・旅行	24000.0		13.38	
2015-09-15	9	8	5261	リソル	宿泊、ゴルフリゾート施設での商品券など	娯楽・芸術|スポーツ|宿泊|その他	283000.0		12.36	
2015-09-15	9	9	7522	ワタミ	ご優待食事券6,000円分	食事・サービス・割引券	99000.0		12.03	
2015-09-15	9	10	7215	ファルテック	クオ・カード1,000円相当	クオカード・ギフト券	136000.0		10.99	
2015-09-15	9	11	7819	ＳＨＯ−ＢＩ	限定ご優待商品3,000円相当	オリジナル・限定	41000.0		9.59	
2015-09-15	9	12	7502	プラザクリエ	デジカメプリント券、年賀状印刷割引券	クオカード・ギフト券	28000.0		9.5	
2015-09-15	9	13	3598	山喜	自社直営店買物優待券	クオカード・ギフト券	26000.0		8.95	
2015-09-15	9	14	6628	オンキヨー	各種クーポン1,000円分	食事・サービス・割引券	11000.0		8.47	
2015-09-15	9	15	2058	ヒガシマル	自社食品	飲食料品	82000.0		8.35	
2015-09-15	9	16	7524	マルシェ	ご優待、ご優待品	食事・サービス・割引券	86000.0		8.35	
2015-09-15	9	17	5343	ニッコー	自社製品5,000円相当	その他	134000.0		7.46	
2015-09-15	9	18	9856	ケーユーＨＤ	クオ・カード	クオカード・ギフト券	88000.0		6.74	
2015-09-15	9	19	3167	ＴＯＫＡＩ　ＨＤ	飲料水宅配サービス関連商品など	飲食料品|食事・サービス・割引券|クオカード・ギフト券|その他	47000.0		6.72	
2015-09-15	9	20	8304	あおぞら	商品券2,000円相当	クオカード・ギフト券	429000.0		6.71	
2015-09-15	10	1	3318	メガネスーパ	優待割引券	食事・サービス・割引券	5000.0		9.43	
2015-09-15	10	2	9444	トーシン	商品券、ゴルフ無料ラウンド	食事・サービス・割引券	56000.0		6.7	
2015-09-15	10	3	7640	トップカルチャ	TSUTAYA ギフト券	クオカード・ギフト券	154000.0		4.85	
2015-09-15	10	4	1873	日本ハウスＨＤ	銀河高原ビール製造の小麦のビール缶　12本	飲食料品	518000.0		4.82	
2015-09-15	10	5	3308	日本ヘルスケア	家賃・介護等優待割引券	交通・旅行	197000.0		3.51	
2015-09-15	10	6	3361	トーエル	自社商品	飲食料品	316000.0		3.31	
2015-09-15	10	7	4666	パーク２４	タイムズチケット	食事・サービス・割引券	228000.0		3.05	
2015-09-15	10	8	8917	ファースト住建	自社商品　磁器製タンブラーペアセット	その他	127000.0		2.9	
2015-09-15	10	9	6309	巴工業	自社関連ワイン1本	飲食料品	155000.0		2.89	
2015-09-15	10	10	9824	泉州電業	図書カード1,000円相当	クオカード・ギフト券	175000.0		2.51	
2015-09-15	10	11	3329	東和フード	優待食事券	飲食料品	380000.0		2.1	
2015-09-15	10	12	2301	学情	オリジナルクオ・カード	クオカード・ギフト券	105000.0		1.99	
2015-09-15	10	13	9603	Ｈ．Ｉ．Ｓ．	ご優待券、ハウステンボス入場割引券	交通・旅行	379000.0		1.79	
2015-09-15	10	14	4355	ロングライフＨＤ	老人ホーム、グループホームの入居一時金や入園金のご優待割引券	その他	31000.0		1.72	
2015-09-15	10	15	9678	カナモト	オリジナル商品から贈呈3,000円相当	飲食料品	2387000.0		1.59	
2015-09-15	10	16	8079	正栄食	自社製品詰合わせ、通販カタログ掲載商品50％割引券	飲食料品	1183000.0		1.43	
2015-09-15	10	17	7959	オリバー	自社カタログ商品50％割引券	オリジナル・限定	1510000.0		1.19	
2015-09-15	10	18	2923	サトウ食品	自社製品詰合せ	飲食料品	325000.0		0.98	
2015-09-15	10	19	2830	アヲハタ	自社製品詰合せ（ジャム等）	飲食料品	248000.0		0.91	
2015-09-15	10	20	3038	神戸物産	自社グループ商品	オリジナル・限定	979000.0		0.72	
2015-09-15	11	1	3244	サムティ	宿泊無料、割引券	宿泊	103000.0		7.92	
2015-09-15	11	2	2769	ヴィレッジＶ	自社グループ買物優待券	食事・サービス・割引券	156000.0		7.28	
2015-09-15	11	3	8887	リベレステ	ご宿泊ご優待券	宿泊	73000.0		5.44	
2015-09-15	11	4	4825	ＷＮＩウェザー	WITHist Clubへの無料入会	その他	381000.0		4.69	
2015-09-15	11	5	9837	モリト	オリジナルクオ・カード1,000円分	クオカード・ギフト券	83000.0		3.88	
2015-09-15	11	6	3230	スター・マイカ	クオ・カード、生活関連商品など	クオカード・ギフト券	125000.0		3.81	
2015-09-15	11	7	5942	日フイルコン	ワイン1,000円相当品	飲食料品	47000.0		3.57	
2015-09-15	11	8	3022	山下医	オリジナル・クオカード	クオカード・ギフト券	161000.0		3.27	
2015-09-15	11	9	9872	北恵	カタログギフト3,000円相当	食事・サービス・割引券	520000.0		3.26	
2015-09-15	11	10	1419	タマホーム	請負金額割引、クオ・カード	クオカード・ギフト券|その他	45000.0		3.26	
2015-09-15	11	11	2796	ファーマライズＨＤ	メディカルアロマや医療用サプリメント	その他	56000.0		2.85	
2015-09-15	11	12	3089	テクノアルファ	クオ・カード	クオカード・ギフト券	147000.0		2.7	
2015-09-15	11	13	3160	大光	クオ・カード、アミカ商品券	クオカード・ギフト券	75000.0		2.64	
2015-09-15	11	14	6985	ユーシン	クオ・カード1,000円相当	クオカード・ギフト券	76000.0		2.58	
2015-09-15	11	15	9924	ドミー	自社商品の詰合せ3,000円相当	飲食料品	510000.0		2.54	
2015-09-15	11	16	2698	キャンドゥ	優待券	食事・サービス・割引券	151000.0		2.46	
2015-09-15	11	17	7630	壱番屋	お食事券1,500円相当	食事・サービス・割引券	530000.0		2.45	
2015-09-15	11	18	2734	サーラ	（地域限定）優待券	食事・サービス・割引券	272000.0		2.38	
2015-09-15	11	19	7501	ティムコ	ご優待割引券20％	食事・サービス・割引券	55000.0		2.15	
2015-09-15	11	20	7594	マルカキカイ	グルメセット1,000円相当	飲食料品	175000.0		2.05	
2015-09-15	12	1	2369	メディビ	おくすり体質検査・同検査キットがご優待価格で購入できる権利	その他			5943.19	
2015-09-15	12	2	6071	ＩＢＪ	IBJメンバーズ（ﾌﾟﾚﾐｱｺｰｽ）入会初期費用100,000円割引券	食事・サービス・割引券	129000.0		78.12	
2015-09-15	12	3	3807	フィスコ	「クラブフィスコ」のIPOナビ（リミテッド）　無料クーポン	その他	28000.0		46.69	
2015-09-15	12	4	4563	アンジェス	自社商品優待券	食事・サービス・割引券	22000.0		44.64	
2015-09-15	12	5	9973	小僧寿し	ご優待割引券1,000円相当	食事・サービス・割引券	9000.0		21.27	
2015-09-15	12	6	9449	ＧＭＯ	サービス利用料の割引	その他	159000.0		16.15	
2015-09-15	12	7	9439	ＭＨグループ	ご優待券3,000円相当	食事・サービス・割引券	28000.0		11.75	
2015-09-15	12	8	2762	三光ＭＦ	食事優待券、お米	クオカード・ギフト券	90000.0		8.44	
2015-09-15	12	9	6078	バリューＨＲ	初年度年会無料、健康関連サービスに使用できるポイント	その他	150000.0		8.31	
2015-09-15	12	10	5015	ＢＰカストロール	クオ・カード1,000円相当	クオカード・ギフト券	608000.0		6.82	
2015-09-15	12	11	8304	あおぞら	商品券2,000円相当	クオカード・ギフト券	429000.0		6.71	
2015-09-15	12	12	2406	アルテＨＤ	ご優待券、オリジナルPB商品、近沢レース店の製品	オリジナル・限定	65000.0		6.14	
2015-09-15	12	13	3053	ペッパー	株主様優待券又は、自社商品	食事・サービス・割引券	94000.0		5.96	
2015-09-15	12	14	8165	千趣会	お買物券1,000円相当	食事・サービス・割引券	71000.0		5.85	
2015-09-15	12	15	4755	楽天	楽天グループクーポン、楽天ゴールデンイーグルスグッズ、野球観戦チケットご優待券	その他	154000.0		5.64	
2015-09-15	12	16	4840	トライアイズ	クーポン券、優待カード	食事・サービス・割引券	39000.0		5.62	
2015-09-15	12	17	3082	きちり	ご優待食事券、無洗米	クオカード・ギフト券	69000.0		5.43	
2015-09-15	12	18	3325	ケンコーコム	自社優待割引念	クオカード・ギフト券	77000.0		5.16	
2015-09-15	12	19	3302	帝繊維	クオ・カード、自社製品（リネン）	クオカード・ギフト券	138000.0		5.04	
2015-09-15	12	20	5816	オーナンバ	クオ・カード500円相当	クオカード・ギフト券	38000.0		4.82	
2015-09-20	1	1	2590	ＤｙＤｏ	自社製品詰合せ（飲料水・ゼリー等）	飲食料品	5000.0		119.29	
2015-09-20	1	2	3169	ミサワ	優待券、食事券、セレクトワインプレゼント	食事・サービス・割引券	63000.0		7.84	
2015-09-20	1	3	3320	クロスプラス	オンラインショップでのクーポン券	ファッション	68000.0		6.56	
2015-09-20	1	4	4924	ＤＲ．シーラボ	アクアコラーゲンゲルなど	その他	218000.0		6.44	
2015-09-20	1	5	9829	ながの東	東急百貨店各店舗でのご優待券10％割引	食事・サービス・割引券	216000.0		6.01	
2015-09-20	1	6	4334	ユークス	自社製品3,000円相当	娯楽・芸術	67000.0		5.92	
2015-09-20	1	7	3071	ストリーム	ストリーム運営サイト「ECカレント」でのご優待割引	クオカード・ギフト券	17000.0		5.81	
2015-09-20	1	8	3246	コーセーＲＥ	クオ・カード	クオカード・ギフト券	71000.0		4.21	
2015-09-20	1	9	7614	オーエムツー	お食事券3,000円相当	食事・サービス・割引券	128000.0		4.2	
2015-09-20	1	10	4358	ＴＹＯ	クオ・カード、TYOオリジナル株主優待	クオカード・ギフト券	95000.0		3.66	
2015-09-20	1	11	7590	タカショー	タカショーカタログ内でのご優待、オリジナルカレンダー、イベント紹介	オリジナル・限定	50000.0		3.39	
2015-09-20	1	12	7878	光彩工芸	限定オリジナルジュエリー	オリジナル・限定	226000.0		3.09	
2015-09-20	1	13	6654	不二電機工業	クオ・カード500円相当	クオカード・ギフト券	140000.0		2.85	
2015-09-20	1	14	8142	トーホー	お買物割引券、非売品の自社製品、自社セレクト製品	食事・サービス・割引券	2117000.0		2.83	
2015-09-20	1	15	6387	サムコ	クオ・カード1,000円相当	クオカード・ギフト券	93000.0		2.76	
2015-09-20	1	16	1928	積水ハウス	魚沼産コシヒカリ	クオカード・ギフト券	1822000.0		2.7	
2015-09-20	1	17	3421	稲葉製作	オリジナル図書カード、地域特産品	飲食料品	127000.0		2.51	
2015-09-20	1	18	3662	エイチーム	自転車通販サイト「cyma-サイマ-」の自転車お買物券	食事・サービス・割引券	170000.0		2.49	
2015-09-20	1	19	9632	スバル興	有楽町スバル座でのご優待カード	娯楽・芸術	415000.0		2.41	
2015-09-20	1	20	3658	イーブック	eBook図書券	クオカード・ギフト券	78000.0		1.37	
2015-09-20	2	1	7818	トランザクション	ご優待商品3,000円相当	その他	43000.0		15.24	
2015-09-20	2	2	4645	市進ＨＤ	市進教育グループ受講割引券	その他	114000.0		13.1	
2015-09-20	2	3	8175	ベスト電	ご優待割引券1枚/1,000円券	クオカード・ギフト券	61000.0		8.94	
2015-09-20	2	4	9381	エーアイテイー	「古座川ゆず平井の里」、「那智黒総本舗」の詰合せ	飲食料品	91000.0		7.64	
2015-09-20	2	5	8196	カスミ	関連店舗ご優待券、お米	クオカード・ギフト券	98000.0		7.54	
2015-09-20	2	6	8274	東武ストア	ご優待券、図書カード	クオカード・ギフト券	307000.0		6.84	
2015-09-20	2	7	7512	イオン北海	ご優待券2,500円相当	クオカード・ギフト券	52000.0		6.73	
2015-09-20	2	8	7520	エコス	ご優待券、お米コシヒカリ	クオカード・ギフト券	116000.0		6.41	
2015-09-20	2	9	3222	Ｕ．Ｓ．Ｍ．Ｈ	---	食事・サービス・割引券	97000.0		6.12	
2015-09-20	2	10	9778	昴	運営教室でのご優待券、青森産りんご	飲食料品	375000.0		5.86	
2015-09-20	2	11	7603	マックハウス	お買物券1,000円相当	クオカード・ギフト券	85000.0		5.86	
2015-09-20	2	12	9876	コックス	ご優待券2,000円分	食事・サービス・割引券	34000.0		5.78	
2015-09-20	2	13	3063	ｊＧｒｏｕｐ	ご優待食事券、グループ商品	食事・サービス・割引券	75000.0		5.62	
2015-09-20	2	14	9861	吉野家ＨＤ	ご優待券3,000円分	食事・サービス・割引券	148000.0		5.38	
2015-09-20	2	15	8287	ＭＶ西日本	ご優待券5,000円分	食事・サービス・割引券	159000.0		5.31	
2015-09-20	2	16	8171	ＭＶ中部	ご優待券、指定商品	食事・サービス・割引券	117000.0		5.27	
2015-09-20	2	17	8198	ＭＶ東海	ご優待券5,000円相当	飲食料品	171000.0		5.02	
2015-09-20	2	18	3171	ＭＶ九州	ご優待券、寒製島原手延べ素麺、調味料ギフトセット	クオカード・ギフト券	180000.0		4.87	
2015-09-20	2	19	3073	ダイヤモンドＤ	食事券、お米	クオカード・ギフト券	107000.0		4.82	
2015-09-20	2	20	8519	ポケットＣ	クオ・カード、ポケットポイント	その他	59000.0		4.74	
2015-09-20	7	1	2590	ＤｙＤｏ	自社製品詰合せ（飲料水・ゼリー等）	飲食料品	5000.0		119.29	
2015-09-20	7	2	9829	ながの東	東急百貨店各店舗でのご優待券10％割引	食事・サービス・割引券	216000.0		6.01	
2015-09-20	7	3	3172	ティーライフ	株主優待券	食事・サービス・割引券	87000.0		4.21	
2015-09-20	7	4	7614	オーエムツー	お食事券3,000円相当	食事・サービス・割引券	128000.0		4.2	
2015-09-20	7	5	7590	タカショー	タカショーカタログ内でのご優待、オリジナルカレンダー、イベント紹介	オリジナル・限定	50000.0		3.39	
2015-09-20	7	6	3159	丸善ＣＨＩ	丸善、ジュンク堂書店での商品券	クオカード・ギフト券	34000.0		2.89	
2015-09-20	7	7	6654	不二電機工業	クオ・カード500円相当	クオカード・ギフト券	140000.0		2.85	
2015-09-20	7	8	8142	トーホー	お買物割引券、非売品の自社製品、自社セレクト製品	食事・サービス・割引券	2117000.0		2.83	
2015-09-20	7	9	2353	日駐	時間貸し駐車場ご優待券、スキー場リフト券	娯楽・芸術	129000.0		2.55	
2015-09-20	7	10	3421	稲葉製作	オリジナル図書カード、地域特産品	飲食料品	127000.0		2.51	
2015-09-20	7	11	3662	エイチーム	自転車通販サイト「cyma-サイマ-」の自転車お買物券	食事・サービス・割引券	170000.0		2.49	
2015-09-20	7	12	9632	スバル興	有楽町スバル座でのご優待カード	娯楽・芸術	415000.0		2.41	
2015-09-20	7	13	3193	鳥貴族	優待食事券	飲食料品	240000.0		1.25	
2015-09-20	7	14	8842	楽天地	ご優待券、映画ご招待券	娯楽・芸術	482000.0		1.24	
2015-09-20	7	15	2217	モロゾフ	オンラインショップでの優待割引	食事・サービス・割引券	405000.0		0.98	
2015-09-20	7	16	9637	オーエス	映画館ご優待、梅田OSホテルご宿泊割引券、ご飲食割引券	娯楽・芸術	650000.0		0.76	
2015-09-20	7	17	7850	総合商研	北海道特産品3,000円相当など	飲食料品	612000.0		0.49	
2015-09-20	7	18	9636	きんえい	各劇場共通ご招待券	娯楽・芸術	219000.0		0.34	
2015-09-21	2	1	7818	トランザクション	ご優待商品3,000円相当	その他	43000.0		15.24	
2015-09-21	2	2	4645	市進ＨＤ	市進教育グループ受講割引券	その他	114000.0		13.1	
2015-09-21	2	3	8175	ベスト電	ご優待割引券1枚/1,000円券	クオカード・ギフト券	61000.0		8.94	
2015-09-21	2	4	9381	エーアイテイー	「古座川ゆず平井の里」、「那智黒総本舗」の詰合せ	飲食料品	91000.0		7.64	
2015-09-21	2	5	8196	カスミ	関連店舗ご優待券、お米	クオカード・ギフト券	98000.0		7.54	
2015-09-21	2	6	8274	東武ストア	ご優待券、図書カード	クオカード・ギフト券	307000.0		6.84	
2015-09-21	2	7	7512	イオン北海	ご優待券2,500円相当	クオカード・ギフト券	52000.0		6.73	
2015-09-21	2	8	7520	エコス	ご優待券、お米コシヒカリ	クオカード・ギフト券	116000.0		6.41	
2015-09-21	2	9	3222	Ｕ．Ｓ．Ｍ．Ｈ	---	食事・サービス・割引券	97000.0		6.12	
2015-09-21	2	10	9778	昴	運営教室でのご優待券、青森産りんご	飲食料品	375000.0		5.86	
2015-09-21	2	11	7603	マックハウス	お買物券1,000円相当	クオカード・ギフト券	85000.0		5.86	
2015-09-21	2	12	9876	コックス	ご優待券2,000円分	食事・サービス・割引券	34000.0		5.78	
2015-09-21	2	13	3063	ｊＧｒｏｕｐ	ご優待食事券、グループ商品	食事・サービス・割引券	75000.0		5.62	
2015-09-21	2	14	9861	吉野家ＨＤ	ご優待券3,000円分	食事・サービス・割引券	148000.0		5.38	
2015-09-21	2	15	8287	ＭＶ西日本	ご優待券5,000円分	食事・サービス・割引券	159000.0		5.31	
2015-09-21	2	16	8171	ＭＶ中部	ご優待券、指定商品	食事・サービス・割引券	117000.0		5.27	
2015-09-21	2	17	8198	ＭＶ東海	ご優待券5,000円相当	飲食料品	171000.0		5.02	
2015-09-21	2	18	3171	ＭＶ九州	ご優待券、寒製島原手延べ素麺、調味料ギフトセット	クオカード・ギフト券	180000.0		4.87	
2015-09-21	2	19	3073	ダイヤモンドＤ	食事券、お米	クオカード・ギフト券	107000.0		4.82	
2015-09-21	2	20	8519	ポケットＣ	クオ・カード、ポケットポイント	その他	59000.0		4.74	
2015-09-21	3	1	8107	キムラタン	オンラインストアご優待クーポンキー、ご優待券	食事・サービス・割引券	8000.0		62.5	
2015-09-21	3	2	7593	ＶＴＨＤ	レンタカー利用20%割引券5枚など	食事・サービス・割引券	69000.0		59.65	
2015-09-21	3	3	1878	大東建	建築工事請負代金 キャッシュバック、賃貸仲介手数料無料券等	その他	1232000.0		51.9	
2015-09-21	3	4	4765	モーニングスター	日刊「株式新聞web版」無料クーポン12,000円相当	その他	27000.0		44.98	
2015-09-21	3	5	7602	カーチスＨＤ	ご優待券 30,000円分	交通・旅行	68000.0		44.33	
2015-09-21	3	6	2656	ベクター	オンラインゲーム利用チケット	娯楽・芸術	43000.0		23.2	
2015-09-21	3	7	2453	ＪＢＲ	キッザニア(東京・甲子園)スポンサーイベントデー招待券	その他	23000.0		21.84	
2015-09-21	3	8	8705	岡藤ＨＤ	金やプラチナの値引きサービス	クオカード・ギフト券	17000.0		20.34	
2015-09-21	3	9	4680	ラウンドワン	ご利用割引券3,600円相当	娯楽・芸術	54000.0		16.88	
2015-09-21	3	10	7419	ノジマ	ご優待割引券　１0％割引	食事・サービス・割引券	130000.0		16.48	
2015-09-21	3	11	3187	サンワカンパニー	優待割引券	食事・サービス・割引券	38000.0		16.27	
2015-09-21	3	12	2666	オートウェーブ	優待買物券	食事・サービス・割引券	11000.0		15.78	
2015-09-21	3	13	3347	トラスト	Ｊネットレンタカーご利用割引券 、三菱ＵＦＪニコスギフトカード	食事・サービス・割引券|交通・旅行	25000.0		13.01	
2015-09-21	3	14	5261	リソル	宿泊、ゴルフリゾート施設での商品券など	娯楽・芸術|スポーツ|宿泊|その他	287000.0		12.19	
2015-09-21	3	15	7522	ワタミ	ご優待食事券6,000円分	食事・サービス・割引券	100000.0		12.0	
2015-09-21	3	16	7215	ファルテック	クオ・カード1,000円相当	クオカード・ギフト券	138000.0		10.87	
2015-09-21	3	17	6087	アビスト	アビストH＆F　浸みわたる水素水	飲食料品	156000.0		10.37	
2015-09-21	3	18	3205	ダイドー	優待製品	ファッション	50000.0		9.98	
2015-09-21	3	19	7022	サノヤスＨＤ	パレットタウン大観覧車ご利用券2枚	食事・サービス・割引券	24000.0		9.71	
2015-09-21	3	20	7502	プラザクリエ	デジカメプリント券、年賀状印刷割引券	クオカード・ギフト券	28000.0		9.54	
2015-09-21	6	1	3807	フィスコ	「クラブフィスコ」のIPOナビ（リミテッド）　無料クーポン	その他	27000.0		48.39	
2015-09-21	6	2	4563	アンジェス	自社商品優待券	食事・サービス・割引券	22000.0		44.44	
2015-09-21	6	3	9973	小僧寿し	ご優待割引券1,000円相当	食事・サービス・割引券	9000.0		21.5	
2015-09-21	6	4	9449	ＧＭＯ	サービス利用料の割引	その他	154000.0		16.62	
2015-09-21	6	5	3140	イデアインター	自社・自社グループ健康商品	娯楽・芸術	59000.0		15.2	
2015-09-21	6	6	7177	ＧＭＯクリック	キャッシュバックサービス、モウカレーうどん	飲食料品	75000.0		9.77	
2015-09-21	6	7	2762	三光ＭＦ	食事優待券、お米	クオカード・ギフト券	89000.0		8.5	
2015-09-21	6	8	2305	スタジオアリス	株主写真撮影券	クオカード・ギフト券	227000.0		6.8	
2015-09-21	6	9	8304	あおぞら	商品券2,000円相当	クオカード・ギフト券	436000.0		6.6	
2015-09-21	6	10	3053	ペッパー	株主様優待券又は、自社商品	食事・サービス・割引券	94000.0		6.01	
2015-09-21	6	11	8165	千趣会	お買物券1,000円相当	食事・サービス・割引券	71000.0		5.85	
2015-09-21	6	12	3271	グロバル社	クオ・カード1,000円分	クオカード・ギフト券	43000.0		5.7	
2015-09-21	6	13	3178	チムニー	ご優待食事券、自社オリジナル商品	飲食料品	267000.0		4.68	
2015-09-21	6	14	3028	アルペン	関連施設でのご優待券2,000円相当	スポーツ	186000.0		4.29	
2015-09-21	6	15	9608	福山コンサル	オリジナル図書カード3,000円相当	クオカード・ギフト券	472000.0		4.23	
2015-09-21	6	16	2914	ＪＴ	自社商品詰合せ	飲食料品	400000.0		3.82	
2015-09-21	6	17	2499	日本和装	きものシミ抜き券、クオ・カード、VJAギフトカード	クオカード・ギフト券	26000.0		3.74	
2015-09-21	6	18	9797	大日本コン	オリジナルカタログより商品を贈呈500円相当	飲食料品	38000.0		3.61	
2015-09-21	6	19	2689	カワニシＨＤ	クオ・カード	クオカード・ギフト券	111000.0		3.58	
2015-09-21	6	20	8929	青山財産	各地の名産品3,000円相当	飲食料品	505000.0		3.55	
2015-09-21	7	1	2590	ＤｙＤｏ	自社製品詰合せ（飲料水・ゼリー等）	飲食料品	5000.0		119.29	
2015-09-21	7	2	9829	ながの東	東急百貨店各店舗でのご優待券10％割引	食事・サービス・割引券	216000.0		6.01	
2015-09-21	7	3	3172	ティーライフ	株主優待券	食事・サービス・割引券	87000.0		4.21	
2015-09-21	7	4	7614	オーエムツー	お食事券3,000円相当	食事・サービス・割引券	128000.0		4.2	
2015-09-21	7	5	7590	タカショー	タカショーカタログ内でのご優待、オリジナルカレンダー、イベント紹介	オリジナル・限定	50000.0		3.39	
2015-09-21	7	6	3159	丸善ＣＨＩ	丸善、ジュンク堂書店での商品券	クオカード・ギフト券	34000.0		2.89	
2015-09-21	7	7	6654	不二電機工業	クオ・カード500円相当	クオカード・ギフト券	140000.0		2.85	
2015-09-21	7	8	8142	トーホー	お買物割引券、非売品の自社製品、自社セレクト製品	食事・サービス・割引券	2117000.0		2.83	
2015-09-21	7	9	2353	日駐	時間貸し駐車場ご優待券、スキー場リフト券	娯楽・芸術	129000.0		2.55	
2015-09-21	7	10	3421	稲葉製作	オリジナル図書カード、地域特産品	飲食料品	127000.0		2.51	
2015-09-21	7	11	3662	エイチーム	自転車通販サイト「cyma-サイマ-」の自転車お買物券	食事・サービス・割引券	170000.0		2.49	
2015-09-21	7	12	9632	スバル興	有楽町スバル座でのご優待カード	娯楽・芸術	415000.0		2.41	
2015-09-21	7	13	3193	鳥貴族	優待食事券	飲食料品	240000.0		1.25	
2015-09-21	7	14	8842	楽天地	ご優待券、映画ご招待券	娯楽・芸術	482000.0		1.24	
2015-09-21	7	15	2217	モロゾフ	オンラインショップでの優待割引	食事・サービス・割引券	405000.0		0.98	
2015-09-21	7	16	9637	オーエス	映画館ご優待、梅田OSホテルご宿泊割引券、ご飲食割引券	娯楽・芸術	650000.0		0.76	
2015-09-21	7	17	7850	総合商研	北海道特産品3,000円相当など	飲食料品	612000.0		0.49	
2015-09-21	7	18	9636	きんえい	各劇場共通ご招待券	娯楽・芸術	219000.0		0.34	
2015-09-21	11	1	3244	サムティ	宿泊無料、割引券	宿泊	103000.0		7.95	
2015-09-21	11	2	2769	ヴィレッジＶ	自社グループ買物優待券	食事・サービス・割引券	157000.0		7.23	
2015-09-21	11	3	8887	リベレステ	ご宿泊ご優待券	宿泊	73000.0		5.43	
2015-09-21	11	4	4825	ＷＮＩウェザー	WITHist Clubへの無料入会	その他	385000.0		4.64	
2015-09-21	11	5	9837	モリト	オリジナルクオ・カード1,000円分	クオカード・ギフト券	86000.0		3.76	
2015-09-21	11	6	5942	日フイルコン	ワイン1,000円相当品	飲食料品	46000.0		3.64	
2015-09-21	11	7	3230	スター・マイカ	クオ・カード、生活関連商品など	クオカード・ギフト券	134000.0		3.57	
2015-09-21	11	8	3022	山下医	オリジナル・クオカード	クオカード・ギフト券	161000.0		3.28	
2015-09-21	11	9	1419	タマホーム	請負金額割引、クオ・カード	クオカード・ギフト券|その他	46000.0		3.24	
2015-09-21	11	10	9872	北恵	カタログギフト3,000円相当	食事・サービス・割引券	540000.0		3.14	
2015-09-21	11	11	2796	ファーマライズＨＤ	メディカルアロマや医療用サプリメント	その他	59000.0		2.69	
2015-09-21	11	12	3089	テクノアルファ	クオ・カード	クオカード・ギフト券	150000.0		2.66	
2015-09-21	11	13	9924	ドミー	自社商品の詰合せ3,000円相当	飲食料品	507000.0		2.56	
2015-09-21	11	14	3160	大光	クオ・カード、アミカ商品券	クオカード・ギフト券	78000.0		2.54	
2015-09-21	11	15	6985	ユーシン	クオ・カード1,000円相当	クオカード・ギフト券	78000.0		2.51	
2015-09-21	11	16	2698	キャンドゥ	優待券	食事・サービス・割引券	150000.0		2.48	
2015-09-21	11	17	7630	壱番屋	お食事券1,500円相当	食事・サービス・割引券	536000.0		2.42	
2015-09-21	11	18	2734	サーラ	（地域限定）優待券	食事・サービス・割引券	276000.0		2.35	
2015-09-21	11	19	7501	ティムコ	ご優待割引券20％	食事・サービス・割引券	55000.0		2.17	
2015-09-21	11	20	7594	マルカキカイ	グルメセット1,000円相当	飲食料品	178000.0		2.02	
2015-09-21	12	1	2369	メディビ	おくすり体質検査・同検査キットがご優待価格で購入できる権利	その他			6161.96	
2015-09-21	12	2	6071	ＩＢＪ	IBJメンバーズ（ﾌﾟﾚﾐｱｺｰｽ）入会初期費用100,000円割引券	食事・サービス・割引券	129000.0		78.06	
2015-09-21	12	3	3807	フィスコ	「クラブフィスコ」のIPOナビ（リミテッド）　無料クーポン	その他	27000.0		48.39	
2015-09-21	12	4	4563	アンジェス	自社商品優待券	食事・サービス・割引券	22000.0		44.44	
2015-09-21	12	5	9973	小僧寿し	ご優待割引券1,000円相当	食事・サービス・割引券	9000.0		21.5	
2015-09-21	12	6	9449	ＧＭＯ	サービス利用料の割引	その他	154000.0		16.62	
2015-09-21	12	7	9439	ＭＨグループ	ご優待券3,000円相当	食事・サービス・割引券	28000.0		11.96	
2015-09-21	12	8	2762	三光ＭＦ	食事優待券、お米	クオカード・ギフト券	89000.0		8.5	
2015-09-21	12	9	6078	バリューＨＲ	初年度年会無料、健康関連サービスに使用できるポイント	その他	152000.0		8.18	
2015-09-21	12	10	5015	ＢＰカストロール	クオ・カード1,000円相当	クオカード・ギフト券	606000.0		6.84	
2015-09-21	12	11	8304	あおぞら	商品券2,000円相当	クオカード・ギフト券	436000.0		6.6	
2015-09-21	12	12	2406	アルテＨＤ	ご優待券、オリジナルPB商品、近沢レース店の製品	オリジナル・限定	65000.0		6.09	
2015-09-21	12	13	3053	ペッパー	株主様優待券又は、自社商品	食事・サービス・割引券	94000.0		6.01	
2015-09-21	12	14	8165	千趣会	お買物券1,000円相当	食事・サービス・割引券	71000.0		5.85	
2015-09-21	12	15	4755	楽天	楽天グループクーポン、楽天ゴールデンイーグルスグッズ、野球観戦チケットご優待券	その他	152000.0		5.72	
2015-09-21	12	16	4840	トライアイズ	クーポン券、優待カード	食事・サービス・割引券	38000.0		5.68	
2015-09-21	12	17	3082	きちり	ご優待食事券、無洗米	クオカード・ギフト券	68000.0		5.5	
2015-09-21	12	18	3325	ケンコーコム	自社優待割引念	クオカード・ギフト券	76000.0		5.26	
2015-09-21	12	19	3302	帝繊維	クオ・カード、自社製品（リネン）	クオカード・ギフト券	135000.0		5.17	
2015-09-21	12	20	5816	オーナンバ	クオ・カード500円相当	クオカード・ギフト券	37000.0		4.83	
2015-09-22	10	1	3318	メガネスーパ	優待割引券	食事・サービス・割引券	5000.0		9.8	
2015-09-22	10	2	9444	トーシン	商品券、ゴルフ無料ラウンド	食事・サービス・割引券	57000.0		6.64	
2015-09-22	10	3	1873	日本ハウスＨＤ	銀河高原ビール製造の小麦のビール缶　12本	飲食料品	512000.0		4.88	
2015-09-22	10	4	7640	トップカルチャ	TSUTAYA ギフト券	クオカード・ギフト券	154000.0		4.85	
2015-09-22	10	5	3308	日本ヘルスケア	家賃・介護等優待割引券	交通・旅行	195000.0		3.56	
2015-09-22	10	6	3361	トーエル	自社商品	飲食料品	295000.0		3.55	
2015-09-22	10	7	4666	パーク２４	タイムズチケット	食事・サービス・割引券	219000.0		3.19	
2015-09-22	10	8	6309	巴工業	自社関連ワイン1本	飲食料品	157000.0		2.85	
2015-09-22	10	9	8917	ファースト住建	自社商品　磁器製タンブラーペアセット	その他	131000.0		2.82	
2015-09-22	10	10	9824	泉州電業	図書カード1,000円相当	クオカード・ギフト券	177000.0		2.48	
2015-09-22	10	11	3329	東和フード	優待食事券	飲食料品	384000.0		2.08	
2015-09-22	10	12	2301	学情	オリジナルクオ・カード	クオカード・ギフト券	106000.0		1.97	
2015-09-22	10	13	9603	Ｈ．Ｉ．Ｓ．	ご優待券、ハウステンボス入場割引券	交通・旅行	370000.0		1.83	
2015-09-22	10	14	4355	ロングライフＨＤ	老人ホーム、グループホームの入居一時金や入園金のご優待割引券	その他	32000.0		1.71	
2015-09-22	10	15	9678	カナモト	オリジナル商品から贈呈3,000円相当	飲食料品	2287000.0		1.66	
2015-09-22	10	16	8079	正栄食	自社製品詰合わせ、通販カタログ掲載商品50％割引券	飲食料品	1254000.0		1.35	
2015-09-22	10	17	7959	オリバー	自社カタログ商品50％割引券	オリジナル・限定	1516000.0		1.18	
2015-09-22	10	18	2923	サトウ食品	自社製品詰合せ	飲食料品	323000.0		0.98	
2015-09-22	10	19	2830	アヲハタ	自社製品詰合せ（ジャム等）	飲食料品	257000.0		0.88	
2015-09-22	10	20	3038	神戸物産	自社グループ商品	オリジナル・限定	1142000.0		0.62	
2015-10-14	4	1	3318	メガネスーパ	優待割引券	食事・サービス・割引券	5000.0		9.09	
2015-10-14	4	2	6630	ヤーマン	自社商品（化粧品）	その他	174000.0		7.79	
2015-10-14	4	3	9444	トーシン	商品券、ゴルフ無料ラウンド	食事・サービス・割引券	57000.0		6.62	
2015-10-14	4	4	2159	ＦＳ	グループ会社のサービス無料提供	その他	50000.0		5.95	
2015-10-14	4	5	2198	アイ・ケイ・ケイ	特選お菓子、優待食事券	飲食料品	54000.0		4.57	
2015-10-14	4	6	3843	ＦＢ	新規契約時、初期費用無料提供	その他	85000.0		4.32	
2015-10-14	4	7	2751	テンポス	お食事券、買物券	飲食料品	201000.0		3.46	
2015-10-14	4	8	3308	日本ヘルスケア	家賃・介護等優待割引券	交通・旅行	201000.0		3.45	
2015-10-14	4	9	3361	トーエル	自社商品	飲食料品	308000.0		3.4	
2015-10-14	4	10	8917	ファースト住建	自社商品　磁器製タンブラーペアセット	その他	137000.0		2.69	
2015-10-14	4	11	6097	日本ビューホテル	優待割引券	食事・サービス・割引券	224000.0		2.67	
2015-10-14	4	12	4989	イハラケミカル	静岡銘産品	飲食料品	135000.0		2.21	
2015-10-14	4	13	2593	伊藤園	自社製品詰合せ、通信販売品割引冊子	飲食料品	248000.0		2.21	
2015-10-14	4	14	3329	東和フード	優待食事券	飲食料品	402000.0		1.98	
2015-10-14	4	15	2910	ロックフィルド	惣菜券	食事・サービス・割引券	290000.0		1.89	
2015-10-14	4	16	9603	Ｈ．Ｉ．Ｓ．	ご優待券、ハウステンボス入場割引券	交通・旅行	386000.0		1.75	
2015-10-14	4	17	1333	マルハニチロ	自社グループ取扱商品	オリジナル・限定	172000.0		1.74	
2015-10-14	4	18	1766	東建コーポ	魚沼産コシヒカリ、またはミネラルウォーター、またはカメ仕込み本格芋焼酎	食事・サービス・割引券	929000.0		1.61	
2015-10-14	4	19	4355	ロングライフＨＤ	老人ホーム、グループホームの入居一時金や入園金のご優待割引券	その他	35000.0		1.56	
2015-10-14	4	20	2438	アスカネット	ご優待割引券1枚/1,000円割引	その他	205000.0		1.36	
2015-10-15	1	1	2590	ＤｙＤｏ	自社製品詰合せ（飲料水・ゼリー等）	飲食料品	5000.0		120.23	
2015-10-15	1	2	3169	ミサワ	優待券、食事券、セレクトワインプレゼント	食事・サービス・割引券	67000.0		7.4	
2015-10-15	1	3	8142	トーホー	買物割引券、非売品の自社製品、自社セレクト製品	食事・サービス・割引券	207000.0		7.23	
2015-10-15	1	4	3320	クロスプラス	オンラインショップでのクーポン券	ファッション	73000.0		6.09	
2015-10-15	1	5	4334	ユークス	自社製品3,000円相当	娯楽・芸術	66000.0		6.04	
2015-10-15	1	6	9829	ながの東	東急百貨店各店舗でのご優待券10％割引	食事・サービス・割引券	218000.0		5.96	
2015-10-15	1	7	3071	ストリーム	ストリーム運営サイト「ECカレント」でのご優待割引	クオカード・ギフト券	18000.0		5.52	
2015-10-15	1	8	7614	オーエムツー	優待食事券	食事・サービス・割引券	132000.0		4.08	
2015-10-15	1	9	4924	ＤＲ．シーラボ	自社商品セット	その他	454000.0		4.0	
2015-10-15	1	10	3246	コーセーＲＥ	クオ・カード	クオカード・ギフト券	77000.0		3.89	
2015-10-15	1	11	4358	ＴＹＯ	クオ・カード、TYOオリジナル株主優待	クオカード・ギフト券	101000.0		3.44	
2015-10-15	1	12	7590	タカショー	タカショーカタログ内でのご優待、オリジナルカレンダー、イベント紹介	オリジナル・限定	50000.0		3.4	
2015-10-15	1	13	6387	サムコ	オリジナルクオ・カード	クオカード・ギフト券	90000.0		2.83	
2015-10-15	1	14	6654	不二電機工業	クオ・カード500円相当	クオカード・ギフト券	147000.0		2.71	
2015-10-15	1	15	3421	稲葉製作	オリジナル図書カード、地域特産品	飲食料品	127000.0		2.5	
2015-10-15	1	16	1928	積水ハウス	魚沼産コシヒカリ	クオカード・ギフト券	1979000.0		2.49	
2015-10-15	1	17	9632	スバル興	有楽町スバル座でのご優待カード	娯楽・芸術	423000.0		2.36	
2015-10-15	1	18	3662	エイチーム	自転車通販サイト「cyma-サイマ-」の自転車お買物券	食事・サービス・割引券	182000.0		2.33	
2015-10-15	1	19	7878	光彩工芸	（株主限定）オリジナルジュエリー	オリジナル・限定	246000.0		1.62	
2015-10-15	1	20	3658	イーブック	eBook図書券	クオカード・ギフト券	77000.0		1.4	
2015-10-15	5	1	9855	くろがや	自社商品買物券2,000円分	食事・サービス・割引券	38000.0		8.39	
2015-10-15	5	2	2722	アイケイ	鰹昆亭の和風だし	その他	86000.0		5.56	
2015-10-15	5	3	8887	リベレステ	ご宿泊ご優待券	宿泊	72000.0		5.51	
2015-10-15	5	4	3669	モバクリ	大分県産商品	飲食料品	50000.0		5.0	
2015-10-15	5	5	2792	ハニーズ	商品引換券	ファッション	100000.0		4.99	
2015-10-15	5	6	4825	ＷＮＩウェザー	WITHist Clubへの無料入会	その他	389000.0		4.44	
2015-10-15	5	7	9837	モリト	オリジナルクオ・カード1,000円分	クオカード・ギフト券	82000.0		3.94	
2015-10-15	5	8	7921	宝印刷	選べるギフト	その他	130000.0		3.82	
2015-10-15	5	9	1419	タマホーム	請負金額割引、クオ・カード	クオカード・ギフト券|その他	44000.0		3.34	
2015-10-15	5	10	3230	スター・マイカ	クオ・カード、生活関連商品など	クオカード・ギフト券	147000.0		3.25	
2015-10-15	5	11	9765	オオバ	全国共通おこめ券　1㎏分	クオカード・ギフト券	53000.0		3.16	
2015-10-15	5	12	3022	山下医	オリジナル・クオカード	クオカード・ギフト券	171000.0		3.08	
2015-10-15	5	13	3160	大光	クオ・カード、アミカ商品券	クオカード・ギフト券	80000.0		2.48	
2015-10-15	5	14	7630	壱番屋	食事券	食事・サービス・割引券	532000.0		2.44	
2015-10-15	5	15	8908	毎コムネット	全国のホテルや温泉旅行、ゴルフ場のご優待割引券	その他	115000.0		2.43	
2015-10-15	5	16	1377	サカタのタネ	商品カタログ	クオカード・ギフト券	241000.0		2.23	
2015-10-15	5	17	3201	ニッケ	優待割引券	クオカード・ギフト券	978000.0		2.14	
2015-10-15	5	18	3075	銚子丸	優待食事券	食事・サービス・割引券	419000.0		1.83	
2015-10-15	5	19	4465	ニイタカ	ジェフグルメカード、日本旅行ギフト旅行券	飲食料品	149000.0		1.74	
2015-10-15	5	20	3148	クリエイトＳＤＨ	優待買物券	クオカード・ギフト券	684000.0		1.53	
2015-10-15	6	1	4563	アンジェス	自社商品優待券	食事・サービス・割引券	20000.0		48.54	
2015-10-15	6	2	3807	フィスコ	「クラブフィスコ」のIPOナビ（リミテッド）　無料クーポン	その他	26000.0		23.59	
2015-10-15	6	3	9973	小僧寿し	ご優待割引券1,000円相当	食事・サービス・割引券	9000.0		21.97	
2015-10-15	6	4	9449	ＧＭＯ	サービス利用料の割引	その他	151000.0		16.91	
2015-10-15	6	5	3140	イデアインター	自社・自社グループ健康商品	娯楽・芸術	60000.0		14.77	
2015-10-15	6	6	7177	ＧＭＯクリック	キャッシュバックサービス、モウカレーうどん	飲食料品	79000.0		9.28	
2015-10-15	6	7	2762	三光ＭＦ	食事優待券、お米	クオカード・ギフト券	93000.0		8.12	
2015-10-15	6	8	8304	あおぞら	商品券2,000円相当	クオカード・ギフト券	430000.0		6.69	
2015-10-15	6	9	2305	スタジオアリス	株主写真撮影券	クオカード・ギフト券	233000.0		6.65	
2015-10-15	6	10	3053	ペッパー	株主様優待券又は、自社商品	食事・サービス・割引券	100000.0		5.64	
2015-10-15	6	11	3271	グロバル社	クオ・カード1,000円分	クオカード・ギフト券	45000.0		5.53	
2015-10-15	6	12	8165	千趣会	買物優待券	食事・サービス・割引券	76000.0		5.5	
2015-10-15	6	13	3660	アイスタイル	優待割引券	食事・サービス・割引券	99000.0		4.92	
2015-10-15	6	14	6785	鈴木	地元名産お菓子詰合せ	クオカード・ギフト券	57000.0		4.5	
2015-10-15	6	15	3178	チムニー	ご優待食事券、自社オリジナル商品	飲食料品	290000.0		4.3	
2015-10-15	6	16	3028	アルペン	関連施設でのご優待券2,000円相当	スポーツ	194000.0		4.11	
2015-10-15	6	17	2914	ＪＴ	自社商品詰合せ	飲食料品	395000.0		3.87	
2015-10-15	6	18	2499	日本和装	きものシミ抜き券、クオ・カード、VJAギフトカード	クオカード・ギフト券	28000.0		3.57	
2015-10-15	6	19	2579	コカウエスト	株主優待ポイント付与	飲食料品	221000.0		3.48	
2015-10-15	6	20	2689	カワニシＨＤ	クオ・カード	クオカード・ギフト券	117000.0		3.4	
2015-10-15	8	1	7818	トランザクション	優待商品	その他	91000.0		8.55	
2015-10-15	8	2	8274	東武ストア	ご優待券、図書カード	クオカード・ギフト券	292000.0		7.31	
2015-10-15	8	3	9778	昴	運営教室でのご優待券、青森産りんご	飲食料品	381000.0		5.77	
2015-10-15	8	4	3174	ハピネス＆Ｄ	ご優待券、限定オリジナル商品、割引券	オリジナル・限定|食事・サービス・割引券	78000.0		5.75	
2015-10-15	8	5	8127	ヤマトインター	自社製品	ファッション	39000.0		5.62	
2015-10-15	8	6	3222	Ｕ．Ｓ．Ｍ．Ｈ	---	食事・サービス・割引券	106000.0		5.61	
2015-10-15	8	7	9861	吉野家ＨＤ	ご優待券3,000円分	食事・サービス・割引券	149000.0		5.33	
2015-10-15	8	8	3063	ｊＧｒｏｕｐ	ご優待食事券、グループ商品	食事・サービス・割引券	80000.0		5.28	
2015-10-15	8	9	7520	エコス	株主優待券又は、自社取扱米（コシヒカリ）	クオカード・ギフト券	143000.0		5.23	
2015-10-15	8	10	7445	ライトオン	自社経営全店舗（オンラインショップ除く）で利用可能な優待券	食事・サービス・割引券	102000.0		4.9	
2015-10-15	8	11	4745	東京個別	自社運営の教室にて通常授業料・受講費の割引	その他	57000.0		4.86	
2015-10-15	8	12	3344	ワンダーＣｏ．	優待買物券、自社カタログ優待商品	食事・サービス・割引券|クオカード・ギフト券|その他	93000.0		4.8	
2015-10-15	8	13	8519	ポケットＣ	クオ・カード、ポケットポイント	その他	59000.0		4.69	
2015-10-15	8	14	4668	明光ネット	オリジナルクオカード	クオカード・ギフト券	141000.0		4.53	
2015-10-15	8	15	9993	ヤマザワ	ご優待買物券、山形県産特別栽培米	クオカード・ギフト券	166000.0		4.37	
2015-10-15	8	16	3333	あさひ	優待券	食事・サービス・割引券	125000.0		4.13	
2015-10-15	8	17	2736	サダマツ	オリジナルジュエリー、買物優待券	オリジナル・限定|食事・サービス・割引券	303000.0		3.96	
2015-10-15	8	18	2798	Ｙ’ｓ	ご優待券5,000円相当	食事・サービス・割引券	255000.0		3.92	
2015-10-15	8	19	3045	カワサキ	レイクアルスターシェニールハンカチ、自社製品	ファッション	130000.0		3.83	
2015-10-15	8	20	2683	魚喜	魚喜厳選「塩数の子」セット	飲食料品	131000.0		3.81	
2015-10-22	2	1	8175	ベスト電	ご優待割引券1枚/1,000円券	クオカード・ギフト券	13000.0		36.69	
2015-10-22	2	2	4645	市進ＨＤ	市進教育グループ受講割引券	その他	121000.0		12.34	
2015-10-22	2	3	7818	トランザクション	優待商品	その他	91000.0		8.51	
2015-10-22	2	4	8274	東武ストア	株主優待券又は、図書カード	クオカード・ギフト券	301000.0		7.09	
2015-10-22	2	5	7512	イオン北海	株主優待券	クオカード・ギフト券	52000.0		6.69	
2015-10-22	2	6	9381	エーアイテイー	「古座川ゆず平井の里」、「那智黒総本舗」の詰合せ	飲食料品	110000.0		6.32	
2015-10-22	2	7	9778	昴	運営教室でのご優待券、青森産りんご	飲食料品	381000.0		5.77	
2015-10-22	2	8	9876	コックス	ご優待券2,000円分	食事・サービス・割引券	35000.0		5.61	
2015-10-22	2	9	7603	マックハウス	買物券	クオカード・ギフト券	91000.0		5.49	
2015-10-22	2	10	3063	ｊＧｒｏｕｐ	ご優待食事券、グループ商品	食事・サービス・割引券	78000.0		5.44	
2015-10-22	2	11	3222	Ｕ．Ｓ．Ｍ．Ｈ	---	食事・サービス・割引券	111000.0		5.37	
2015-10-22	2	12	9861	吉野家ＨＤ	ご優待券3,000円分	食事・サービス・割引券	150000.0		5.3	
2015-10-22	2	13	8171	ＭＶ中部	株主優待券又は、自社指定商品	食事・サービス・割引券	120000.0		5.15	
2015-10-22	2	14	7520	エコス	株主優待券又は、自社取扱米（コシヒカリ）	クオカード・ギフト券	147000.0		5.06	
2015-10-22	2	15	8287	ＭＶ西日本	株主優待又は、兵庫県優待商品等（選択制）	食事・サービス・割引券	168000.0		5.05	
2015-10-22	2	16	4745	東京個別	自社運営の教室にて通常授業料・受講費の割引	その他	58000.0		4.82	
2015-10-22	2	17	8519	ポケットＣ	クオ・カード、ポケットポイント	その他	58000.0		4.81	
2015-10-22	2	18	8198	ＭＶ東海	優待品（選択制）	飲食料品	183000.0		4.68	
2015-10-22	2	19	3073	ダイヤモンドＤ	食事券、お米	クオカード・ギフト券	110000.0		4.67	
2015-10-22	2	20	9979	大庄	ご優待飲食券、産地直送の特産品	飲食料品	140000.0		4.57	
2015-10-22	3	1	8107	キムラタン	オンラインストアご優待クーポンキー、ご優待券	食事・サービス・割引券	9000.0		55.55	
2015-10-22	3	2	1878	大東建	建築工事請負代金 キャッシュバック、賃貸仲介手数料無料券等	その他	1298000.0		49.26	
2015-10-22	3	3	7602	カーチスＨＤ	株主優待券	交通・旅行	68000.0		44.52	
2015-10-22	3	4	2656	ベクター	オンラインゲーム利用チケット	娯楽・芸術	43000.0		22.83	
2015-10-22	3	5	2453	ＪＢＲ	キッザニア(東京・甲子園)スポンサーイベントデー招待券	その他	22000.0		22.8	
2015-10-22	3	6	8705	岡藤ＨＤ	金やプラチナの値引きサービス	クオカード・ギフト券	18000.0		19.02	
2015-10-22	3	7	3187	サンワカンパニー	優待割引券	食事・サービス・割引券	34000.0		17.97	
2015-10-22	3	8	2666	オートウェーブ	優待買物券	食事・サービス・割引券	12000.0		15.0	
2015-10-22	3	9	7522	ワタミ	優待食事券	食事・サービス・割引券	88000.0		13.49	
2015-10-22	3	10	3347	トラスト	Ｊネットレンタカーご利用割引券 、三菱ＵＦＪニコスギフトカード	食事・サービス・割引券|交通・旅行	25000.0		12.76	
2015-10-22	3	11	4765	モーニングスター	日刊「株式新聞web版」無料クーポン券	その他	29000.0		11.8	
2015-10-22	3	12	4680	ラウンドワン	クラブカード引換券等	娯楽・芸術	54000.0		11.05	
2015-10-22	3	13	6087	アビスト	アビストH＆F　浸みわたる水素水	飲食料品	158000.0		10.2	
2015-10-22	3	14	3205	ダイドー	優待製品	ファッション	49000.0		10.04	
2015-10-22	3	15	6412	平和	優待割引券	食事・サービス・割引券	221000.0		9.91	
2015-10-22	3	16	5261	リソル	宿泊、ゴルフリゾート施設での商品券など	娯楽・芸術|スポーツ|宿泊|その他	275000.0		8.72	
2015-10-22	3	17	2058	ヒガシマル	自社食品	飲食料品	81000.0		8.5	
2015-10-22	3	18	7524	マルシェ	優待食事券	食事・サービス・割引券	84000.0		8.5	
2015-10-22	3	19	4929	アジュバン	自社製品	オリジナル・限定	89000.0		8.25	
2015-10-22	3	20	8613	丸三証	海苔詰め合わせ、魚沼産コシヒカリ	クオカード・ギフト券	115000.0		8.19	
2015-10-22	7	1	2590	ＤｙＤｏ	自社製品詰合せ（飲料水・ゼリー等）	飲食料品	5000.0		117.89	
2015-10-22	7	2	8142	トーホー	買物割引券、非売品の自社製品、自社セレクト製品	食事・サービス・割引券	219000.0		6.82	
2015-10-22	7	3	9829	ながの東	東急百貨店各店舗でのご優待券10％割引	食事・サービス・割引券	213000.0		6.1	
2015-10-22	7	4	7614	オーエムツー	優待食事券	食事・サービス・割引券	135000.0		4.0	
2015-10-22	7	5	3172	ティーライフ	株主優待券	食事・サービス・割引券	94000.0		3.89	
2015-10-22	7	6	7850	総合商研	北海道特産品等	飲食料品	638000.0		3.6	
2015-10-22	7	7	7590	タカショー	タカショーカタログ内でのご優待、オリジナルカレンダー、イベント紹介	オリジナル・限定	50000.0		3.36	
2015-10-22	7	8	3159	丸善ＣＨＩ	丸善、ジュンク堂書店での商品券	クオカード・ギフト券	35000.0		2.82	
2015-10-22	7	9	6654	不二電機工業	クオ・カード500円相当	クオカード・ギフト券	147000.0		2.7	
2015-10-22	7	10	3421	稲葉製作	オリジナル図書カード、地域特産品	飲食料品	127000.0		2.51	
2015-10-22	7	11	2353	日駐	時間貸し駐車場ご優待券、スキー場リフト券	娯楽・芸術	138000.0		2.39	
2015-10-22	7	12	9632	スバル興	有楽町スバル座でのご優待カード	娯楽・芸術	421000.0		2.37	
2015-10-22	7	13	3662	エイチーム	自転車通販サイト「cyma-サイマ-」の自転車お買物券	食事・サービス・割引券	187000.0		2.27	
2015-10-22	7	14	3193	鳥貴族	優待食事券	飲食料品	228000.0		1.31	
2015-10-22	7	15	8842	楽天地	優待券、映画ご招待券	娯楽・芸術	484000.0		1.24	
2015-10-22	7	16	2217	モロゾフ	オンラインショップでの優待割引	食事・サービス・割引券	411000.0		0.97	
2015-10-22	7	17	9637	オーエス	映画館ご優待、飲食割引券	娯楽・芸術	677000.0		0.73	
2015-10-22	7	18	9636	きんえい	各劇場共通ご招待券	娯楽・芸術	236000.0		0.31	
2015-10-22	7	19	6040	日本スキー	自社グループ運営スキー場・施設優待割引等	食事・サービス・割引券	463000.0		0.0	
2015-10-22	10	1	3318	メガネスーパ	優待割引券	食事・サービス・割引券	5000.0		8.92	
2015-10-22	10	2	9444	トーシン	商品券、ゴルフ無料ラウンド	食事・サービス・割引券	57000.0		6.57	
2015-10-22	10	3	7640	トップカルチャ	TSUTAYA ギフト券	クオカード・ギフト券	151000.0		4.95	
2015-10-22	10	4	1873	日本ハウスＨＤ	銀河高原ビール製造の小麦のビール缶　12本	飲食料品	523000.0		4.78	
2015-10-22	10	5	3308	日本ヘルスケア	家賃・介護等優待割引券	交通・旅行	201000.0		3.45	
2015-10-22	10	6	3361	トーエル	自社商品	飲食料品	315000.0		3.32	
2015-10-22	10	7	4666	パーク２４	タイムズチケット	食事・サービス・割引券	238000.0		2.92	
2015-10-22	10	8	6309	巴工業	自社関連ワイン	飲食料品	167000.0		2.68	
2015-10-22	10	9	8917	ファースト住建	自社商品　磁器製タンブラーペアセット	その他	138000.0		2.67	
2015-10-22	10	10	6097	日本ビューホテル	優待割引券	食事・サービス・割引券	233000.0		2.56	
2015-10-22	10	11	9824	泉州電業	図書カード1,000円相当	クオカード・ギフト券	185000.0		2.37	
2015-10-22	10	12	3329	東和フード	優待食事券	飲食料品	404000.0		1.98	
2015-10-22	10	13	2301	学情	オリジナルクオ・カード	クオカード・ギフト券	112000.0		1.87	
2015-10-22	10	14	9603	Ｈ．Ｉ．Ｓ．	ご優待券、ハウステンボス入場割引券	交通・旅行	406000.0		1.67	
2015-10-22	10	15	9678	カナモト	オリジナル商品から贈呈3,000円相当	飲食料品	2465000.0		1.54	
2015-10-22	10	16	4355	ロングライフＨＤ	老人ホーム、グループホームの入居一時金や入園金のご優待割引券	その他	37000.0		1.46	
2015-10-22	10	17	8079	正栄食	自社製品詰合せ、通販カタログ掲載商品割引券	飲食料品	131000.0		1.29	
2015-10-22	10	18	3134	Ｈａｍｅｅ	自社クーポン	娯楽・芸術	235000.0		1.27	
2015-10-22	10	19	7959	オリバー	自社カタログ商品割引券	オリジナル・限定	1700000.0		1.05	
2015-10-22	10	20	2923	サトウ食品	自社製品詰合せ	飲食料品	330000.0		0.96	
2015-10-22	11	1	2769	ヴィレッジＶ	自社グループ買物優待券	食事・サービス・割引券	170000.0		6.68	
2015-10-22	11	2	3244	サムティ	宿泊無料、割引券	宿泊	123000.0		6.64	
2015-10-22	11	3	8887	リベレステ	ご宿泊ご優待券	宿泊	74000.0		5.39	
2015-10-22	11	4	4825	ＷＮＩウェザー	WITHist Clubへの無料入会	その他	389000.0		4.44	
2015-10-22	11	5	9837	モリト	オリジナルクオ・カード1,000円分	クオカード・ギフト券	84000.0		3.85	
2015-10-22	11	6	1419	タマホーム	請負金額割引、クオ・カード	クオカード・ギフト券|その他	44000.0		3.4	
2015-10-22	11	7	3230	スター・マイカ	クオ・カード、生活関連商品など	クオカード・ギフト券	144000.0		3.32	
2015-10-22	11	8	5942	日フイルコン	ギフト商品（ワイン）	飲食料品	52000.0		3.26	
2015-10-22	11	9	3022	山下医	オリジナル・クオカード	クオカード・ギフト券	170000.0		3.1	
2015-10-22	11	10	6985	ユーシン	クオ・カード	クオカード・ギフト券	78000.0		2.8	
2015-10-22	11	11	3089	テクノアルファ	クオ・カード	クオカード・ギフト券	148000.0		2.69	
2015-10-22	11	12	7965	象印マホービン	自社商品の優待価格販売（家電製品等）	食事・サービス・割引券	154000.0		2.58	
2015-10-22	11	13	2796	ファーマライズＨＤ	メディカルアロマや医療用サプリメント	その他	62000.0		2.56	
2015-10-22	11	14	9872	北恵	カタログギフト	食事・サービス・割引券	585000.0		2.56	
2015-10-22	11	15	9924	ドミー	自社商品の詰合せ3,000円相当	飲食料品	511000.0		2.54	
2015-10-22	11	16	3160	大光	クオ・カード、アミカ商品券	クオカード・ギフト券	80000.0		2.49	
2015-10-22	11	17	6076	アメイズ	株主優待券	食事・サービス・割引券	80000.0		2.49	
2015-10-22	11	18	7630	壱番屋	食事券	食事・サービス・割引券	539000.0		2.41	
2015-10-22	11	19	2698	キャンドゥ	優待券	食事・サービス・割引券	157000.0		2.38	
2015-10-22	11	20	2734	サーラ	（地域限定）優待券	食事・サービス・割引券	299000.0		2.17	
2015-10-22	12	1	2369	メディビ	おくすり体質検査・同検査キットがご優待価格で購入できる権利	その他			6161.96	
2015-10-22	12	2	4563	アンジェス	自社商品優待券	食事・サービス・割引券	20000.0		48.07	
2015-10-22	12	3	3807	フィスコ	「クラブフィスコ」のIPOナビ（リミテッド）　無料クーポン	その他	26000.0		23.5	
2015-10-22	12	4	9973	小僧寿し	ご優待割引券1,000円相当	食事・サービス・割引券	9000.0		21.73	
2015-10-22	12	5	9449	ＧＭＯ	サービス利用料の割引	その他	165000.0		15.57	
2015-10-22	12	6	9439	ＭＨグループ	ご優待券3,000円相当	食事・サービス・割引券	29000.0		11.43	
2015-10-22	12	7	2762	三光ＭＦ	食事優待券、お米	クオカード・ギフト券	93000.0		8.12	
2015-10-22	12	8	6078	バリューＨＲ	初年度年会無料、健康関連サービスに使用できるポイント	その他	172000.0		7.25	
2015-10-22	12	9	8304	あおぞら	ＪＴＢナイスギフト優待券	クオカード・ギフト券	433000.0		6.64	
2015-10-22	12	10	2406	アルテＨＤ	ご優待券、オリジナルPB商品、近沢レース店の製品	オリジナル・限定	67000.0		5.97	
2015-10-22	12	11	3053	ペッパー	株主様優待券又は、自社商品	食事・サービス・割引券	103000.0		5.47	
2015-10-22	12	12	3082	きちり	ご優待食事券、無洗米	クオカード・ギフト券	68000.0		5.45	
2015-10-22	12	13	4840	トライアイズ	クーポン券、優待カード	食事・サービス・割引券	40000.0		5.45	
2015-10-22	12	14	8165	千趣会	買物優待券	食事・サービス・割引券	79000.0		5.26	
2015-10-22	12	15	3325	ケンコーコム	自社優待割引念	クオカード・ギフト券	77000.0		5.16	
2015-10-22	12	16	4755	楽天	楽天グループクーポン、楽天ゴールデンイーグルスグッズ、野球観戦チケットご優待券	その他	172000.0		5.06	
2015-10-22	12	17	5816	オーナンバ	オリジナルクオ・カード	クオカード・ギフト券	38000.0		4.77	
2015-10-22	12	18	3302	帝繊維	クオ・カード、自社製品（リネン）	クオカード・ギフト券	150000.0		4.65	
2015-10-22	12	19	3178	チムニー	ご優待食事券、自社オリジナル商品	飲食料品	293000.0		4.25	
2015-10-22	12	20	3028	アルペン	関連施設でのご優待券2,000円相当	スポーツ	196000.0		4.08	
2015-11-14	1	1	2590	ＤｙＤｏ	自社製品詰合せ（飲料水・ゼリー等）	飲食料品	5000.0		112.22	
2015-11-14	1	2	3169	ミサワ	優待券、食事券、セレクトワインプレゼント	食事・サービス・割引券	71000.0		7.0	
2015-11-14	1	3	3320	クロスプラス	オンラインショップでのクーポン券	ファッション	66000.0		6.81	
2015-11-14	1	4	8142	トーホー	買物割引券、非売品の自社製品、自社セレクト製品	食事・サービス・割引券	241000.0		6.2	
2015-11-14	1	5	9829	ながの東	買物優待券	食事・サービス・割引券	218000.0		5.96	
2015-11-14	1	6	4334	ユークス	自社製品3,000円相当	娯楽・芸術	71000.0		5.63	
2015-11-14	1	7	3071	ストリーム	ストリーム運営サイト「ECカレント」でのご優待割引	クオカード・ギフト券	18000.0		5.52	
2015-11-14	1	8	4924	ＤＲ．シーラボ	自社商品セット	その他	460000.0		3.95	
2015-11-14	1	9	7614	オーエムツー	優待食事券	食事・サービス・割引券	137000.0		3.93	
2015-11-14	1	10	3246	コーセーＲＥ	クオ・カード	クオカード・ギフト券	80000.0		3.73	
2015-11-14	1	11	7590	タカショー	タカショーカタログ内でのご優待、オリジナルカレンダー、イベント紹介	オリジナル・限定	51000.0		3.28	
2015-11-14	1	12	4358	ＴＹＯ	クオ・カード、TYOオリジナル株主優待	クオカード・ギフト券	204000.0		2.94	
2015-11-14	1	13	8703	ＫＡＢＵ．ＣＯＭ	現物株式委託手数料割引	その他	40000.0		2.86	
2015-11-14	1	14	6387	サムコ	オリジナルクオ・カード	クオカード・ギフト券	93000.0		2.76	
2015-11-14	1	15	6654	不二電機工業	クオ・カード	クオカード・ギフト券	149000.0		2.68	
2015-11-14	1	16	3421	稲葉製作	オリジナル図書カード、地域特産品	飲食料品	133000.0		2.39	
2015-11-14	1	17	1928	積水ハウス	魚沼産コシヒカリ	クオカード・ギフト券	2079000.0		2.37	
2015-11-14	1	18	9632	スバル興	有楽町スバル座での優待カード	娯楽・芸術	422000.0		2.37	
2015-11-14	1	19	3662	エイチーム	自転車通販サイト「cyma-サイマ-」の自転車お買物券	食事・サービス・割引券	188000.0		2.25	
2015-11-14	1	20	7878	光彩工芸	（株主限定）オリジナルジュエリー	オリジナル・限定	249000.0		1.6	
2015-11-14	4	1	3318	メガネスーパ	優待割引券	食事・サービス・割引券	5000.0		9.25	
2015-11-14	4	2	6630	ヤーマン	自社商品（化粧品）	その他	177000.0		7.66	
2015-11-14	4	3	2159	ＦＳ	グループ会社のサービス無料提供	その他	50000.0		5.97	
2015-11-14	4	4	3843	ＦＢ	新規契約時、初期費用無料提供	その他	73000.0		5.06	
2015-11-14	4	5	2198	アイ・ケイ・ケイ	特選お菓子、優待食事券	飲食料品	55000.0		4.5	
2015-11-14	4	6	8917	ファースト住建	自社商品　磁器製タンブラーペアセット	その他	128000.0		3.67	
2015-11-14	4	7	3308	日本ヘルスケア	家賃・介護等優待割引券	交通・旅行	192000.0		3.6	
2015-11-14	4	8	2751	テンポス	お食事券、買物券	飲食料品	195000.0		3.58	
2015-11-14	4	9	3329	東和フード	優待食事券	飲食料品	192000.0		3.37	
2015-11-14	4	10	3361	トーエル	自社商品	飲食料品	319000.0		3.28	
2015-11-14	4	11	9444	トーシン	商品券、ゴルフラウンド無料券	食事・サービス・割引券	55000.0		3.24	
2015-11-14	4	12	8703	ＫＡＢＵ．ＣＯＭ	現物株式委託手数料割引	その他	40000.0		2.86	
2015-11-14	4	13	6097	日本ビューホテル	優待割引券	食事・サービス・割引券	222000.0		2.69	
2015-11-14	4	14	2593	伊藤園	自社製品詰合せ、通信販売品割引冊子	飲食料品	265000.0		2.07	
2015-11-14	4	15	4989	イハラケミカル	静岡銘産品	飲食料品	154000.0		1.93	
2015-11-14	4	16	2910	ロックフィルド	惣菜券	食事・サービス・割引券	309000.0		1.78	
2015-11-14	4	17	1766	東建コーポ	魚沼産コシヒカリ、またはミネラルウォーター、またはカメ仕込み本格芋焼酎	食事・サービス・割引券	938000.0		1.59	
2015-11-14	4	18	9603	Ｈ．Ｉ．Ｓ．	優待券、ハウステンボス入場割引券	交通・旅行	427000.0		1.59	
2015-11-14	4	19	4355	ロングライフＨＤ	老人ホーム、グループホームの入居一時金や入園金のご優待割引券	その他	34000.0		1.57	
2015-11-14	4	20	1333	マルハニチロ	自社グループ取扱商品	オリジナル・限定	197000.0		1.52	
2015-11-14	5	1	9855	くろがや	自社商品買物券	食事・サービス・割引券	38000.0		8.33	
2015-11-14	5	2	3669	モバクリ	大分県産商品	飲食料品	45000.0		5.53	
2015-11-14	5	3	2722	アイケイ	鰹昆亭の和風だし	その他	89000.0		5.34	
2015-11-14	5	4	2792	ハニーズ	商品引換券	ファッション	102000.0		4.87	
2015-11-14	5	5	4825	ＷＮＩウェザー	WITHist Clubへの無料入会	その他	404000.0		4.28	
2015-11-14	5	6	7921	宝印刷	選べるギフト	その他	138000.0		3.61	
2015-11-14	5	7	9837	モリト	オリジナル・クオカード	クオカード・ギフト券	90000.0		3.6	
2015-11-14	5	8	9765	オオバ	全国共通おこめ券	クオカード・ギフト券	49000.0		3.46	
2015-11-14	5	9	1419	タマホーム	請負金額割引、クオ・カード	クオカード・ギフト券|その他	45000.0		3.29	
2015-11-14	5	10	3230	スター・マイカ	クオ・カード、生活関連商品など	クオカード・ギフト券	147000.0		3.26	
2015-11-14	5	11	3022	山下医	オリジナル・クオカード	クオカード・ギフト券	179000.0		2.94	
2015-11-14	5	12	8703	ＫＡＢＵ．ＣＯＭ	現物株式委託手数料割引	その他	40000.0		2.86	
2015-11-14	5	13	3160	大光	クオ・カード、アミカ商品券	クオカード・ギフト券	82000.0		2.42	
2015-11-14	5	14	8908	毎コムネット	「ベネフィット・ステーション」を１年間会員利用権	その他	116000.0		2.39	
2015-11-14	5	15	7630	壱番屋	食事券	食事・サービス・割引券	589000.0		2.2	
2015-11-14	5	16	3201	ニッケ	優待割引券	クオカード・ギフト券	999000.0		2.1	
2015-11-14	5	17	3075	銚子丸	優待食事券	食事・サービス・割引券	412000.0		1.86	
2015-11-14	5	18	4465	ニイタカ	ジェフグルメカード、日本旅行ギフト旅行券	飲食料品	155000.0		1.67	
2015-11-14	5	19	3148	クリエイトＳＤＨ	優待買物券	クオカード・ギフト券	743000.0		1.41	
2015-11-14	5	20	7487	小津産業	トイレットペーパー詰合せ	その他	216000.0		1.15	
2015-11-14	6	1	4563	アンジェス	自社商品優待券	食事・サービス・割引券	20000.0		48.54	
2015-11-14	6	2	3807	フィスコ	「クラブフィスコ」のIPOナビ（リミテッド）　無料クーポン	その他	24000.0		25.4	
2015-11-14	6	3	9973	小僧寿し	優待割引券	食事・サービス・割引券	54000.0		18.34	
2015-11-14	6	4	3140	イデアインター	自社・自社グループ健康商品	娯楽・芸術	59000.0		15.02	
2015-11-14	6	5	9449	ＧＭＯ	サービス利用料優待割引券	その他	171000.0		14.95	
2015-11-14	6	6	7177	ＧＭＯクリック	キャッシュバックサービス、モウカレーうどん	飲食料品	82000.0		8.92	
2015-11-14	6	7	2762	三光ＭＦ	食事優待券、お米	クオカード・ギフト券	94000.0		8.03	
2015-11-14	6	8	8304	あおぞら	ＪＴＢナイスギフト優待券	クオカード・ギフト券	430000.0		6.69	
2015-11-14	6	9	3271	グロバル社	オリジナル・クオカード	クオカード・ギフト券	45000.0		5.48	
2015-11-14	6	10	3053	ペッパー	株主様優待券又は、自社商品	食事・サービス・割引券	103000.0		5.4	
2015-11-14	6	11	8165	千趣会	買物優待券	食事・サービス・割引券	82000.0		5.07	
2015-11-14	6	12	9966	藤久	買物優待券	食事・サービス・割引券	175000.0		4.67	
2015-11-14	6	13	6785	鈴木	地元名産お菓子詰合せ	クオカード・ギフト券	62000.0		4.14	
2015-11-14	6	14	9608	福山コンサル	オリジナル・クオカード	クオカード・ギフト券	501000.0		3.99	
2015-11-14	6	15	3028	アルペン	関連施設でのご優待券2,000円相当	スポーツ	202000.0		3.94	
2015-11-14	6	16	3178	チムニー	ご優待食事券、自社オリジナル商品	飲食料品	322000.0		3.87	
2015-11-14	6	17	9612	ラックランド	宮城県特産品（にら饅頭セット、さんま・さけ昆布巻等）	飲食料品	203000.0		3.69	
2015-11-14	6	18	3660	アイスタイル	優待割引券	食事・サービス・割引券	140000.0		3.49	
2015-11-14	6	19	2914	ＪＴ	自社商品詰合せ	飲食料品	442000.0		3.46	
2015-11-14	6	20	2499	日本和装	きものシミ抜き券、クオ・カード、VJAギフトカード	クオカード・ギフト券	29000.0		3.44	
2015-11-14	8	1	7818	トランザクション	優待商品	その他	103000.0		7.52	
2015-11-14	8	2	8274	東武ストア	株主優待券又は、図書カード	クオカード・ギフト券	302000.0		7.07	
2015-11-14	8	3	3222	Ｕ．Ｓ．Ｍ．Ｈ	---	食事・サービス・割引券	106000.0		5.66	
2015-11-14	8	4	3174	ハピネス＆Ｄ	ご優待券、限定オリジナル商品、割引券	オリジナル・限定|食事・サービス・割引券	81000.0		5.49	
2015-11-14	8	5	8127	ヤマトインター	自社製品	ファッション	42000.0		5.22	
2015-11-14	8	6	9861	吉野家ＨＤ	買物優待券	食事・サービス・割引券	153000.0		5.2	
2015-11-14	8	7	3063	ｊＧｒｏｕｐ	ご優待食事券、グループ商品	食事・サービス・割引券	85000.0		5.0	
2015-11-14	8	8	2157	コシダカＨＤ	「本舗まねきねこ」等で利用可能な優待券+カタログギフト	オリジナル・限定|娯楽・芸術	227000.0		4.82	
2015-11-14	8	9	2736	サダマツ	オリジナルジュエリー、買物優待券	オリジナル・限定|食事・サービス・割引券	251000.0		4.78	
2015-11-14	8	10	3344	ワンダーＣｏ．	優待買物券、自社カタログ優待商品	食事・サービス・割引券|クオカード・ギフト券|その他	97000.0		4.63	
2015-11-14	8	11	4745	東京個別	自社運営の教室にて通常授業料・受講費の割引	その他	61000.0		4.54	
2015-11-14	8	12	9778	昴	運営教室での優待券、青森産りんご	飲食料品	380000.0		4.47	
2015-11-14	8	13	4668	明光ネット	オリジナルクオカード	クオカード・ギフト券	145000.0		4.4	
2015-11-14	8	14	3333	あさひ	優待券	食事・サービス・割引券	121000.0		4.27	
2015-11-14	8	15	9979	大庄	優待飲食券、産地直送の特産品	飲食料品	150000.0		4.25	
2015-11-14	8	16	7520	エコス	株主優待券又は、自社取扱米（コシヒカリ）	クオカード・ギフト券	184000.0		4.04	
2015-11-14	8	17	2683	魚喜	魚喜厳選「塩数の子」セット	飲食料品	126000.0		3.96	
2015-11-14	8	18	3045	カワサキ	レイクアルスターシェニールハンカチ、自社製品	ファッション	130000.0		3.84	
2015-11-14	8	19	7601	ポプラ	優待買物券	食事・サービス・割引券	53000.0		3.72	
2015-11-14	8	20	5018	ＭＯＲＥＳＣＯ	クオ・カード	クオカード・ギフト券	161000.0		3.7	
2015-11-22	2	1	8175	ベスト電	優待割引券	クオカード・ギフト券	13000.0		37.5	
2015-11-22	2	2	4645	市進ＨＤ	市進教育グループ受講割引券	その他	120000.0		12.44	
2015-11-22	2	3	7818	トランザクション	優待商品	その他	106000.0		7.33	
2015-11-22	2	4	8274	東武ストア	株主優待券又は、図書カード	クオカード・ギフト券	309000.0		6.91	
2015-11-22	2	5	7512	イオン北海	株主優待券	クオカード・ギフト券	55000.0		6.32	
2015-11-22	2	6	9381	エーアイテイー	「古座川ゆず平井の里」、「那智黒総本舗」の詰合せ	飲食料品	113000.0		6.18	
2015-11-22	2	7	3222	Ｕ．Ｓ．Ｍ．Ｈ	優待券又は、お米	食事・サービス・割引券	103000.0		5.79	
2015-11-22	2	8	9876	コックス	株主優待カード	食事・サービス・割引券	36000.0		5.42	
2015-11-22	2	9	7603	マックハウス	買物券	クオカード・ギフト券	95000.0		5.21	
2015-11-22	2	10	9861	吉野家ＨＤ	買物優待券	食事・サービス・割引券	153000.0		5.18	
2015-11-22	2	11	8287	ＭＶ西日本	株主優待又は、兵庫県優待商品等（選択制）	食事・サービス・割引券	167000.0		5.09	
2015-11-22	2	12	3063	ｊＧｒｏｕｐ	優待食事券、グループ商品	食事・サービス・割引券	85000.0		4.98	
2015-11-22	2	13	8171	ＭＶ中部	株主優待券又は、自社指定商品	食事・サービス・割引券	124000.0		4.98	
2015-11-22	2	14	4745	東京個別	自社運営の教室での通常授業料・受講費割引	その他	61000.0		4.52	
2015-11-22	2	15	8198	ＭＶ東海	優待品（選択制）	飲食料品	191000.0		4.48	
2015-11-22	2	16	9778	昴	運営教室での優待券、青森産りんご	飲食料品	388000.0		4.38	
2015-11-22	2	17	3171	ＭＶ九州	株主優待券又は、自社指定地域特産品	クオカード・ギフト券	201000.0		4.37	
2015-11-22	2	18	2789	カルラ	食事券	食事・サービス・割引券	45000.0		4.35	
2015-11-22	2	19	7520	エコス	株主優待券又は、自社取扱米（コシヒカリ）	クオカード・ギフト券	177000.0		4.21	
2015-11-22	2	20	3333	あさひ	優待券	食事・サービス・割引券	123000.0		4.2	
2015-11-22	3	1	8107	キムラタン	オンラインストアご優待クーポンキー、ご優待券	食事・サービス・割引券	8000.0		62.5	
2015-11-22	3	2	7602	カーチスＨＤ	株主優待券	交通・旅行	69000.0		44.12	
2015-11-22	3	3	2656	ベクター	オンラインゲーム利用チケット	娯楽・芸術	40000.0		24.93	
2015-11-22	3	4	2453	ＪＢＲ	キッザニア(東京・甲子園)スポンサーイベントデー招待券	その他	23000.0		22.65	
2015-11-22	3	5	3187	サンワカンパニー	優待割引券	食事・サービス・割引券	42000.0		14.95	
2015-11-22	3	6	2666	オートウェーブ	優待買物券	食事・サービス・割引券	12000.0		14.28	
2015-11-22	3	7	7522	ワタミ	優待食事券	食事・サービス・割引券	85000.0		13.97	
2015-11-22	3	8	3347	トラスト	Ｊネットレンタカー利用割引券 、三菱ＵＦＪニコスギフトカード	食事・サービス・割引券|交通・旅行	26000.0		12.28	
2015-11-22	3	9	4765	モーニングスター	日刊「株式新聞web版」無料クーポン券	その他	29000.0		11.92	
2015-11-22	3	10	4680	ラウンドワン	クラブカード引換券等	娯楽・芸術	53000.0		11.19	
2015-11-22	3	11	3113	Ｏａｋ	クオ・カード	クオカード・ギフト券	22000.0		11.15	
2015-11-22	3	12	8881	日神不	施設優待割引券	食事・サービス・割引券	43000.0		10.67	
2015-11-22	3	13	3205	ダイドー	優待製品	ファッション	50000.0		9.9	
2015-11-22	3	14	6412	平和	優待割引券	食事・サービス・割引券	223000.0		9.83	
2015-11-22	3	15	3598	山喜	自社直営店買物優待券	クオカード・ギフト券	26000.0		9.09	
2015-11-22	3	16	6087	アビスト	アビストH＆F　浸みわたる水素水	飲食料品	199000.0		8.61	
2015-11-22	3	17	2058	ヒガシマル	自社食品	飲食料品	81000.0		8.51	
2015-11-22	3	18	7524	マルシェ	優待食事券	食事・サービス・割引券	87000.0		8.26	
2015-11-22	3	19	5343	ニッコー	自社製陶磁器商品	その他	124000.0		8.06	
2015-11-22	3	20	6628	オンキヨー	ONKYO DIRECTクーポン	食事・サービス・割引券	12000.0		7.93	
2015-11-22	7	1	2590	ＤｙＤｏ	自社製品詰合せ（飲料水・ゼリー等）	飲食料品	5000.0		110.98	
2015-11-22	7	2	8142	トーホー	買物割引券、非売品の自社製品、自社セレクト製品	食事・サービス・割引券	247000.0		6.06	
2015-11-22	7	3	7614	オーエムツー	優待食事券	食事・サービス・割引券	139000.0		6.02	
2015-11-22	7	4	9829	ながの東	買物優待券	食事・サービス・割引券	221000.0		5.88	
2015-11-22	7	5	3172	ティーライフ	株主優待券	食事・サービス・割引券	91000.0		4.02	
2015-11-22	7	6	8609	岡三	保護預り口座管理料、外国証券取引口座管理料 無料	その他	732000.0		3.41	
2015-11-22	7	7	7850	総合商研	北海道特産品等	飲食料品	690000.0		3.33	
2015-11-22	7	8	7590	タカショー	タカショーカタログ優待、オリジナルカレンダー、イベント	オリジナル・限定	52000.0		3.23	
2015-11-22	7	9	8617	光世証	保護預り口座管理料 無料	その他	186000.0		3.22	
2015-11-22	7	10	8703	ＫＡＢＵ．ＣＯＭ	現物株式委託手数料割引	その他	40000.0		2.86	
2015-11-22	7	11	3159	丸善ＣＨＩ	丸善、ジュンク堂書店での商品券	クオカード・ギフト券	36000.0		2.74	
2015-11-22	7	12	6654	不二電機工業	クオ・カード	クオカード・ギフト券	149000.0		2.67	
2015-11-22	7	13	3421	稲葉製作	オリジナル図書カード、地域特産品	飲食料品	133000.0		2.4	
2015-11-22	7	14	9632	スバル興	有楽町スバル座での優待カード	娯楽・芸術	423000.0		2.36	
2015-11-22	7	15	3662	エイチーム	自転車通販サイト「cyma-サイマ-」の自転車お買物券	食事・サービス・割引券	189000.0		2.24	
2015-11-22	7	16	2353	日駐	時間貸し駐車場優待券、スキー場リフト券	娯楽・芸術	164000.0		2.01	
2015-11-22	7	17	8562	福島銀	株主優遇定期預金、貸金庫年間手数料割引	その他	98000.0		1.53	
2015-11-22	7	18	8368	百五銀	百五ポイントサービス	その他	632000.0		1.26	
2015-11-22	7	19	3193	鳥貴族	優待食事券	飲食料品	246000.0		1.21	
2015-11-22	7	20	8842	楽天地	映画招待券A、映画招待券B	娯楽・芸術	513000.0		1.17	
2015-11-22	10	1	3318	メガネスーパ	優待割引券	食事・サービス・割引券	5000.0		8.47	
2015-11-22	10	2	7640	トップカルチャ	TSUTAYA ギフト券	クオカード・ギフト券	144000.0		5.19	
2015-11-22	10	3	1873	日本ハウスＨＤ	銀河高原ビール製造の小麦のビール缶	飲食料品	467000.0		4.28	
2015-11-22	10	4	8917	ファースト住建	自社商品　磁器製タンブラーペアセット	その他	129000.0		3.64	
2015-11-22	10	5	8609	岡三	保護預り口座管理料、外国証券取引口座管理料 無料	その他	732000.0		3.41	
2015-11-22	10	6	3329	東和フード	優待食事券	飲食料品	196000.0		3.3	
2015-11-22	10	7	3361	トーエル	自社商品	飲食料品	324000.0		3.24	
2015-11-22	10	8	8617	光世証	保護預り口座管理料 無料	その他	186000.0		3.22	
2015-11-22	10	9	9444	トーシン	商品券、ゴルフラウンド無料券	食事・サービス・割引券	55000.0		3.22	
2015-11-22	10	10	3308	日本ヘルスケア	家賃・介護等優待割引券	交通・旅行	180000.0		3.2	
2015-11-22	10	11	6309	巴工業	自社関連ワイン	飲食料品	152000.0		2.95	
2015-11-22	10	12	6097	日本ビューホテル	優待割引券	食事・サービス・割引券	209000.0		2.86	
2015-11-22	10	13	8703	ＫＡＢＵ．ＣＯＭ	現物株式委託手数料割引	その他	40000.0		2.86	
2015-11-22	10	14	4666	パーク２４	タイムズチケット	食事・サービス・割引券	252000.0		2.77	
2015-11-22	10	15	9824	泉州電業	図書カード	クオカード・ギフト券	174000.0		2.52	
2015-11-22	10	16	2301	学情	オリジナル・クオカード	クオカード・ギフト券	105000.0		1.99	
2015-11-22	10	17	9603	Ｈ．Ｉ．Ｓ．	優待券、ハウステンボス入場割引券など	交通・旅行	402000.0		1.69	
2015-11-22	10	18	4355	ロングライフＨＤ	老人ホーム、グループホームの入居一時金や入園金のご優待割引券	その他	34000.0		1.59	
2015-11-22	10	19	8562	福島銀	株主優遇定期預金、貸金庫年間手数料割引	その他	98000.0		1.53	
2015-11-22	10	20	9678	カナモト	カタログギフト	飲食料品	2745000.0		1.38	
2015-11-22	11	1	3244	サムティ	宿泊無料、割引券	宿泊	121000.0		6.73	
2015-11-22	11	2	2769	ヴィレッジＶ	自社グループ買物優待券	食事・サービス・割引券	183000.0		6.2	
2015-11-22	11	3	9837	モリト	オリジナル・クオカード	クオカード・ギフト券	89000.0		3.62	
2015-11-22	11	4	8609	岡三	保護預り口座管理料、外国証券取引口座管理料 無料	その他	732000.0		3.41	
2015-11-22	11	5	4825	ＷＮＩウェザー	WITHist Clubへの無料入会	その他	421000.0		3.31	
2015-11-22	11	6	3230	スター・マイカ	クオ・カード、生活関連商品など	クオカード・ギフト券	145000.0		3.3	
2015-11-22	11	7	8617	光世証	保護預り口座管理料 無料	その他	186000.0		3.22	
2015-11-22	11	8	1419	タマホーム	請負金額割引、クオ・カード	クオカード・ギフト券|その他	47000.0		3.17	
2015-11-22	11	9	5942	日フイルコン	ギフト商品（ワイン）	飲食料品	53000.0		3.17	
2015-11-22	11	10	3022	山下医	オリジナル・クオカード	クオカード・ギフト券	180000.0		2.93	
2015-11-22	11	11	8703	ＫＡＢＵ．ＣＯＭ	現物株式委託手数料割引	その他	40000.0		2.86	
2015-11-22	11	12	6985	ユーシン	クオ・カード	クオカード・ギフト券	77000.0		2.81	
2015-11-22	11	13	3089	テクノアルファ	クオ・カード	クオカード・ギフト券	146000.0		2.74	
2015-11-22	11	14	9872	北恵	カタログギフト	食事・サービス・割引券	560000.0		2.67	
2015-11-22	11	15	2796	ファーマライズＨＤ	メディカルアロマ、医療用サプリメント	その他	61000.0		2.61	
2015-11-22	11	16	9924	ドミー	ドミーオリジナルのプライベートブランド商品	飲食料品	509000.0		2.55	
2015-11-22	11	17	6076	アメイズ	株主優待券	食事・サービス・割引券	84000.0		2.36	
2015-11-22	11	18	3160	大光	クオ・カード、アミカ商品券	クオカード・ギフト券	84000.0		2.35	
2015-11-22	11	19	2698	キャンドゥ	優待券	食事・サービス・割引券	159000.0		2.35	
2015-11-22	11	20	7965	象印マホービン	自社商品の優待価格販売（家電製品等）	食事・サービス・割引券	179000.0		2.22	
2015-11-22	12	1	4563	アンジェス	自社商品優待券	食事・サービス・割引券	21000.0		46.29	
2015-11-22	12	2	3807	フィスコ	「クラブフィスコ」のIPOナビ（リミテッド）　無料クーポン	その他	25000.0		24.41	
2015-11-22	12	3	9973	小僧寿し	優待割引券	食事・サービス・割引券	52000.0		19.04	
2015-11-22	12	4	9449	ＧＭＯ	サービス利用料優待割引券	その他	187000.0		13.67	
2015-11-22	12	5	9439	ＭＨグループ	株主優待券	食事・サービス・割引券	28000.0		11.59	
2015-11-22	12	6	2762	三光ＭＦ	食事優待券、お米	クオカード・ギフト券	96000.0		7.88	
2015-11-22	12	7	6078	バリューＨＲ	初年度年会無料、健康関連サービスに使用できるポイント	その他	189000.0		6.58	
2015-11-22	12	8	2406	アルテＨＤ	優待券、オリジナルPB商品、近沢レース店の製品	オリジナル・限定	68000.0		5.82	
2015-11-22	12	9	4840	トライアイズ	クーポン券、優待カード	食事・サービス・割引券	41000.0		5.66	
2015-11-22	12	10	3082	きちり	優待食事券	クオカード・ギフト券	74000.0		5.06	
2015-11-22	12	11	8165	千趣会	買物優待券	食事・サービス・割引券	83000.0		4.99	
2015-11-22	12	12	4755	楽天	楽天グループクーポン、楽天ゴールデンイーグルスグッズ、野球観戦チケットご優待券	その他	162000.0		4.87	
2015-11-22	12	13	3325	ケンコーコム	自社優待割引券	クオカード・ギフト券	83000.0		4.79	
2015-11-22	12	14	8304	あおぞら	ＪＴＢナイスギフト優待券	クオカード・ギフト券	438000.0		4.74	
2015-11-22	12	15	9966	藤久	買物優待券	食事・サービス・割引券	178000.0		4.59	
2015-11-22	12	16	5816	オーナンバ	オリジナルクオ・カード	クオカード・ギフト券	40000.0		4.56	
2015-11-22	12	17	3302	帝繊維	クオ・カード、自社製品（リネン）	クオカード・ギフト券	167000.0		4.17	
2015-11-22	12	18	3028	アルペン	関連施設優待券	スポーツ	204000.0		3.9	
2015-11-22	12	19	3178	チムニー	優待食事券、自社オリジナル商品	飲食料品	330000.0		3.78	
2015-11-22	12	20	9612	ラックランド	宮城県特産品（にら饅頭セット、さんま・さけ昆布巻等）	飲食料品	202000.0		3.7	
2015-12-15	1	1	3169	ミサワ	優待券、食事券、セレクトワインプレゼント	飲食料品|食事・サービス・割引券	64000.0		7.72	
2015-12-15	1	2	3320	クロスプラス	オンラインショップでのクーポン券	ファッション	70000.0		6.39	
2015-12-15	1	3	8142	トーホー	買物割引券、非売品の自社製品、自社セレクト製品	食事・サービス・割引券	242000.0		6.19	
2015-12-15	1	4	3071	ストリーム	ストリーム運営サイト「ECカレント」での優待割引	クオカード・ギフト券	16000.0		5.98	
2015-12-15	1	5	7614	オーエムツー	優待食事券	食事・サービス・割引券	142000.0		5.88	
2015-12-15	1	6	9829	ながの東	買物優待券	食事・サービス・割引券	232000.0		5.6	
2015-12-15	1	7	4334	ユークス	自社製品	娯楽・芸術	79000.0		5.06	
2015-12-15	1	8	4924	シーズＨＤ	自社商品セット	オリジナル・限定	410000.0		4.43	
2015-12-15	1	9	3246	コーセーＲＥ	オリジナル・クオカード	クオカード・ギフト券	81000.0		3.69	
2015-12-15	1	10	8609	岡三	保護預り口座管理料、外国証券取引口座管理料 無料	その他	707000.0		3.53	
2015-12-15	1	11	8617	光世証	保護預り口座管理料 無料	その他	178000.0		3.37	
2015-12-15	1	12	7590	タカショー	タカショーカタログ優待、オリジナルカレンダー、イベント	オリジナル・限定|その他	52000.0		3.23	
2015-12-15	1	13	8703	ＫＡＢＵ．ＣＯＭ	現物株式委託手数料割引	その他	37000.0		3.08	
2015-12-15	1	14	4358	ＴＹＯ	クオ・カード、TYOオリジナル株主優待	食事・サービス・割引券|クオカード・ギフト券	202000.0		2.97	
2015-12-15	1	15	7878	光彩工芸	（株主限定）オリジナルジュエリー	オリジナル・限定	253000.0		2.76	
2015-12-15	1	16	6654	不二電機工業	クオ・カード	クオカード・ギフト券	150000.0		2.65	
2015-12-15	1	17	6387	サムコ	オリジナル・クオカード	クオカード・ギフト券	99000.0		2.58	
2015-12-15	1	18	1928	積水ハウス	新潟県魚沼産コシヒカリ	飲食料品	1946000.0		2.53	
2015-12-15	1	19	3421	稲葉製作	オリジナル図書カード、地域特産品	飲食料品|クオカード・ギフト券	129000.0		2.46	
2015-12-15	1	20	9632	スバル興	有楽町スバル座での優待カード	娯楽・芸術	446000.0		2.24	
2015-12-15	6	1	3807	フィスコ	「クラブフィスコ」のIPOナビ（リミテッド）　無料クーポン	食事・サービス・割引券	23000.0		26.58	
2015-12-15	6	2	9973	小僧寿し	優待割引券	食事・サービス・割引券	50000.0		20.0	
2015-12-15	6	3	9449	ＧＭＯ	サービス利用料優待割引券	その他	171000.0		15.02	
2015-12-15	6	4	3140	イデアインター	自社・自社グループ健康商品	娯楽・芸術	62000.0		14.4	
2015-12-15	6	5	7177	ＧＭＯクリック	キャッシュバックサービス、モウカレーうどん	飲食料品|食事・サービス・割引券|その他	76000.0		9.59	
2015-12-15	6	6	2762	三光ＭＦ	食事優待券、お米	飲食料品|食事・サービス・割引券	97000.0		7.8	
2015-12-15	6	7	3271	グロバル社	オリジナル・クオカード	クオカード・ギフト券	45000.0		5.44	
2015-12-15	6	8	8165	千趣会	買物優待券	食事・サービス・割引券	80000.0		5.2	
2015-12-15	6	9	8304	あおぞら	ＪＴＢナイスギフト優待券	食事・サービス・割引券	419000.0		4.96	
2015-12-15	6	10	9966	藤久	買物優待券	食事・サービス・割引券	175000.0		4.67	
2015-12-15	6	11	6785	鈴木	地元名産お菓子詰合せ	飲食料品	61000.0		4.2	
2015-12-15	6	12	3178	チムニー	優待食事券、自社オリジナル商品	オリジナル・限定|食事・サービス・割引券	314000.0		3.98	
2015-12-15	6	13	3028	アルペン	関連施設優待券	食事・サービス・割引券|スポーツ	202000.0		3.95	
2015-12-15	6	14	9608	福山コンサル	オリジナル・クオカード	クオカード・ギフト券	509000.0		3.92	
2015-12-15	6	15	5959	岡部	オリジナル・クオカード	クオカード・ギフト券	91000.0		3.58	
2015-12-15	6	16	8609	岡三	保護預り口座管理料、外国証券取引口座管理料 無料	その他	707000.0		3.53	
2015-12-15	6	17	9612	ラックランド	宮城県特産品（にら饅頭セット、さんま・さけ昆布巻等）	飲食料品	212000.0		3.53	
2015-12-15	6	18	9797	大日本コン	オリジナルカタログギフト	飲食料品	40000.0		3.5	
2015-12-15	6	19	2914	ＪＴ	自社商品詰合せ	飲食料品	439000.0		3.49	
2015-12-15	6	20	2689	カワニシＨＤ	クオ・カード	クオカード・ギフト券	117000.0		3.41	
2015-12-15	8	1	8274	東武ストア	株主優待券又は、図書カード	食事・サービス・割引券|クオカード・ギフト券	302000.0		7.07	
2015-12-15	8	2	7818	トランザクション	優待商品	オリジナル・限定	113000.0		6.9	
2015-12-15	8	3	3222	Ｕ．Ｓ．Ｍ．Ｈ	優待券又は、お米	飲食料品|食事・サービス・割引券	101000.0		5.92	
2015-12-15	8	4	8127	ヤマトインター	自社製品	ファッション	41000.0		5.35	
2015-12-15	8	5	3174	ハピネス＆Ｄ	優待券、オリジナル商品	オリジナル・限定|食事・サービス・割引券	86000.0		5.22	
2015-12-15	8	6	9861	吉野家ＨＤ	買物優待券	食事・サービス・割引券	153000.0		5.2	
2015-12-15	8	7	2157	コシダカＨＤ	「本舗まねきねこ」等で利用可能な優待券+カタログギフト	飲食料品|娯楽・芸術	222000.0		4.93	
2015-12-15	8	8	3063	ｊＧｒｏｕｐ	優待食事券	食事・サービス・割引券	86000.0		4.89	
2015-12-15	8	9	2736	サダマツ	オリジナルジュエリー、買物優待券	オリジナル・限定|食事・サービス・割引券	249000.0		4.81	
2015-12-15	8	10	7520	エコス	株主優待券又は、自社取扱米（コシヒカリ）	飲食料品|食事・サービス・割引券	156000.0		4.76	
2015-12-15	8	11	3344	ワンダーＣｏ．	優待買物券、自社カタログ優待商品	食事・サービス・割引券|クオカード・ギフト券|その他	95000.0		4.69	
2015-12-15	8	12	4745	東京個別	自社運営の教室での通常授業料・受講費割引	食事・サービス・割引券	62000.0		4.5	
2015-12-15	8	13	9778	昴	運営教室での優待券、青森産りんご	飲食料品|食事・サービス・割引券	395000.0		4.3	
2015-12-15	8	14	9979	大庄	優待飲食券、産地直送 特産品	飲食料品|食事・サービス・割引券	150000.0		4.25	
2015-12-15	8	15	3333	あさひ	優待券	食事・サービス・割引券	129000.0		4.0	
2015-12-15	8	16	3045	カワサキ	レイクアルスターシェニールハンカチ、自社製品	ファッション	129000.0		3.85	
2015-12-15	8	17	7601	ポプラ	優待買物券	食事・サービス・割引券	52000.0		3.78	
2015-12-15	8	18	7514	ヒマラヤ	優待割引券	食事・サービス・割引券	107000.0		3.71	
2015-12-15	8	19	2683	魚喜	魚喜厳選「塩数の子」セット	飲食料品	135000.0		3.68	
2015-12-15	8	20	2798	Ｙ’ｓ	優待券	食事・サービス・割引券	274000.0		3.63	
2015-12-22	2	1	8175	ベスト電	優待割引券	食事・サービス・割引券	12000.0		41.12	
2015-12-22	2	2	4645	市進ＨＤ	市進教育グループ受講割引券	食事・サービス・割引券	131000.0		11.4	
2015-12-22	2	3	8274	東武ストア	株主優待券又は、図書カード	食事・サービス・割引券|クオカード・ギフト券	297000.0		7.19	
2015-12-22	2	4	7818	トランザクション	優待商品	オリジナル・限定	113000.0		6.89	
2015-12-22	2	5	7512	イオン北海	株主優待券	食事・サービス・割引券	54000.0		6.47	
2015-12-22	2	6	9381	エーアイテイー	「古座川ゆず平井の里」、「那智黒総本舗」の詰合せ	飲食料品	113000.0		6.15	
2015-12-22	2	7	3222	Ｕ．Ｓ．Ｍ．Ｈ	優待券又は、お米	飲食料品|食事・サービス・割引券	101000.0		5.88	
2015-12-22	2	8	9876	コックス	株主優待カード	食事・サービス・割引券	36000.0		5.52	
2015-12-22	2	9	7603	マックハウス	買物券	クオカード・ギフト券	94000.0		5.28	
2015-12-22	2	10	9861	吉野家ＨＤ	買物優待券	食事・サービス・割引券	152000.0		5.21	
2015-12-22	2	11	8171	ＭＶ中部	株主優待券又は、自社指定商品	食事・サービス・割引券	121000.0		5.09	
2015-12-22	2	12	8287	ＭＶ西日本	株主優待又は、兵庫県優待商品等（選択制）	飲食料品|食事・サービス・割引券	168000.0		5.05	
2015-12-22	2	13	3063	ｊＧｒｏｕｐ	優待食事券	食事・サービス・割引券	86000.0		4.93	
2015-12-22	2	14	7520	エコス	株主優待券又は、自社取扱米（コシヒカリ）	飲食料品|食事・サービス・割引券	154000.0		4.84	
2015-12-22	2	15	2685	アダストリア	自社店舗商品引換券	食事・サービス・割引券	59000.0		4.64	
2015-12-22	2	16	8198	ＭＶ東海	優待品（選択制）	飲食料品	186000.0		4.6	
2015-12-22	2	17	9778	昴	運営教室での優待券、青森産りんご	飲食料品|食事・サービス・割引券	377000.0		4.5	
2015-12-22	2	18	3384	アークコア	クオ・カード	クオカード・ギフト券	48000.0		4.5	
2015-12-22	2	19	4745	東京個別	自社運営の教室での通常授業料・受講費割引	食事・サービス・割引券	63000.0		4.44	
2015-12-22	2	20	2789	カルラ	食事券	食事・サービス・割引券	45000.0		4.41	
2015-12-22	3	1	8107	キムラタン	オンラインストアご優待クーポンキー、ご優待券	食事・サービス・割引券	7000.0		71.42	
2015-12-22	3	2	7602	カーチスＨＤ	株主優待券	交通・旅行	69000.0		44.19	
2015-12-22	3	3	2656	ベクター	オンラインゲーム利用チケット	娯楽・芸術	40000.0		24.87	
2015-12-22	3	4	2453	ＪＢＲ	キッザニア(東京・甲子園)スポンサーイベントデー招待券	食事・サービス・割引券|娯楽・芸術	24000.0		21.81	
2015-12-22	3	5	3187	サンワカンパニー	優待割引券	食事・サービス・割引券	43000.0		14.71	
2015-12-22	3	6	2666	オートウェーブ	優待買物券	食事・サービス・割引券	13000.0		13.04	
2015-12-22	3	7	3113	Ｏａｋ	クオ・カード	クオカード・ギフト券	20000.0		12.08	
2015-12-22	3	8	4765	モーニングスター	日刊「株式新聞web版」無料クーポン券	その他	29000.0		11.96	
2015-12-22	3	9	8881	日神不	施設優待割引券	食事・サービス・割引券	41000.0		11.19	
2015-12-22	3	10	3347	トラスト	Ｊネットレンタカー利用割引券 、三菱ＵＦＪニコスギフトカード	クオカード・ギフト券|交通・旅行	29000.0		11.08	
2015-12-22	3	11	4680	ラウンドワン	クラブカード引換券等	娯楽・芸術	54000.0		11.05	
2015-12-22	3	12	3205	ダイドー	優待製品	ファッション	49000.0		10.14	
2015-12-22	3	13	6412	平和	優待割引券	食事・サービス・割引券	232000.0		9.45	
2015-12-22	3	14	3598	山喜	自社直営店買物優待券	食事・サービス・割引券	26000.0		9.19	
2015-12-22	3	15	7524	マルシェ	優待食事券	食事・サービス・割引券	85000.0		8.43	
2015-12-22	3	16	2058	ヒガシマル	自社食品	飲食料品	83000.0		8.3	
2015-12-22	3	17	5343	ニッコー	自社製陶磁器商品	オリジナル・限定	122000.0		8.19	
2015-12-22	3	18	6087	アビスト	アビストH＆F　浸みわたる水素水	飲食料品	211000.0		8.14	
2015-12-22	3	19	8613	丸三証	海苔詰合せ、魚沼産コシヒカリ	飲食料品	124000.0		7.63	
2015-12-22	3	20	4837	シダックス	レストランカラオケ優待券	娯楽・芸術	52000.0		7.56	
2015-12-22	10	1	3318	メガネスーパ	優待割引券、レンズ仕立券	食事・サービス・割引券	5000.0		8.62	
2015-12-22	10	2	7640	トップカルチャ	TSUTAYA ギフト券	食事・サービス・割引券	149000.0		5.02	
2015-12-22	10	3	1873	日本ハウスＨＤ	銀河高原ビール製造の小麦のビール缶	飲食料品	444000.0		4.5	
2015-12-22	10	4	3308	日本ヘルスケア	家賃・介護等優待割引券	その他	168000.0		3.93	
2015-12-22	10	5	8609	岡三	保護預り口座管理料、外国証券取引口座管理料 無料	その他	691000.0		3.61	
2015-12-22	10	6	8917	ファースト住建	自社商品　磁器製タンブラーペアセット	オリジナル・限定	133000.0		3.51	
2015-12-22	10	7	8617	光世証	保護預り口座管理料 無料	その他	177000.0		3.39	
2015-12-22	10	8	3329	東和フード	優待食事券	食事・サービス・割引券	192000.0		3.37	
2015-12-22	10	9	3361	トーエル	自社商品	飲食料品	316000.0		3.32	
2015-12-22	10	10	9444	トーシン	株主優待券	食事・サービス・割引券|スポーツ	56000.0		3.19	
2015-12-22	10	11	8703	ＫＡＢＵ．ＣＯＭ	現物株式委託手数料割引	その他	37000.0		3.09	
2015-12-22	10	12	6097	日本ビューホテル	優待割引券	食事・サービス・割引券	196000.0		3.05	
2015-12-22	10	13	6309	巴工業	自社関連ワイン	飲食料品	156000.0		2.86	
2015-12-22	10	14	9824	泉州電業	図書カード	クオカード・ギフト券	170000.0		2.7	
2015-12-22	10	15	4666	パーク２４	タイムズチケット	食事・サービス・割引券	287000.0		2.61	
2015-12-22	10	16	7968	ＴＡＳＡＫＩ	優待割引券	食事・サービス・割引券	158000.0		2.52	
2015-12-22	10	17	4355	ロングライフＨＤ	老人ホーム、グループホームの入居一時金や入園金のご優待割引券	その他	35000.0		2.42	
2015-12-22	10	18	2301	学情	オリジナル・クオカード	クオカード・ギフト券	122000.0		2.37	
2015-12-22	10	19	3038	神戸物産	自社グループ商品	オリジナル・限定	381000.0		1.83	
2015-12-22	10	20	9603	Ｈ．Ｉ．Ｓ．	優待券、ハウステンボス入場割引券など	食事・サービス・割引券|交通・旅行	400000.0		1.8	
2015-12-22	11	1	2769	ヴィレッジＶ	自社グループ買物優待券	食事・サービス・割引券	162000.0		7.01	
2015-12-22	11	2	3244	サムティ	宿泊無料、割引券	宿泊	124000.0		6.57	
2015-12-22	11	3	9837	モリト	オリジナル・クオカード	クオカード・ギフト券	82000.0		3.94	
2015-12-22	11	4	8609	岡三	保護預り口座管理料、外国証券取引口座管理料 無料	その他	691000.0		3.61	
2015-12-22	11	5	1419	タマホーム	請負金額割引、クオ・カード、寄付	クオカード・ギフト券|その他	42000.0		3.49	
2015-12-22	11	6	8617	光世証	保護預り口座管理料 無料	その他	177000.0		3.39	
2015-12-22	11	7	5942	日フイルコン	ギフト商品（ワイン）	飲食料品	50000.0		3.36	
2015-12-22	11	8	3230	スター・マイカ	クオ・カード、生活関連商品など	クオカード・ギフト券|その他	145000.0		3.29	
2015-12-22	11	9	4825	ＷＮＩウェザー	WITHist Clubへの無料入会	その他	443000.0		3.14	
2015-12-22	11	10	3089	テクノアルファ	クオ・カード	クオカード・ギフト券	128000.0		3.12	
2015-12-22	11	11	8703	ＫＡＢＵ．ＣＯＭ	現物株式委託手数料割引	その他	37000.0		3.09	
2015-12-22	11	12	6985	ユーシン	クオ・カード	クオカード・ギフト券	71000.0		3.07	
2015-12-22	11	13	3022	山下医	オリジナル・クオカード	クオカード・ギフト券	178000.0		2.96	
2015-12-22	11	14	2796	ファーマライズＨＤ	メディカルアロマ、医療用サプリメント	オリジナル・限定	55000.0		2.86	
2015-12-22	11	15	9872	北恵	カタログギフト、クオ・カード	飲食料品|クオカード・ギフト券	525000.0		2.85	
2015-12-22	11	16	9924	ドミー	ドミーオリジナルのプライベートブランド商品	オリジナル・限定	483000.0		2.69	
2015-12-22	11	17	2698	キャンドゥ	優待券	食事・サービス・割引券	157000.0		2.37	
2015-12-22	11	18	3160	大光	クオ・カード、アミカ商品券	食事・サービス・割引券|クオカード・ギフト券	85000.0		2.33	
2015-12-22	11	19	7501	ティムコ	Foxfire Store 買物優待券	食事・サービス・割引券	51000.0		2.32	
2015-12-22	11	20	7630	壱番屋	食事券	食事・サービス・割引券	565000.0		2.3	
2016-01-14	1	1	3169	ミサワ	優待割引券	食事・サービス・割引券	64000.0		7.8	
2016-01-14	1	2	3320	クロスプラス	オンラインショップでのクーポン券	ファッション	68000.0		6.6	
2016-01-14	1	3	7614	オーエムツー	優待食事券	食事・サービス・割引券	128000.0		6.51	
2016-01-14	1	4	8142	トーホー	買物割引券、非売品の自社製品、自社セレクト製品	飲食料品|食事・サービス・割引券	239000.0		6.25	
2016-01-14	1	5	3071	ストリーム	ストリーム運営サイト「ECカレント」での優待割引	クオカード・ギフト券	16000.0		6.02	
2016-01-14	1	6	9829	ながの東	買物優待券	食事・サービス・割引券	229000.0		5.67	
2016-01-14	1	7	4334	ユークス	自社製品	娯楽・芸術	73000.0		5.45	
2016-01-14	1	8	4924	シーズＨＤ	自社商品セット	オリジナル・限定	418000.0		4.35	
2016-01-14	1	9	8609	岡三	保護預り口座管理料、外国証券取引口座管理料 無料	その他	636000.0		3.93	
2016-01-14	1	10	8617	光世証	保護預り口座管理料 無料	その他	157000.0		3.82	
2016-01-14	1	11	3246	コーセーＲＥ	オリジナル・クオカード	クオカード・ギフト券	84000.0		3.54	
2016-01-14	1	12	8703	ＫＡＢＵ．ＣＯＭ	現物株式委託手数料割引	その他	33000.0		3.41	
2016-01-14	1	13	7590	タカショー	タカショーカタログ優待、オリジナルカレンダー、イベント	オリジナル・限定|食事・サービス・割引券|娯楽・芸術|その他	54000.0		3.13	
2016-01-14	1	14	4358	ＴＹＯ	クオ・カード、TYOオリジナル株主優待	食事・サービス・割引券|クオカード・ギフト券	196000.0		3.06	
2016-01-14	1	15	7878	光彩工芸	（株主限定）オリジナルジュエリー	オリジナル・限定	252000.0		2.77	
2016-01-14	1	16	6387	サムコ	オリジナル・クオカード	クオカード・ギフト券	93000.0		2.76	
2016-01-14	1	17	6654	不二電機工業	クオ・カード	クオカード・ギフト券	145000.0		2.74	
2016-01-14	1	18	1928	積水ハウス	新潟県魚沼産コシヒカリ	飲食料品	1876000.0		2.62	
2016-01-14	1	19	3421	稲葉製作	オリジナル図書カード、地域特産品	飲食料品|クオカード・ギフト券	126000.0		2.52	
2016-01-14	1	20	9632	スバル興	有楽町スバル座での優待カード	娯楽・芸術	436000.0		2.29	
2016-01-23	2	1	8175	ベスト電	優待割引券	食事・サービス・割引券	12000.0		40.8	
2016-01-23	2	2	4645	市進ＨＤ	市進教育グループ受講割引券	食事・サービス・割引券	140000.0		10.71	
2016-01-23	2	3	8274	東武ストア	株主優待券又は、図書カード	食事・サービス・割引券|クオカード・ギフト券	293000.0		7.29	
2016-01-23	2	4	7818	トランザクション	優待商品	オリジナル・限定	112000.0		6.92	
2016-01-23	2	5	9381	エーアイテイー	「古座川ゆず平井の里」、「那智黒総本舗」の詰合せ	飲食料品	101000.0		6.91	
2016-01-23	2	6	7512	イオン北海	株主優待券	食事・サービス・割引券	51000.0		6.67	
2016-01-23	2	7	9876	コックス	株主優待カード	食事・サービス・割引券	30000.0		6.51	
2016-01-23	2	8	3222	Ｕ．Ｓ．Ｍ．Ｈ	優待券又は、お米	飲食料品|食事・サービス・割引券	101000.0		5.93	
2016-01-23	2	9	7520	エコス	株主優待券又は、自社取扱米（コシヒカリ）	飲食料品|食事・サービス・割引券	129000.0		5.73	
2016-01-23	2	10	9861	吉野家ＨＤ	買物優待券	食事・サービス・割引券	139000.0		5.71	
2016-01-23	2	11	3063	ｊＧｒｏｕｐ	優待食事券	食事・サービス・割引券	75000.0		5.63	
2016-01-23	2	12	7603	マックハウス	買物券	食事・サービス・割引券	89000.0		5.61	
2016-01-23	2	13	8201	さが美	自社商品買物券	食事・サービス・割引券	91000.0		5.49	
2016-01-23	2	14	8287	ＭＶ西日本	株主優待又は、兵庫県優待商品等（選択制）	飲食料品|食事・サービス・割引券	160000.0		5.29	
2016-01-23	2	15	8171	ＭＶ中部	株主優待券又は、自社指定商品	オリジナル・限定|食事・サービス・割引券	120000.0		5.16	
2016-01-23	2	16	3171	ＭＶ九州	株主優待券又は、自社指定地域特産品	飲食料品|食事・サービス・割引券	173000.0		5.08	
2016-01-23	2	17	3384	アークコア	クオ・カード	クオカード・ギフト券	43000.0		5.02	
2016-01-23	2	18	3073	ダイヤモンドＤ	食事券、お米	飲食料品|食事・サービス・割引券	102000.0		5.02	
2016-01-23	2	19	8198	ＭＶ東海	優待品（選択制）	オリジナル・限定|飲食料品	178000.0		4.81	
2016-01-23	2	20	9778	昴	運営教室での優待券、青森産りんご	飲食料品|食事・サービス・割引券	370000.0		4.59	
2016-01-23	3	1	8107	キムラタン	オンラインストアご優待クーポンキー、ご優待券	食事・サービス・割引券	7000.0		71.42	
2016-01-23	3	2	7602	カーチスＨＤ	株主優待券	交通・旅行	68000.0		44.44	
2016-01-23	3	3	2656	ベクター	オンラインゲーム利用チケット	娯楽・芸術	30000.0		32.57	
2016-01-23	3	4	2453	ＪＢＲ	キッザニア(東京・甲子園)スポンサーイベントデー招待券	食事・サービス・割引券|娯楽・芸術	23000.0		22.45	
2016-01-23	3	5	3187	サンワカンパニー	優待割引券	食事・サービス・割引券	35000.0		18.07	
2016-01-23	3	6	2666	オートウェーブ	優待買物券	食事・サービス・割引券	10000.0		16.82	
2016-01-23	3	7	3113	Ｏａｋ	クリストフル商品券	クオカード・ギフト券	17000.0		13.7	
2016-01-23	3	8	4765	モーニングスター	日刊「株式新聞web版」無料クーポン券	食事・サービス・割引券	27000.0		12.79	
2016-01-23	3	9	8881	日神不	施設優待割引券	食事・サービス・割引券	36000.0		12.6	
2016-01-23	3	10	3598	山喜	自社直営店買物優待券	食事・サービス・割引券	22000.0		10.9	
2016-01-23	3	11	4680	ラウンドワン	クラブカード引換券等	娯楽・芸術	55000.0		10.9	
2016-01-23	3	12	3347	トラスト	Ｊネットレンタカー利用割引券 、三菱ＵＦＪニコスギフトカード	クオカード・ギフト券|交通・旅行	30000.0		10.64	
2016-01-23	3	13	3205	ダイドー	優待製品	ファッション	49000.0		10.14	
2016-01-23	3	14	6412	平和	優待割引券	食事・サービス・割引券	217000.0		10.13	
2016-01-23	3	15	7524	マルシェ	優待食事券	食事・サービス・割引券	81000.0		8.83	
2016-01-23	3	16	5343	ニッコー	自社製陶磁器商品	オリジナル・限定	115000.0		8.69	
2016-01-23	3	17	6628	オンキヨー	ONKYO DIRECTクーポン	その他	11000.0		8.69	
2016-01-23	3	18	2058	ヒガシマル	自社食品	飲食料品	81000.0		8.51	
2016-01-23	3	19	8737	あかつきＦＧ	オリジナル・クオカード	クオカード・ギフト券|その他	38000.0		8.36	
2016-01-23	3	20	6087	アビスト	アビストH＆F　浸みわたる水素水	飲食料品	209000.0		8.19	
2016-01-23	11	1	3244	サムティ	宿泊無料、割引券	宿泊	94000.0		9.82	
2016-01-23	11	2	2769	ヴィレッジＶ	自社グループ買物優待券	食事・サービス・割引券	147000.0		7.75	
2016-01-23	11	3	5942	日フイルコン	ギフト商品（ワイン）	飲食料品	44000.0		4.71	
2016-01-23	11	4	3230	スター・マイカ	クオ・カード、生活関連商品など	クオカード・ギフト券|その他	131000.0		4.5	
2016-01-23	11	5	8617	光世証	保護預り口座管理料 無料	その他	139000.0		4.31	
2016-01-23	11	6	9837	モリト	オリジナル・クオカード	クオカード・ギフト券	81000.0		4.23	
2016-01-23	11	7	8609	岡三	保護預り口座管理料、外国証券取引口座管理料 無料	その他	630000.0		3.96	
2016-01-23	11	8	1419	タマホーム	請負金額割引、クオ・カード、寄付	クオカード・ギフト券|その他	39000.0		3.79	
2016-01-23	11	9	4825	ＷＮＩウェザー	WITHist Clubへの無料入会	その他	380000.0		3.66	
2016-01-23	11	10	8703	ＫＡＢＵ．ＣＯＭ	現物株式委託手数料割引	その他	33000.0		3.45	
2016-01-23	11	11	7965	象印マホービン	自社商品の優待価格販売（家電製品等）	食事・サービス・割引券	149000.0		3.34	
2016-01-23	11	12	6985	ユーシン	クオ・カード	クオカード・ギフト券	60000.0		3.3	
2016-01-23	11	13	3022	山下医	オリジナル・クオカード	クオカード・ギフト券	161000.0		3.28	
2016-01-23	11	14	7594	マルカキカイ	グルメセット	飲食料品	137000.0		3.28	
2016-01-23	11	15	9872	北恵	カタログギフト、クオ・カード	食事・サービス・割引券|クオカード・ギフト券	458000.0		3.27	
2016-01-23	11	16	2796	ファーマライズＨＤ	メディカルアロマ、医療用サプリメント	オリジナル・限定	51000.0		3.11	
2016-01-23	11	17	3089	テクノアルファ	クオ・カード	クオカード・ギフト券	118000.0		2.94	
2016-01-23	11	18	3160	大光	クオ・カード、アミカ商品券	食事・サービス・割引券|クオカード・ギフト券	69000.0		2.88	
2016-01-23	11	19	9924	ドミー	ドミーオリジナルのプライベートブランド商品	オリジナル・限定	481000.0		2.7	
2016-01-23	11	20	2734	サーラ	（地域限定）優待券	食事・サービス・割引券	315000.0		2.69	
2016-02-14	1	1	3169	ミサワ	優待券、食事券、セレクトワインプレゼント	食料品|食事券	46000.0		10.87	
2016-02-14	1	2	1766	東建コーポ	魚沼産コシヒカリ、またはミネラルウォーター、またはカメ仕込み本格芋焼酎	食料品|交通・旅行|スポーツ	77000.0		8.88	
2016-02-14	1	3	4334	ユークス	自社製品	教養・娯楽	46000.0		8.69	
2016-02-14	1	4	3071	ストリーム	ストリーム運営サイト「ECカレント」での優待割引	暮らし	11000.0		8.54	
2016-02-14	1	5	3320	クロスプラス	オンラインショップでのクーポン券	ポイントサービス|美容・ファッション	56000.0		7.97	
2016-02-14	1	6	7614	オーエムツー	優待食事券	食料品|食事券	105000.0		7.96	
2016-02-14	1	7	8142	トーホー	買物割引券、非売品の自社製品、自社セレクト製品	食料品|食事券	205000.0		7.31	
2016-02-14	1	8	9829	ながの東	買物優待券	暮らし	212000.0		6.13	
2016-02-14	1	9	3246	コーセーＲＥ	オリジナル・クオカード	金券|長期保有特典	55000.0		5.45	
2016-02-14	1	10	4924	シーズＨＤ	ドクターシーラボ商品セット	美容・ファッション	337000.0		5.38	
2016-02-14	1	11	8609	岡三	保護預り口座管理料、外国証券取引口座管理料 無料	金融サービス	499000.0		5.01	
2016-02-14	1	12	8617	光世証	保護預り口座管理料 無料	金融サービス	123000.0		4.87	
2016-02-14	1	13	4358	ＴＹＯ	クオ・カード、TYOオリジナル株主優待	金券|教養・娯楽	144000.0		4.16	
2016-02-14	1	14	7590	タカショー	タカショーカタログ優待、オリジナルカレンダー、イベント	カタログギフト|カレンダー	42000.0		4.03	
2016-02-14	1	15	8703	ＫＡＢＵ．ＣＯＭ	現物株式委託手数料割引	金融サービス|長期保有特典	29000.0		3.92	
2016-02-14	1	16	7878	光彩工芸	（株主限定）オリジナルジュエリー	美容・ファッション	190000.0		3.68	
2016-02-14	1	17	6387	サムコ	オリジナル・クオカード	金券|長期保有特典	72000.0		3.55	
2016-02-14	1	18	6654	不二電機工業	クオ・カード	金券	122000.0		3.27	
2016-02-14	1	19	3421	稲葉製作	オリジナル図書カード、地域特産品	食料品|金券	103000.0		3.08	
2016-02-14	1	20	1928	積水ハウス	新潟県魚沼産コシヒカリ	食料品	1611000.0		3.06	
2016-02-23	2	1	8175	ベスト電	優待割引券	暮らし	12000.0		42.5	
2016-02-23	2	2	4645	市進ＨＤ	市進教育グループ受講割引券	教養・娯楽	147000.0		10.17	
2016-02-23	2	3	1766	東建コーポ	魚沼産コシヒカリ、またはミネラルウォーター、またはカメ仕込み本格芋焼酎	食料品|交通・旅行|スポーツ	85000.0		8.05	
2016-02-23	2	4	8274	東武ストア	株主優待券又は、図書カード	金券|暮らし	297000.0		7.19	
2016-02-23	2	5	9381	エーアイテイー	「古座川ゆず平井の里」、「那智黒総本舗」の詰合せ	食料品	101000.0		6.9	
2016-02-23	2	6	7512	イオン北海	株主優待券	暮らし	51000.0		6.64	
2016-02-23	2	7	7818	トランザクション	優待商品	食料品	118000.0		6.59	
2016-02-23	2	8	3198	ＳＦＰダイニング	優待食事券	金券|美容・ファッション	154000.0		6.46	
2016-02-23	2	9	9876	コックス	株主優待カード	暮らし	31000.0		6.36	
2016-02-23	2	10	3222	Ｕ．Ｓ．Ｍ．Ｈ	優待券又は、お米	食料品|食事券	94000.0		6.34	
2016-02-23	2	11	2685	アダストリア	自社店舗商品引換券	金券	59000.0		6.33	
2016-02-23	2	12	7520	エコス	株主優待券又は、自社取扱米（コシヒカリ）	食料品|食事券	118000.0		6.27	
2016-02-23	2	13	7603	マックハウス	買物券	美容・ファッション	85000.0		5.87	
2016-02-23	2	14	9861	吉野家ＨＤ	買物優待券	食事券	142000.0		5.57	
2016-02-23	2	15	8201	さが美	自社商品買物券	暮らし	92000.0		5.43	
2016-02-23	2	16	3063	ｊＧｒｏｕｐ	優待食事券	食事券	80000.0		5.28	
2016-02-23	2	17	8287	ＭＶ西日本	株主優待又は、兵庫県優待商品等（選択制）	食料品|暮らし	162000.0		5.22	
2016-02-23	2	18	8171	ＭＶ中部	株主優待券又は、自社指定商品	食料品|暮らし	120000.0		5.16	
2016-02-23	2	19	3171	ＭＶ九州	株主優待券又は、自社指定地域特産品	食料品|食事券	180000.0		4.88	
2016-02-23	2	20	3280	エストラスト	クオ・カード	金券	61000.0		4.86	
2016-02-23	3	1	8107	キムラタン	オンラインストアご優待クーポンキー、ご優待券	暮らし	7000.0		71.42	
2016-02-23	3	2	7602	カーチスＨＤ	株主優待券	暮らし	63000.0		48.01	
2016-02-23	3	3	2656	ベクター	オンラインゲーム利用チケット	教養・娯楽	30000.0		33.0	
2016-02-23	3	4	2453	ＪＢＲ	キッザニア(東京・甲子園)スポンサーイベントデー招待券	教養・娯楽	23000.0		22.26	
2016-02-23	3	5	2666	オートウェーブ	優待買物券	暮らし	9000.0		18.94	
2016-02-23	3	6	3187	サンワカンパニー	優待割引券	暮らし	35000.0		17.92	
2016-02-23	3	7	8881	日神不	施設優待割引券	暮らし	35000.0		12.81	
2016-02-23	3	8	4765	モーニングスター	日刊「株式新聞web版」無料クーポン券	美容・ファッション|教養・娯楽|金融サービス	30000.0		11.76	
2016-02-23	3	9	4777	ガーラ	自社グループアプリ仮想通貨贈呈	教養・娯楽	43000.0		11.62	
2016-02-23	3	10	3598	山喜	自社直営店買物優待券	美容・ファッション	22000.0		10.71	
2016-02-23	3	11	3205	ダイドー	優待製品	美容・ファッション	46000.0		10.7	
2016-02-23	3	12	3347	トラスト	Ｊネットレンタカー利用割引券 、三菱ＵＦＪニコスギフトカード	金券|交通・旅行	31000.0		10.48	
2016-02-23	3	13	5343	ニッコー	自社製陶磁器商品	暮らし	105000.0		9.52	
2016-02-23	3	14	6412	平和	優待割引券	スポーツ	236000.0		9.32	
2016-02-23	3	15	8737	あかつきＦＧ	オリジナル・クオカード	金券	35000.0		9.07	
2016-02-23	3	16	4680	ラウンドワン	クラブカード引換券等	スポーツ	69000.0		8.68	
2016-02-23	3	17	6087	アビスト	アビストH＆F　浸みわたる水素水	食料品	198000.0		8.68	
2016-02-23	3	18	7524	マルシェ	優待食事券	食事券	83000.0		8.61	
2016-02-23	3	19	2058	ヒガシマル	自社食品	食料品	82000.0		8.34	
2016-02-23	3	20	6628	オンキヨー	ONKYO DIRECTクーポン	教養・娯楽	12000.0		8.33	
2016-03-16	1	1	3169	ミサワ	優待券、食事券、セレクトワインプレゼント	食料品|食事券	52000.0		9.48	
2016-03-16	1	2	1766	東建コーポ	魚沼産コシヒカリ、またはミネラルウォーター、またはカメ仕込み本格芋焼酎	食料品|交通・旅行|スポーツ	90000.0		7.6	
2016-03-16	1	3	4334	ユークス	自社製品	教養・娯楽	57000.0		6.92	
2016-03-16	1	4	3071	ストリーム	ストリーム運営サイト「ECカレント」での優待割引	暮らし	14000.0		6.8	
2016-03-16	1	5	4924	シーズＨＤ	ドクターシーラボ商品セット	美容・ファッション	220000.0		6.53	
2016-03-16	1	6	9829	ながの東	買物優待券	暮らし	201000.0		6.46	
2016-03-16	1	7	3320	クロスプラス	オンラインショップでのクーポン券	ポイントサービス|美容・ファッション	62000.0		4.76	
2016-03-16	1	8	4358	ＴＹＯ	クオ・カード、TYOオリジナル株主優待	金券|教養・娯楽	82000.0		4.24	
2016-03-16	1	9	3246	コーセーＲＥ	オリジナル・クオカード	金券|長期保有特典	83000.0		4.2	
2016-03-16	1	10	8142	トーホー	買物割引券、非売品の自社製品、自社セレクト製品	食料品|食事券	245000.0		4.07	
2016-03-16	1	11	8609	岡三	保護預り口座管理料、外国証券取引口座管理料 無料	金融サービス	627000.0		3.98	
2016-03-16	1	12	8617	光世証	保護預り口座管理料 無料	金融サービス	151000.0		3.97	
2016-03-16	1	13	7590	タカショー	タカショーカタログ優待、オリジナルカレンダー等	カタログギフト|教養・娯楽|カレンダー	44000.0		3.81	
2016-03-16	1	14	7878	光彩工芸	（株主限定）オリジナルジュエリー	美容・ファッション	186000.0		3.76	
2016-03-16	1	15	8703	ＫＡＢＵ．ＣＯＭ	現物株式委託手数料割引	金融サービス|長期保有特典	37000.0		3.08	
2016-03-16	1	16	6654	不二電機工業	クオ・カード	金券	140000.0		2.99	
2016-03-16	1	17	6387	サムコ	オリジナル・クオカード	金券|長期保有特典	88000.0		2.91	
2016-03-16	1	18	1928	積水ハウス	新潟県魚沼産コシヒカリ	食料品	1941000.0		2.78	
2016-03-16	1	19	3421	稲葉製作	オリジナル図書カード、地域特産品	食料品|金券	126000.0		2.52	
2016-03-16	1	20	7614	オーエムツー	優待食事券	食料品|食事券	108000.0		2.21	
2016-03-21	11	1	3377	バイク王	自社商品購入割引券	暮らし	26000.0		42.3	
2016-03-21	11	2	3244	サムティ	自社リゾートホテル割引券	交通・旅行	110000.0		8.39	
2016-03-21	11	3	2769	ヴィレッジＶ	買物優待券	暮らし|長期保有特典	155000.0		7.32	
2016-03-21	11	4	5942	日フイルコン	ギフト商品	食料品	43000.0		4.82	
2016-03-21	11	5	1766	東建コーポ	東北地方ブランド米、ミネラルウォーター	食料品|交通・旅行|暮らし|スポーツ	89000.0		4.34	
2016-03-21	11	6	9837	モリト	オリジナル・クオカード	金券	82000.0		4.18	
2016-03-21	11	7	8609	岡三	証券金融サービス	金融サービス	611000.0		4.09	
2016-03-21	11	8	8617	光世証	証券金融サービス	金融サービス	147000.0		4.08	
2016-03-21	11	9	3230	スター・マイカ	クオカード、生活関連商品	金券|美容・ファッション	151000.0		3.9	
2016-03-21	11	10	4825	ＷＮＩウェザー	自社サービス無料入会	暮らし	385000.0		3.54	
2016-03-21	11	11	1419	タマホーム	リフォームサービス優待券、オリジナル・クオカード	金券|暮らし|長期保有特典|社会貢献	42000.0		3.53	
2016-03-21	11	12	9872	北恵	クオカード、ギフトカード	金券|カタログギフト	249000.0		3.2	
2016-03-21	11	13	8703	ＫＡＢＵ．ＣＯＭ	証券金融サービス	金融サービス|長期保有特典	36000.0		3.15	
2016-03-21	11	14	6985	ユーシン	クオカード	金券	65000.0		3.04	
2016-03-21	11	15	3022	山下医	オリジナル・クオカード	金券	175000.0		3.02	
2016-03-21	11	16	7594	マルカキカイ	自社プロデュース商品、グルメギフト券	食料品|食事券	151000.0		2.97	
2016-03-21	11	17	3089	テクノアルファ	オリジナル・クオカード	金券|長期保有特典	125000.0		2.79	
2016-03-21	11	18	4834	キャリアバンク	図書カード	金券	81000.0		2.69	
2016-03-21	11	19	9924	ドミー	自社プロデュース商品	食料品	498000.0		2.61	
2016-03-21	11	20	2796	ファーマライズＨＤ	メディカルアロマ、医療用サプリメント	美容・ファッション	61000.0		2.6	
2016-03-24	2	1	4842	ＵＳＥＮ	自社サービス無料券	暮らし	3000.0		1038.8	
2016-03-24	2	2	8175	ベスト電	株主優待割引券	暮らし	11000.0		42.85	
2016-03-24	2	3	4645	市進ＨＤ	自社グループ受講割引券	教養・娯楽	163000.0		9.2	
2016-03-24	2	4	9381	エーアイテイー	株主優待商品	暮らし	94000.0		7.42	
2016-03-24	2	5	9876	コックス	株主優待カード	暮らし	28000.0		7.11	
2016-03-24	2	6	3384	アークコア	クオカード	金券	31000.0		6.96	
2016-03-24	2	7	3387	クリレスＨＤ	優待食事券	食事券	102000.0		6.6	
2016-03-24	2	8	9846	天満屋ス	株主優待券、ＶＪＡギフトカード	金券|暮らし	99000.0		6.52	
2016-03-24	2	9	3198	ＳＦＰダイニング	優待食事券	金券|美容・ファッション	155000.0		6.45	
2016-03-24	2	10	7512	イオン北海	株主優待券	暮らし	53000.0		6.43	
2016-03-24	2	11	7603	マックハウス	買物優待券	美容・ファッション	80000.0		6.18	
2016-03-24	2	12	7520	エコス	株主優待券、ブランド米	食料品|食事券	121000.0		6.11	
2016-03-24	2	13	7818	トランザクション	株主優待商品	食料品	128000.0		6.07	
2016-03-24	2	14	2930	北の達人	自社商品詰合せ	美容・ファッション	47000.0		5.76	
2016-03-24	2	15	9861	吉野家ＨＤ	買物優待券	食事券	138000.0		5.76	
2016-03-24	2	16	3222	Ｕ．Ｓ．Ｍ．Ｈ	買物優待券、お米	食料品|暮らし	104000.0		5.75	
2016-03-24	2	17	8287	ＭＶ西日本	株主優待券、地域特産品	食料品|暮らし	150000.0		5.64	
2016-03-24	2	18	3063	ｊＧｒｏｕｐ	優待食事券	食事券	76000.0		5.54	
2016-03-24	2	19	3280	エストラスト	クオカード	金券	55000.0		5.38	
2016-03-24	2	20	8201	さが美	買物優待割引券	暮らし	95000.0		5.26	
2016-03-24	3	1	8848	レオパレス２１	自社リゾートホテル宿泊割引券	交通・旅行|長期保有特典	67000.0		162.08	
2016-03-24	3	2	7602	カーチスＨＤ	株主優待券	暮らし	35000.0		85.89	
2016-03-24	3	3	8107	キムラタン	自社製品ライセンスキー、株主優待券	暮らし	6000.0		83.33	
2016-03-24	3	4	7593	ＶＴＨＤ	レンタカー利用割引券、カタログギフト	カタログギフト|交通・旅行	66000.0		61.88	
2016-03-24	3	5	4765	モーニングスター	自社投資情報サービス	美容・ファッション|金融サービス	33000.0		46.11	
2016-03-24	3	6	3747	インタートレード	株主優待割引券	美容・ファッション|長期保有特典	32000.0		36.92	
2016-03-24	3	7	2453	ＪＢＲ	自社オリジナルイベント招待券	暮らし|教養・娯楽	22000.0		23.24	
2016-03-24	3	8	4712	アドアーズ	自社サロンチケ ット	美容・ファッション	240000.0		18.33	
2016-03-24	3	9	7419	ノジマ	株主優待割引券	暮らし	123000.0		17.46	
2016-03-24	3	10	2666	オートウェーブ	買物優待券	暮らし	11000.0		16.36	
2016-03-24	3	11	3187	サンワカンパニー	買物優待割引券	暮らし	221000.0		14.47	
2016-03-24	3	12	9788	ナック	自社優待品	美容・ファッション	92000.0		13.54	
2016-03-24	3	13	8881	日神不	自社施設利用無料券	暮らし	38000.0		12.04	
2016-03-24	3	14	3347	トラスト	Ｊネットレンタカー利用割引券 、三菱ＵＦＪニコスギフトカード	金券|交通・旅行	31000.0		10.51	
2016-03-24	3	15	3205	ダイドー	自社取扱品	美容・ファッション	49000.0		10.18	
2016-03-24	3	16	4650	ＳＤエンター	自社レジャー施設優待券	美容・ファッション|教養・娯楽|スポーツ	67000.0		9.93	
2016-03-24	3	17	4777	ガーラ	自社アプリ仮想通貨	教養・娯楽	50000.0		9.82	
2016-03-24	3	18	3598	山喜	買物優待券	美容・ファッション	24000.0		9.79	
2016-03-24	3	19	6412	平和	自社施設優待券	スポーツ	241000.0		9.1	
2016-03-24	3	20	5343	ニッコー	自社取扱商品	暮らし|ポイントサービス	115000.0		8.69	
2016-03-29	5	1	3645	ＪＭＮＣ	株主優待券	保育・介護・医療			1087.17	
2016-03-29	5	2	9855	くろがや	買物優待券	暮らし	39000.0		8.04	
2016-03-29	5	3	2792	ハニーズ	自社商品引換券	美容・ファッション	13000.0		5.38	
2016-03-29	5	4	3669	モバクリ	大分県特産品	食料品	47000.0		5.29	
2016-03-29	5	5	2722	アイケイ	自社製品	食料品	100000.0		4.8	
2016-03-29	5	6	9837	モリト	オリジナル・クオカード	金券	82000.0		4.18	
2016-03-29	5	7	1766	東建コーポ	東北地方ブランド米、ミネラルウォーター	食料品|交通・旅行|暮らし|スポーツ	94000.0		4.14	
2016-03-29	5	8	8617	光世証	証券金融サービス	金融サービス	146000.0		4.11	
2016-03-29	5	9	8609	岡三	証券金融サービス	金融サービス	628000.0		3.98	
2016-03-29	5	10	6044	三機サービス	クオカード	金券	61000.0		3.79	
2016-03-29	5	11	9765	オオバ	全国共通おこめ券	金券	43000.0		3.77	
2016-03-29	5	12	7921	宝印刷	株主優待カタログ	カタログギフト|長期保有特典	135000.0		3.7	
2016-03-29	5	13	3230	スター・マイカ	オリジナル・クオカード、生活関連商品	金券|美容・ファッション	167000.0		3.52	
2016-03-29	5	14	3297	東武住販	地域特産品	食料品	174000.0		3.44	
2016-03-29	5	15	1419	タマホーム	リフォームサービス優待券、オリジナル・クオカード	金券|暮らし|長期保有特典|社会貢献	43000.0		3.44	
2016-03-29	5	16	3139	ラクト・ジャパン	クオカード	金券	119000.0		3.35	
2016-03-29	5	17	4825	ＷＮＩウェザー	自社サービス無料入会	暮らし	419000.0		3.25	
2016-03-29	5	18	8703	ＫＡＢＵ．ＣＯＭ	証券金融サービス	金融サービス|長期保有特典	37000.0		3.06	
2016-03-29	5	19	3022	山下医	オリジナル・クオカード	金券	178000.0		2.96	
2016-03-29	5	20	3201	ニッケ	株主優待割引券	暮らし	787000.0		2.92	
2016-03-29	6	1	9449	ＧＭＯ	証券金融サービス	金券|金融サービス	139000.0		19.88	
2016-03-29	6	2	9973	小僧寿し	優待割引券	食事券	55000.0		18.18	
2016-03-29	6	3	3140	イデアインター	自社グループ商品	保育・介護・医療	74000.0		12.08	
2016-03-29	6	4	7177	ＧＭＯクリック	証券金融サービス	食料品|金融サービス	74000.0		9.85	
2016-03-29	6	5	2762	三光ＭＦ	食事優待券、ブランド米	食料品|食事券	93000.0		8.17	
2016-03-29	6	6	9966	藤久	買物優待券	暮らし	170000.0		5.39	
2016-03-29	6	7	8304	あおぞら	ＪＴＢナイスギフト	金券	398000.0		5.22	
2016-03-29	6	8	6785	鈴木	地域名産品	食料品	52000.0		4.95	
2016-03-29	6	9	4221	大倉工	自社リゾートホテル宿泊割引券	交通・旅行	296000.0		4.84	
2016-03-29	6	10	9612	ラックランド	東北地方産品	食料品	165000.0		4.84	
2016-03-29	6	11	7962	キングジム	自社グループ商品	暮らし	84000.0		4.6	
2016-03-29	6	12	3660	アイスタイル	株主優待割引券	美容・ファッション	110000.0		4.38	
2016-03-29	6	13	3028	アルペン	株主優待券	スポーツ	187000.0		4.26	
2016-03-29	6	14	5959	岡部	オリジナル・クオカード	金券	80000.0		4.25	
2016-03-29	6	15	1766	東建コーポ	東北地方ブランド米、ミネラルウォーター	食料品|交通・旅行|暮らし|スポーツ	94000.0		4.14	
2016-03-29	6	16	8617	光世証	証券金融サービス	金融サービス	146000.0		4.11	
2016-03-29	6	17	3178	チムニー	優待食事券、自社オリジナル商品	食料品|食事券	299000.0		4.1	
2016-03-29	6	18	8609	岡三	証券金融サービス	金融サービス	628000.0		3.98	
2016-03-29	6	19	9608	福山コンサル	オリジナル・クオカード	金券	505000.0		3.96	
2016-03-29	6	20	3053	ペッパー	株主優待券、自社商品	食料品|食事券	272000.0		3.85	
2016-04-01	4	1	3318	メガネスーパ	株主優待割引券、クオカード	金券|美容・ファッション	6000.0		7.81	
2016-04-01	4	2	6630	ヤーマン	自社商品	美容・ファッション	221000.0		6.14	
2016-04-01	4	3	3134	Ｈａｍｅｅ	自社グループクーポン	ポイントサービス	53000.0		5.58	
2016-04-01	4	4	2751	テンポス	優待食事券、買物優待券	食事券|暮らし	192000.0		4.47	
2016-04-01	4	5	8617	光世証	証券金融サービス	金融サービス	139000.0		4.31	
2016-04-01	4	6	2159	ＦＳ	自社グループサービス	暮らし	76000.0		4.31	
2016-04-01	4	7	3843	ＦＢ	携帯電話サービス	暮らし	86000.0		4.29	
2016-04-01	4	8	8609	岡三	証券金融サービス	金融サービス	588000.0		4.25	
2016-04-01	4	9	1766	東建コーポ	東北地方ブランド米、ミネラルウォーター	食料品|交通・旅行|暮らし|スポーツ	92000.0		4.23	
2016-04-01	4	10	2198	アイ・ケイ・ケイ	優待食事券、株主優待商品	食料品|食事券	68000.0		3.67	
2016-04-01	4	11	8917	ファースト住建	自社商品、自社選定商品	食料品|金券	134000.0		3.5	
2016-04-01	4	12	3308	日本ヘルスケア	家賃優待割引券、介護優待割引券	保育・介護・医療	198000.0		3.33	
2016-04-01	4	13	6097	日本ビューホテル	株主優待割引券	交通・旅行	181000.0		3.3	
2016-04-01	4	14	8703	ＫＡＢＵ．ＣＯＭ	証券金融サービス	金融サービス|長期保有特典	36000.0		3.19	
2016-04-01	4	15	3329	東和フード	優待食事券	食事券	206000.0		3.14	
2016-04-01	4	16	9444	トーシン	自社商品券、自社施設利用無料券	金券|スポーツ	58000.0		3.07	
2016-04-01	4	17	9603	Ｈ．Ｉ．Ｓ．	株主優待券、自社施設優待券	交通・旅行|教養・娯楽	314000.0		2.6	
2016-04-01	4	18	3361	トーエル	自社取扱商品	食料品	415000.0		2.53	
2016-04-01	4	19	7968	ＴＡＳＡＫＩ	株主優待割引券	美容・ファッション	177000.0		2.25	
2016-04-01	4	20	4989	イハラケミカル	地域特産品、お米券	食料品|金券|長期保有特典	145000.0		2.2	
2016-04-12	1	1	4334	ユークス	自社製品	教養・娯楽	52000.0		7.69	
2016-04-12	1	2	3071	ストリーム	株主優待割割引券	暮らし	14000.0		7.09	
2016-04-12	1	3	4924	シーズＨＤ	自社商品詰合せ	美容・ファッション	224000.0		6.42	
2016-04-12	1	4	3320	クロスプラス	オンラインショップクーポン券	ポイントサービス|美容・ファッション	59000.0		5.03	
2016-04-12	1	5	3455	ＨＣＭ	介護無料相談	保育・介護・医療	109000.0		4.99	
2016-04-12	1	6	9829	ながの東	買物優待券	暮らし	201000.0		4.97	
2016-04-12	1	7	8617	光世証	証券金融サービス	金融サービス	128000.0		4.68	
2016-04-12	1	8	8609	岡三	証券金融サービス	金融サービス	552000.0		4.52	
2016-04-12	1	9	3246	コーセーＲＥ	オリジナル・クオカード	金券|長期保有特典	79000.0		4.4	
2016-04-12	1	10	1766	東建コーポ	東北地方ブランド米、ミネラルウォーター	食料品|交通・旅行|暮らし|スポーツ	88000.0		4.4	
2016-04-12	1	11	4358	ＴＹＯ	オリジナル・クオカード、自社オリジナルイベント招待券	金券|教養・娯楽	82000.0		4.26	
2016-04-12	1	12	8142	トーホー	買物割引券、自社製品	食料品|食事券	244000.0		4.09	
2016-04-12	1	13	7590	タカショー	株主優待カタログ、オリジナルカレンダー	カタログギフト|教養・娯楽|カレンダー	43000.0		3.88	
2016-04-12	1	14	7878	光彩工芸	オリジナルジュエリー	美容・ファッション	193000.0		3.62	
2016-04-12	1	15	8703	ＫＡＢＵ．ＣＯＭ	証券金融サービス	金融サービス|長期保有特典	33000.0		3.4	
2016-04-12	1	16	6654	不二電機工業	クオカード	金券|長期保有特典	138000.0		3.02	
2016-04-12	1	17	9632	スバル興	映画招待券	教養・娯楽	372000.0		2.95	
2016-04-12	1	18	1928	積水ハウス	東北地方ブランド米	食料品	1829000.0		2.95	
2016-04-12	1	19	6387	サムコ	オリジナル・クオカード	金券|長期保有特典	88000.0		2.92	
2016-04-12	1	20	3421	稲葉製作	オリジナル図書カード、地域特産品	食料品|金券	131000.0		2.42	
2016-04-12	2	1	4842	ＵＳＥＮ	自社サービス無料券	暮らし	3000.0		1087.5	
2016-04-12	2	2	8175	ベスト電	株主優待割引券	暮らし	11000.0		43.96	
2016-04-12	2	3	8257	山陽百貨	株主優待券、優待食事券	食事券	14000.0		31.05	
2016-04-12	2	4	4645	市進ＨＤ	自社グループ受講割引券	教養・娯楽	160000.0		9.37	
2016-04-12	2	5	9876	コックス	株主優待カード	暮らし	27000.0		7.38	
2016-04-12	2	6	7512	イオン北海	株主優待券	暮らし	51000.0		6.67	
2016-04-12	2	7	3384	アークコア	クオカード	金券	33000.0		6.58	
2016-04-12	2	8	3387	クリレスＨＤ	優待食事券	食事券	103000.0		6.51	
2016-04-12	2	9	9846	天満屋ス	株主優待券、ＶＪＡギフトカード	金券|暮らし	100000.0		6.47	
2016-04-12	2	10	7603	マックハウス	買物優待券	美容・ファッション	78000.0		6.34	
2016-04-12	2	11	7818	トランザクション	株主優待商品	食料品	130000.0		5.99	
2016-04-12	2	12	7520	エコス	株主優待券、ブランド米	食料品|食事券	135000.0		5.88	
2016-04-12	2	13	3198	ＳＦＰダイニング	優待食事券	金券|美容・ファッション	169000.0		5.88	
2016-04-12	2	14	4745	東京個別	自社グループ受講割引券	教養・娯楽	75000.0		5.84	
2016-04-12	2	15	3063	ｊＧｒｏｕｐ	優待食事券	食事券	75000.0		5.73	
2016-04-12	2	16	3222	Ｕ．Ｓ．Ｍ．Ｈ	買物優待券、お米	食料品|暮らし	105000.0		5.67	
2016-04-12	2	17	8201	さが美	買物優待割引券	暮らし	89000.0		5.61	
2016-04-12	2	18	3280	エストラスト	クオカード	金券	53000.0		5.61	
2016-04-12	2	19	8287	ＭＶ西日本	株主優待券、地域特産品	食料品|暮らし	151000.0		5.6	
2016-04-12	2	20	2930	北の達人	自社商品詰合せ	美容・ファッション	49000.0		5.49	
2016-04-12	3	1	8848	レオパレス２１	自社リゾートホテル宿泊割引券	交通・旅行|長期保有特典	63000.0		170.47	
2016-04-12	3	2	7602	カーチスＨＤ	株主優待券	暮らし	31000.0		98.35	
2016-04-12	3	3	8107	キムラタン	自社製品ライセンスキー、株主優待券	暮らし	6000.0		83.33	
2016-04-12	3	4	7593	ＶＴＨＤ	レンタカー利用割引券、カタログギフト	カタログギフト|交通・旅行	55000.0		74.72	
2016-04-12	3	5	4765	モーニングスター	自社投資情報サービス	美容・ファッション|金融サービス	29000.0		51.71	
2016-04-12	3	6	3747	インタートレード	株主優待割引券	美容・ファッション|長期保有特典	29000.0		40.81	
2016-04-12	3	7	2453	ＪＢＲ	自社オリジナルイベント招待券	暮らし|教養・娯楽	22000.0		23.66	
2016-04-12	3	8	4712	アドアーズ	自社サロンチケ ット	美容・ファッション	198000.0		22.22	
2016-04-12	3	9	7419	ノジマ	株主優待割引券	暮らし	109000.0		19.57	
2016-04-12	3	10	2666	オートウェーブ	買物優待券	暮らし	10000.0		17.3	
2016-04-12	3	11	9788	ナック	自社優待品	美容・ファッション	82000.0		15.07	
2016-04-12	3	12	3187	サンワカンパニー	買物優待割引券	暮らし	230000.0		13.91	
2016-04-12	3	13	8881	日神不	自社施設利用無料券	暮らし	35000.0		12.81	
2016-04-12	3	14	3347	トラスト	Ｊネットレンタカー利用割引券 、三菱ＵＦＪニコスギフトカード	金券|交通・旅行	29000.0		11.0	
2016-04-12	3	15	4650	ＳＤエンター	自社レジャー施設優待券	美容・ファッション|教養・娯楽|スポーツ	61000.0		10.88	
2016-04-12	3	16	3598	山喜	買物優待券	美容・ファッション	22000.0		10.86	
2016-04-12	3	17	3205	ダイドー	自社取扱品	美容・ファッション	46000.0		10.75	
2016-04-12	3	18	4777	ガーラ	自社アプリ仮想通貨	教養・娯楽	49000.0		10.06	
2016-04-12	3	19	8613	丸三証	水産加工品、東北地方ブランド米	食料品	97000.0		9.77	
2016-04-12	3	20	6412	平和	自社施設優待券	スポーツ	229000.0		9.58	
2016-04-12	4	1	3318	メガネスーパ	株主優待割引券、クオカード	金券|美容・ファッション	6000.0		7.81	
2016-04-12	4	2	6630	ヤーマン	自社商品	美容・ファッション	218000.0		6.22	
2016-04-12	4	3	3134	Ｈａｍｅｅ	自社グループクーポン	ポイントサービス	60000.0		4.94	
2016-04-12	4	4	8617	光世証	証券金融サービス	金融サービス	128000.0		4.68	
2016-04-12	4	5	2159	ＦＳ	自社グループサービス	暮らし	68000.0		4.63	
2016-04-12	4	6	2751	テンポス	優待食事券、買物優待券	食事券|暮らし	189000.0		4.54	
2016-04-12	4	7	8609	岡三	証券金融サービス	金融サービス	552000.0		4.52	
2016-04-12	4	8	3843	ＦＢ	携帯電話サービス	暮らし	82000.0		4.49	
2016-04-12	4	9	1766	東建コーポ	東北地方ブランド米、ミネラルウォーター	食料品|交通・旅行|暮らし|スポーツ	88000.0		4.4	
2016-04-12	4	10	2198	アイ・ケイ・ケイ	優待食事券、株主優待商品	食料品|食事券	65000.0		3.82	
2016-04-12	4	11	8917	ファースト住建	自社商品、自社選定商品	食料品|金券	129000.0		3.63	
2016-04-12	4	12	6097	日本ビューホテル	株主優待割引券	交通・旅行	168000.0		3.56	
2016-04-12	4	13	3308	日本ヘルスケア	家賃優待割引券、介護優待割引券	保育・介護・医療	194000.0		3.4	
2016-04-12	4	14	8703	ＫＡＢＵ．ＣＯＭ	証券金融サービス	金融サービス|長期保有特典	33000.0		3.4	
2016-04-12	4	15	3329	東和フード	優待食事券	食事券	200000.0		3.23	
2016-04-12	4	16	9444	トーシン	自社商品券、自社施設利用無料券	金券|スポーツ	57000.0		3.11	
2016-04-12	4	17	9603	Ｈ．Ｉ．Ｓ．	株主優待券、自社施設優待券	交通・旅行|教養・娯楽	297000.0		2.75	
2016-04-12	4	18	3361	トーエル	自社取扱商品	食料品	391000.0		2.68	
2016-04-12	4	19	4989	イハラケミカル	地域特産品、お米券	食料品|金券|長期保有特典	130000.0		2.45	
2016-04-12	4	20	7968	ＴＡＳＡＫＩ	株主優待割引券	美容・ファッション	163000.0		2.44	
2016-04-12	5	1	3645	ＪＭＮＣ	株主優待券	保育・介護・医療			1075.48	
2016-04-12	5	2	9855	くろがや	買物優待券	暮らし	38000.0		8.37	
2016-04-12	5	3	2792	ハニーズ	自社商品引換券	美容・ファッション	10000.0		6.79	
2016-04-12	5	4	2722	アイケイ	自社製品	食料品	101000.0		4.71	
2016-04-12	5	5	8617	光世証	証券金融サービス	金融サービス	128000.0		4.68	
2016-04-12	5	6	8609	岡三	証券金融サービス	金融サービス	552000.0		4.52	
2016-04-12	5	7	1766	東建コーポ	東北地方ブランド米、ミネラルウォーター	食料品|交通・旅行|暮らし|スポーツ	88000.0		4.4	
2016-04-12	5	8	9837	モリト	オリジナル・クオカード	金券	83000.0		4.13	
2016-04-12	5	9	9765	オオバ	全国共通おこめ券	金券	40000.0		4.05	
2016-04-12	5	10	6044	三機サービス	クオカード	金券	59000.0		3.89	
2016-04-12	5	11	7921	宝印刷	株主優待カタログ	カタログギフト|長期保有特典	129000.0		3.85	
2016-04-12	5	12	4825	ＷＮＩウェザー	自社サービス無料入会	暮らし	359000.0		3.8	
2016-04-12	5	13	1419	タマホーム	リフォームサービス優待券、オリジナル・クオカード	金券|暮らし|長期保有特典|社会貢献	42000.0		3.52	
2016-04-12	5	14	3297	東武住販	地域特産品	食料品	170000.0		3.52	
2016-04-12	5	15	3230	スター・マイカ	オリジナル・クオカード、生活関連商品	金券|美容・ファッション	170000.0		3.46	
2016-04-12	5	16	8703	ＫＡＢＵ．ＣＯＭ	証券金融サービス	金融サービス|長期保有特典	33000.0		3.4	
2016-04-12	5	17	3139	ラクト・ジャパン	クオカード	金券	124000.0		3.21	
2016-04-12	5	18	3201	ニッケ	株主優待割引券	暮らし	725000.0		3.17	
2016-04-12	5	19	3022	山下医	オリジナル・クオカード	金券	178000.0		2.96	
2016-04-12	5	20	6985	ユーシン	クオカード	金券|長期保有特典	68000.0		2.92	
2016-04-12	6	1	9449	ＧＭＯ	証券金融サービス	金券|金融サービス	131000.0		21.15	
2016-04-12	6	2	9973	小僧寿し	優待割引券	食事券	51000.0		19.6	
2016-04-12	6	3	3140	イデアインター	自社グループ商品	保育・介護・医療	77000.0		11.56	
2016-04-12	6	4	7177	ＧＭＯクリック	証券金融サービス	食料品|金融サービス	68000.0		10.71	
2016-04-12	6	5	2762	三光ＭＦ	食事優待券、ブランド米	食料品|食事券	90000.0		8.37	
2016-04-12	6	6	8304	あおぞら	ＪＴＢナイスギフト	金券	359000.0		5.79	
2016-04-12	6	7	9966	藤久	買物優待券	暮らし	170000.0		5.38	
2016-04-12	6	8	4221	大倉工	自社リゾートホテル宿泊割引券	交通・旅行	275000.0		5.21	
2016-04-12	6	9	6785	鈴木	地域名産品	食料品	50000.0		5.16	
2016-04-12	6	10	3660	アイスタイル	株主優待割引券	美容・ファッション	95000.0		5.06	
2016-04-12	6	11	9612	ラックランド	東北地方産品	食料品	158000.0		5.04	
2016-04-12	6	12	7962	キングジム	自社グループ商品	暮らし	82000.0		4.72	
2016-04-12	6	13	8617	光世証	証券金融サービス	金融サービス	128000.0		4.68	
2016-04-12	6	14	5959	岡部	オリジナル・クオカード	金券	73000.0		4.6	
2016-04-12	6	15	3028	アルペン	株主優待券	スポーツ	176000.0		4.53	
2016-04-12	6	16	8609	岡三	証券金融サービス	金融サービス	552000.0		4.52	
2016-04-12	6	17	1766	東建コーポ	東北地方ブランド米、ミネラルウォーター	食料品|交通・旅行|暮らし|スポーツ	88000.0		4.4	
2016-04-12	6	18	3178	チムニー	優待食事券、自社オリジナル商品	食料品|食事券	284000.0		4.31	
2016-04-12	6	19	9608	福山コンサル	オリジナル・クオカード	金券	489000.0		4.08	
2016-04-12	6	20	8165	千趣会	買物優待券	暮らし|長期保有特典	70000.0		3.97	
2016-04-12	7	1	9829	ながの東	買物優待券	暮らし	201000.0		4.97	
2016-04-12	7	2	8617	光世証	証券金融サービス	金融サービス	128000.0		4.68	
2016-04-12	7	3	8609	岡三	証券金融サービス	金融サービス	552000.0		4.52	
2016-04-12	7	4	1766	東建コーポ	東北地方ブランド米、ミネラルウォーター	食料品|交通・旅行|暮らし|スポーツ	88000.0		4.4	
2016-04-12	7	5	8142	トーホー	買物割引券、自社製品	食料品|食事券	244000.0		4.09	
2016-04-12	7	6	7590	タカショー	株主優待カタログ、オリジナルカレンダー	カタログギフト|教養・娯楽|カレンダー	43000.0		3.88	
2016-04-12	7	7	3172	ティーライフ	株主優待券	暮らし	100000.0		3.69	
2016-04-12	7	8	8703	ＫＡＢＵ．ＣＯＭ	証券金融サービス	金融サービス|長期保有特典	33000.0		3.4	
2016-04-12	7	9	6654	不二電機工業	クオカード	金券|長期保有特典	138000.0		3.02	
2016-04-12	7	10	9632	スバル興	映画招待券	教養・娯楽	372000.0		2.95	
2016-04-12	7	11	3159	丸善ＣＨＩ	自社商品券	暮らし	35000.0		2.83	
2016-04-12	7	12	7850	総合商研	北海道特産品	食料品|暮らし	821000.0		2.8	
2016-04-12	7	13	2353	日駐	自社施設利用無料券	交通・旅行|暮らし	123000.0		2.67	
2016-04-12	7	14	3421	稲葉製作	オリジナル図書カード、地域特産品	食料品|金券	131000.0		2.42	
2016-04-12	7	15	3399	山岡家	株主優待券	食事券	138000.0		2.35	
2016-04-12	7	16	7614	オーエムツー	優待食事券	食料品|食事券	108000.0		2.2	
2016-04-12	7	17	8562	福島銀	銀行金融サービス	金融サービス	80000.0		1.87	
2016-04-12	7	18	8360	山梨中銀	株主優待ポイント	金融サービス	374000.0		1.87	
2016-04-12	7	19	8842	楽天地	映画招待券	教養・娯楽	472000.0		1.27	
2016-04-12	7	20	3418	バルニバービ	優待食事券、株主優待カード	食事券|長期保有特典	165000.0		1.2	
2016-04-12	8	1	4842	ＵＳＥＮ	自社サービス無料券	暮らし	3000.0		1087.5	
2016-04-12	8	2	6025	日本ＰＣサービス	自社サービス利用券	金券	228000.0		8.77	
2016-04-12	8	3	2404	鉄人化計画	株主優待カード、優待食事券	食事券|暮らし	44000.0		8.1	
2016-04-12	8	4	3387	クリレスＨＤ	優待食事券	食事券	103000.0		6.51	
2016-04-12	8	5	9846	天満屋ス	株主優待券、ＶＪＡギフトカード	金券|暮らし	100000.0		6.47	
2016-04-12	8	6	3174	ハピネス＆Ｄ	株主優待券、自社オリジナル商品	暮らし	71000.0		6.32	
2016-04-12	8	7	7818	トランザクション	株主優待商品	食料品	130000.0		5.99	
2016-04-12	8	8	8127	ヤマトインター	自社製品	教養・娯楽	38000.0		5.93	
2016-04-12	8	9	7520	エコス	株主優待券、ブランド米	食料品|食事券	135000.0		5.88	
2016-04-12	8	10	3198	ＳＦＰダイニング	優待食事券	金券|美容・ファッション	169000.0		5.88	
2016-04-12	8	11	4745	東京個別	自社グループ受講割引券	教養・娯楽	75000.0		5.84	
2016-04-12	8	12	3063	ｊＧｒｏｕｐ	優待食事券	食事券	75000.0		5.73	
2016-04-12	8	13	3222	Ｕ．Ｓ．Ｍ．Ｈ	買物優待券、お米	食料品|暮らし	105000.0		5.67	
2016-04-12	8	14	3344	ワンダーＣｏ．	株主優待ポイント	ポイントサービス	80000.0		5.59	
2016-04-12	8	15	3168	黒谷	クオカード	金券	45000.0		5.48	
2016-04-12	8	16	2736	サダマツ	オリジナルジュエリー、買物優待券	美容・ファッション	220000.0		5.45	
2016-04-12	8	17	2178	トライＳＴＧ	オリジナル・クオカード	金券	174000.0		5.44	
2016-04-12	8	18	5018	ＭＯＲＥＳＣＯ	クオカード	金券	114000.0		5.25	
2016-04-12	8	19	2157	コシダカＨＤ	自社グループ優待券、カタログギフト	カタログギフト|暮らし	210000.0		5.23	
2016-04-12	8	20	9778	昴	自社グループ受講優待券、果物	食料品|教養・娯楽	360000.0		4.72	
2016-04-12	10	1	3318	メガネスーパ	株主優待割引券、クオカード	金券|美容・ファッション	6000.0		7.81	
2016-04-12	10	2	1873	日本ハウスＨＤ	自社製品	食料品	390000.0		5.94	
2016-04-12	10	3	3134	Ｈａｍｅｅ	自社グループクーポン	ポイントサービス	60000.0		4.94	
2016-04-12	10	4	8617	光世証	証券金融サービス	金融サービス	128000.0		4.68	
2016-04-12	10	5	8609	岡三	証券金融サービス	金融サービス	552000.0		4.52	
2016-04-12	10	6	1766	東建コーポ	東北地方ブランド米、ミネラルウォーター	食料品|交通・旅行|暮らし|スポーツ	88000.0		4.4	
2016-04-12	10	7	8917	ファースト住建	自社商品、自社選定商品	食料品|金券	129000.0		3.63	
2016-04-12	10	8	7640	トップカルチャ	TSUTAYA ギフト券	教養・娯楽|長期保有特典	234000.0		3.62	
2016-04-12	10	9	6097	日本ビューホテル	株主優待割引券	交通・旅行	168000.0		3.56	
2016-04-12	10	10	3308	日本ヘルスケア	家賃優待割引券、介護優待割引券	保育・介護・医療	194000.0		3.4	
2016-04-12	10	11	8703	ＫＡＢＵ．ＣＯＭ	証券金融サービス	金融サービス|長期保有特典	33000.0		3.4	
2016-04-12	10	12	3329	東和フード	優待食事券	食事券	200000.0		3.23	
2016-04-12	10	13	9444	トーシン	自社商品券、自社施設利用無料券	金券|スポーツ	57000.0		3.11	
2016-04-12	10	14	6309	巴工業	自社関連商品	食料品	144000.0		3.11	
2016-04-12	10	15	3038	神戸物産	自社グループ商品	食料品	239000.0		2.92	
2016-04-12	10	16	9824	泉州電業	オリジナル図書カード	金券	162000.0		2.82	
2016-04-12	10	17	9603	Ｈ．Ｉ．Ｓ．	株主優待券、自社施設優待券	交通・旅行|教養・娯楽	297000.0		2.75	
2016-04-12	10	18	3361	トーエル	自社取扱商品	食料品	391000.0		2.68	
2016-04-12	10	19	4355	ロングライフＨＤ	介護優待券、自社グループ製品詰合せ	食料品|保育・介護・医療	32000.0		2.6	
2016-04-12	10	20	7968	ＴＡＳＡＫＩ	株主優待割引券	美容・ファッション	163000.0		2.44	
2016-04-12	11	1	3377	バイク王	自社商品購入割引券	暮らし	25000.0		42.8	
2016-04-12	11	2	3244	サムティ	自社リゾートホテル割引券	交通・旅行	102000.0		9.03	
2016-04-12	11	3	2769	ヴィレッジＶ	買物優待券	暮らし|長期保有特典	153000.0		7.44	
2016-04-12	11	4	5942	日フイルコン	ギフト商品	食料品	40000.0		5.14	
2016-04-12	11	5	8617	光世証	証券金融サービス	金融サービス	128000.0		4.68	
2016-04-12	11	6	8609	岡三	証券金融サービス	金融サービス	552000.0		4.52	
2016-04-12	11	7	1766	東建コーポ	東北地方ブランド米、ミネラルウォーター	食料品|交通・旅行|暮らし|スポーツ	88000.0		4.4	
2016-04-12	11	8	9837	モリト	オリジナル・クオカード	金券	83000.0		4.13	
2016-04-12	11	9	6064	アクトコール	クオカード	金券	155000.0		3.85	
2016-04-12	11	10	4825	ＷＮＩウェザー	自社サービス無料入会	暮らし	359000.0		3.8	
2016-04-12	11	11	1419	タマホーム	リフォームサービス優待券、オリジナル・クオカード	金券|暮らし|長期保有特典|社会貢献	42000.0		3.52	
2016-04-12	11	12	7594	マルカキカイ	自社プロデュース商品、グルメギフト券	食料品|食事券	129000.0		3.48	
2016-04-12	11	13	3230	スター・マイカ	オリジナル・クオカード、生活関連商品	金券|美容・ファッション	170000.0		3.46	
2016-04-12	11	14	8703	ＫＡＢＵ．ＣＯＭ	証券金融サービス	金融サービス|長期保有特典	33000.0		3.4	
2016-04-12	11	15	9872	北恵	クオカード、ギフトカード	金券|カタログギフト	248000.0		3.22	
2016-04-12	11	16	2734	サーラ	買物優待券	食事券	276000.0		3.07	
2016-04-12	11	17	3022	山下医	オリジナル・クオカード	金券	178000.0		2.96	
2016-04-12	11	18	6985	ユーシン	クオカード	金券|長期保有特典	68000.0		2.92	
2016-04-12	11	19	3089	テクノアルファ	オリジナル・クオカード	金券|長期保有特典	123000.0		2.83	
2016-04-12	11	20	2796	ファーマライズＨＤ	メディカルアロマ、医療用サプリメント	保育・介護・医療	57000.0		2.76	
2016-04-12	12	1	9449	ＧＭＯ	証券金融サービス	金券|金融サービス	131000.0		21.15	
2016-04-12	12	2	9973	小僧寿し	優待割引券	食事券	51000.0		19.6	
2016-04-12	12	3	9439	ＭＨグループ	株主優待券	美容・ファッション|長期保有特典	25000.0		13.4	
2016-04-12	12	4	7177	ＧＭＯクリック	証券金融サービス	食料品|金融サービス	68000.0		10.71	
2016-04-12	12	5	2762	三光ＭＦ	食事優待券、ブランド米	食料品|食事券	90000.0		8.37	
2016-04-12	12	6	6078	バリューＨＲ	自社サービス無料券	暮らし	172000.0		8.11	
2016-04-12	12	7	4840	トライアイズ	買物優待券、株主優待カード	暮らし	30000.0		7.28	
2016-04-12	12	8	4755	楽天	株主優待券	交通・旅行|ポイントサービス|教養・娯楽|スポーツ|金融サービス	123000.0		7.07	
2016-04-12	12	9	2406	アルテＨＤ	株主優待券	美容・ファッション	60000.0		6.66	
2016-04-12	12	10	3082	きちり	優待食事券	食事券	64000.0		5.86	
2016-04-12	12	11	8304	あおぞら	ＪＴＢナイスギフト	金券	359000.0		5.79	
2016-04-12	12	12	6789	ローランドＤＧ	世界特産品	食事券	202000.0		5.42	
2016-04-12	12	13	9966	藤久	買物優待券	暮らし	170000.0		5.38	
2016-04-12	12	14	4221	大倉工	自社リゾートホテル宿泊割引券	交通・旅行	275000.0		5.21	
2016-04-12	12	15	9612	ラックランド	東北地方産品	食料品	158000.0		5.04	
2016-04-12	12	16	3302	帝繊維	クオカード、自社製品	金券|暮らし	141000.0		4.94	
2016-04-12	12	17	8617	光世証	証券金融サービス	金融サービス	128000.0		4.68	
2016-04-12	12	18	5959	岡部	オリジナル・クオカード	金券	73000.0		4.6	
2016-04-12	12	19	3028	アルペン	株主優待券	スポーツ	176000.0		4.53	
2016-04-12	12	20	8609	岡三	証券金融サービス	金融サービス	552000.0		4.52	
2016-04-13	9	1	8848	レオパレス２１	自社リゾートホテル宿泊割引券	交通・旅行|長期保有特典	63000.0		171.54	
2016-04-13	9	2	3747	インタートレード	株主優待割引券	美容・ファッション|長期保有特典	29000.0		40.95	
2016-04-13	9	3	3726	フォーシーズＨＤ	株主優待券	美容・ファッション	36000.0		27.1	
2016-04-13	9	4	2453	ＪＢＲ	自社オリジナルイベント招待券	暮らし|教養・娯楽	22000.0		23.87	
2016-04-13	9	5	7419	ノジマ	株主優待割引券	暮らし	109000.0		19.63	
2016-04-13	9	6	2666	オートウェーブ	買物優待券	暮らし	10000.0		17.14	
2016-04-13	9	7	3347	トラスト	Ｊネットレンタカー利用割引券 、三菱ＵＦＪニコスギフトカード	金券|交通・旅行	29000.0		10.96	
2016-04-13	9	8	4650	ＳＤエンター	自社レジャー施設優待券	美容・ファッション|教養・娯楽|スポーツ	61000.0		10.84	
2016-04-13	9	9	3598	山喜	買物優待券	美容・ファッション	22000.0		10.62	
2016-04-13	9	10	6412	平和	自社施設優待券	スポーツ	233000.0		9.42	
2016-04-13	9	11	5343	ニッコー	自社取扱商品	暮らし|ポイントサービス	107000.0		9.34	
2016-04-13	9	12	4680	ラウンドワン	自社施設割引券	スポーツ	65000.0		9.17	
2016-04-13	9	13	3245	ディア・ライフ	オリジナル・クオカード	金券	38000.0		9.14	
2016-04-13	9	14	3167	ＴＯＫＡＩ　ＨＤ	クオカード、ミネラルウォーター	食料品|金券|暮らし|ポイントサービス	56000.0		9.05	
2016-04-13	9	15	5261	リソル	自社商品券、株主優待カード	金券	300000.0		9.0	
2016-04-13	9	16	6628	オンキヨー	自社グループクーポン	教養・娯楽	11000.0		8.92	
2016-04-13	9	17	7524	マルシェ	優待食事券	食事券	81000.0		8.84	
2016-04-13	9	18	1518	三井松島	ホテル宿泊割引券	交通・旅行	114000.0		8.77	
2016-04-13	9	19	8737	あかつきＦＧ	オリジナル・クオカード	金券	39000.0		8.21	
2016-04-13	9	20	6430	ダイコク電	株主優待ポイント	ポイントサービス	129000.0		7.74	
2016-04-24	2	1	4842	ＵＳＥＮ	自社サービス無料券	暮らし	3000.0		1005.78	
2016-04-24	2	2	8175	ベスト電	株主優待割引券	暮らし	11000.0		42.85	
2016-04-24	2	3	8257	山陽百貨	株主優待券、優待食事券	食事券	14000.0		31.18	
2016-04-24	2	4	4645	市進ＨＤ	自社グループ受講割引券	教養・娯楽	157000.0		9.55	
2016-04-24	2	5	9876	コックス	株主優待カード	暮らし	27000.0		7.35	
2016-04-24	2	6	3222	Ｕ．Ｓ．Ｍ．Ｈ	買物優待券、お米	食料品|暮らし	103000.0		7.15	
2016-04-24	2	7	7512	イオン北海	株主優待券	暮らし	52000.0		6.7	
2016-04-24	2	8	3387	クリレスＨＤ	優待食事券	食事券	106000.0		6.7	
2016-04-24	2	9	3198	ＳＦＰダイニング	優待食事券	金券|美容・ファッション	155000.0		6.55	
2016-04-24	2	10	9846	天満屋ス	株主優待券、ＶＪＡギフトカード	金券|暮らし	100000.0		6.45	
2016-04-24	2	11	7603	マックハウス	買物優待券	美容・ファッション	79000.0		6.3	
2016-04-24	2	12	3384	アークコア	クオカード	金券	32000.0		6.23	
2016-04-24	2	13	4745	東京個別	自社グループ受講割引券	教養・娯楽	71000.0		6.14	
2016-04-24	2	14	3063	ｊＧｒｏｕｐ	優待食事券	食事券	76000.0		5.62	
2016-04-24	2	15	8201	さが美	買物優待割引券	暮らし	91000.0		5.49	
2016-04-24	2	16	8287	ＭＶ西日本	株主優待券、地域特産品	食料品|暮らし	155000.0		5.47	
2016-04-24	2	17	7818	トランザクション	株主優待商品	食料品	143000.0		5.43	
2016-04-24	2	18	7520	エコス	株主優待券、ブランド米	食料品|食事券	148000.0		5.39	
2016-04-24	2	19	9381	エーアイテイー	株主優待商品	暮らし	93000.0		5.32	
2016-04-24	2	20	2930	北の達人	自社商品詰合せ	美容・ファッション	52000.0		5.23	
2016-04-24	3	1	8848	レオパレス２１	自社リゾートホテル宿泊割引券	交通・旅行|長期保有特典	69000.0		156.71	
2016-04-24	3	2	7602	カーチスＨＤ	株主優待券	暮らし	28000.0		105.5	
2016-04-24	3	3	7593	ＶＴＨＤ	レンタカー利用割引券、カタログギフト	カタログギフト|交通・旅行	57000.0		71.62	
2016-04-24	3	4	8107	キムラタン	自社製品ライセンスキー、株主優待券	暮らし	7000.0		71.42	
2016-04-24	3	5	4765	モーニングスター	自社投資情報サービス	美容・ファッション|金融サービス	31000.0		47.3	
2016-04-24	3	6	3747	インタートレード	株主優待割引券	美容・ファッション|長期保有特典	32000.0		37.5	
2016-04-24	3	7	2453	ＪＢＲ	自社オリジナルイベント招待券	暮らし|教養・娯楽	23000.0		22.74	
2016-04-24	3	8	4712	アドアーズ	自社サロンチケ ット	美容・ファッション	204000.0		21.56	
2016-04-24	3	9	7419	ノジマ	株主優待割引券	暮らし	114000.0		18.8	
2016-04-24	3	10	2666	オートウェーブ	買物優待券	暮らし	10000.0		16.51	
2016-04-24	3	11	9788	ナック	自社優待品	美容・ファッション	89000.0		14.04	
2016-04-24	3	12	8881	日神不	自社施設利用無料券	暮らし	37000.0		12.16	
2016-04-24	3	13	3187	サンワカンパニー	買物優待割引券	暮らし	293000.0		10.92	
2016-04-24	3	14	4650	ＳＤエンター	自社レジャー施設優待券	美容・ファッション|教養・娯楽|スポーツ	62000.0		10.63	
2016-04-24	3	15	3205	ダイドー	自社取扱品	美容・ファッション	48000.0		10.26	
2016-04-24	3	16	3598	山喜	買物優待券	美容・ファッション	23000.0		10.12	
2016-04-24	3	17	3347	トラスト	Ｊネットレンタカー利用割引券 、三菱ＵＦＪニコスギフトカード	金券|交通・旅行	32000.0		10.09	
2016-04-24	3	18	4777	ガーラ	自社アプリ仮想通貨	教養・娯楽	53000.0		9.29	
2016-04-24	3	19	8613	丸三証	水産加工品、東北地方ブランド米	食料品	103000.0		9.17	
2016-04-24	3	20	4680	ラウンドワン	自社施設割引券	スポーツ	65000.0		9.14	
2016-04-29	5	1	3645	ＪＭＮＣ	株主優待券	保育・介護・医療			984.44	
2016-04-29	5	2	9855	くろがや	買物優待券	暮らし	38000.0		8.26	
2016-04-29	5	3	2792	ハニーズ	自社商品引換券	美容・ファッション	11000.0		6.24	
2016-04-29	5	4	1766	東建コーポ	東北地方ブランド米、ミネラルウォーター	食料品|交通・旅行|暮らし|スポーツ	85000.0		4.54	
2016-04-29	5	5	9837	モリト	オリジナル・クオカード	金券	84000.0		4.09	
2016-04-29	5	6	8617	光世証	証券金融サービス	金融サービス	130000.0		3.84	
2016-04-29	5	7	7921	宝印刷	株主優待カタログ	カタログギフト|長期保有特典	136000.0		3.66	
2016-04-29	5	8	6044	三機サービス	クオカード	金券	64000.0		3.6	
2016-04-29	5	9	3230	スター・マイカ	オリジナル・クオカード、生活関連商品	金券|美容・ファッション	164000.0		3.58	
2016-04-29	5	10	9765	オオバ	全国共通おこめ券	金券	45000.0		3.57	
2016-04-29	5	11	4825	ＷＮＩウェザー	自社サービス無料入会	暮らし	385000.0		3.54	
2016-04-29	5	12	1419	タマホーム	リフォームサービス優待券、オリジナル・クオカード	金券|暮らし|長期保有特典|社会貢献	43000.0		3.44	
2016-04-29	5	13	3297	東武住販	地域特産品	食料品	177000.0		3.38	
2016-04-29	5	14	8703	ＫＡＢＵ．ＣＯＭ	証券金融サービス	金融サービス|長期保有特典	35000.0		3.38	
2016-04-29	5	15	3139	ラクト・ジャパン	クオカード	金券	125000.0		3.2	
2016-04-29	5	16	6985	ユーシン	クオカード	金券|長期保有特典	69000.0		2.86	
2016-04-29	5	17	3022	山下医	オリジナル・クオカード	金券	188000.0		2.81	
2016-04-29	5	18	3201	ニッケ	株主優待割引券	暮らし			2.67	
2016-04-29	5	19	8908	毎コムネット	自社サービス無料利用権	暮らし	110000.0		2.52	
2016-04-29	5	20	3160	大光	クオカード、自社商品券	金券|暮らし	82000.0		2.43	
2016-04-29	6	1	9449	ＧＭＯ	証券金融サービス	金券|金融サービス	131000.0		21.14	
2016-04-29	6	2	9973	小僧寿し	優待割引券	食事券	50000.0		19.8	
2016-04-29	6	3	3140	イデアインター	自社グループ商品	保育・介護・医療	82000.0		10.88	
2016-04-29	6	4	2762	三光ＭＦ	食事優待券、ブランド米	食料品|食事券	93000.0		8.14	
2016-04-29	6	5	7177	ＧＭＯクリック	証券金融サービス	食料品|金融サービス	75000.0		6.91	
2016-04-29	6	6	3660	アイスタイル	株主優待割引券	美容・ファッション	80000.0		6.02	
2016-04-29	6	7	8304	あおぞら	ＪＴＢナイスギフト	金券	391000.0		5.31	
2016-04-29	6	8	9966	藤久	買物優待券	暮らし	174000.0		5.27	
2016-04-29	6	9	4221	大倉工	自社リゾートホテル宿泊割引券	交通・旅行	286000.0		5.01	
2016-04-29	6	10	9612	ラックランド	東北地方産品	食料品	165000.0		4.84	
2016-04-29	6	11	6785	鈴木	地域名産品	食料品	53000.0		4.82	
2016-04-29	6	12	7962	キングジム	自社グループ商品	暮らし	84000.0		4.61	
2016-04-29	6	13	1766	東建コーポ	東北地方ブランド米、ミネラルウォーター	食料品|交通・旅行|暮らし|スポーツ	85000.0		4.54	
2016-04-29	6	14	3028	アルペン	株主優待券	スポーツ	186000.0		4.29	
2016-04-29	6	15	5959	岡部	オリジナル・クオカード	金券	81000.0		4.18	
2016-04-29	6	16	3178	チムニー	優待食事券、自社オリジナル商品	食料品|食事券	294000.0		4.18	
2016-04-29	6	17	2702	マクドナルド	優待食事券	食事券	266000.0		4.13	
2016-04-29	6	18	8617	光世証	証券金融サービス	金融サービス	130000.0		3.84	
2016-04-29	6	19	3197	すかいらーく	優待食事券	食事券	140000.0		3.78	
2016-04-29	6	20	8165	千趣会	買物優待券	暮らし|長期保有特典	74000.0		3.73	
2016-05-01	4	1	3318	メガネスーパ	株主優待割引券、クオカード	金券|美容・ファッション	6000.0		7.69	
2016-05-01	4	2	6630	ヤーマン	自社商品	美容・ファッション	205000.0		6.63	
2016-05-01	4	3	2751	テンポス	優待食事券、買物優待券	食事券|暮らし	173000.0		4.96	
2016-05-01	4	4	3843	ＦＢ	携帯電話サービス	暮らし	77000.0		4.76	
2016-05-01	4	5	1766	東建コーポ	東北地方ブランド米、ミネラルウォーター	食料品|交通・旅行|暮らし|スポーツ	85000.0		4.54	
2016-05-01	4	6	2159	ＦＳ	自社グループサービス	暮らし	78000.0		4.06	
2016-05-01	4	7	2198	アイ・ケイ・ケイ	優待食事券、株主優待商品	食料品|食事券	63000.0		3.96	
2016-05-01	4	8	8617	光世証	証券金融サービス	金融サービス	130000.0		3.84	
2016-05-01	4	9	6097	日本ビューホテル	株主優待割引券	交通・旅行	161000.0		3.7	
2016-05-01	4	10	8917	ファースト住建	自社商品、自社選定商品	食料品|金券	127000.0		3.67	
2016-05-01	4	11	3308	日本ヘルスケア	家賃優待割引券、介護優待割引券	保育・介護・医療	189000.0		3.5	
2016-05-01	4	12	3329	東和フード	優待食事券	食事券	188000.0		3.44	
2016-05-01	4	13	8703	ＫＡＢＵ．ＣＯＭ	証券金融サービス	金融サービス|長期保有特典	35000.0		3.38	
2016-05-01	4	14	9444	トーシン	自社商品券、自社施設利用無料券	金券|スポーツ	56000.0		3.2	
2016-05-01	4	15	9603	Ｈ．Ｉ．Ｓ．	株主優待券、自社施設優待券	交通・旅行|教養・娯楽	272000.0		3.0	
2016-05-01	4	16	3361	トーエル	自社取扱商品	食料品	382000.0		2.74	
2016-05-01	4	17	3134	Ｈａｍｅｅ	自社グループクーポン	ポイントサービス	117000.0		2.56	
2016-05-01	4	18	7968	ＴＡＳＡＫＩ	株主優待割引券	美容・ファッション	157000.0		2.54	
2016-05-01	4	19	4989	イハラケミカル	地域特産品、お米券	食料品|金券|長期保有特典	141000.0		2.25	
2016-05-01	4	20	2910	ロックフィルド	買物優待券、自社工場見学会	食事券|教養・娯楽	164000.0		1.97	
2016-05-18	7	1	9829	ながの東	買物優待券	暮らし	211000.0		4.73	
2016-05-18	7	2	8609	岡三	証券金融サービス	金融サービス	558000.0		4.48	
2016-05-18	7	3	1766	東建コーポ	東北地方ブランド米、ミネラルウォーター	食料品|交通・旅行|暮らし|スポーツ	88000.0		4.42	
2016-05-18	7	4	8142	トーホー	買物割引券、自社製品	食料品|食事券	240000.0		4.16	
2016-05-18	7	5	8617	光世証	証券金融サービス	金融サービス	125000.0		4.0	
2016-05-18	7	6	7590	タカショー	株主優待カタログ、オリジナルカレンダー	カタログギフト|教養・娯楽|カレンダー	44000.0		3.82	
2016-05-18	7	7	3172	ティーライフ	株主優待券	暮らし	102000.0		3.61	
2016-05-18	7	8	8703	ＫＡＢＵ．ＣＯＭ	証券金融サービス	金融サービス|長期保有特典	34000.0		3.43	
2016-05-18	7	9	9632	スバル興	映画招待券	教養・娯楽	371000.0		2.96	
2016-05-18	7	10	6654	不二電機工業	クオカード	金券|長期保有特典	144000.0		2.9	
2016-05-18	7	11	3159	丸善ＣＨＩ	自社商品券	暮らし	36000.0		2.74	
2016-05-18	7	12	7850	総合商研	北海道特産品	食料品|暮らし	853000.0		2.69	
2016-05-18	7	13	2353	日駐	自社施設利用無料券	交通・旅行|暮らし	124000.0		2.65	
2016-05-18	7	14	8360	山梨中銀	株主優待ポイント	金融サービス	385000.0		2.59	
2016-05-18	7	15	3421	稲葉製作	オリジナル図書カード、地域特産品	食料品|金券	132000.0		2.41	
2016-05-18	7	16	8562	福島銀	銀行金融サービス	金融サービス	85000.0		2.35	
2016-05-18	7	17	3399	山岡家	株主優待券	食事券	148000.0		2.19	
2016-05-18	7	18	7614	オーエムツー	優待食事券	食料品|食事券	119000.0		2.0	
2016-05-18	7	19	6040	日本スキー	自社レジャー施設優待券	暮らし|スポーツ	142000.0		1.4	
2016-05-18	7	20	8842	楽天地	映画招待券	教養・娯楽	472000.0		1.27	
2016-05-18	8	1	4842	ＵＳＥＮ	自社サービス無料券	暮らし	3000.0		935.48	
2016-05-18	8	2	6025	日本ＰＣサービス	自社サービス利用券	金券	239000.0		8.36	
2016-05-18	8	3	2404	鉄人化計画	株主優待カード、優待食事券	食事券|暮らし	44000.0		8.09	
2016-05-18	8	4	3387	クリレスＨＤ	優待食事券	食事券	100000.0		7.16	
2016-05-18	8	5	3222	Ｕ．Ｓ．Ｍ．Ｈ	買物優待券、お米	食料品|暮らし	103000.0		7.15	
2016-05-18	8	6	3198	ＳＦＰダイニング	優待食事券	金券|美容・ファッション	143000.0		7.08	
2016-05-18	8	7	4745	東京個別	自社グループ受講割引券	教養・娯楽	67000.0		6.49	
2016-05-18	8	8	9846	天満屋ス	株主優待券、ＶＪＡギフトカード	金券|暮らし	103000.0		6.26	
2016-05-18	8	9	7520	エコス	株主優待券、ブランド米	食料品|食事券	128000.0		6.22	
2016-05-18	8	10	3174	ハピネス＆Ｄ	株主優待券、自社オリジナル商品	暮らし	73000.0		6.13	
2016-05-18	8	11	8127	ヤマトインター	自社製品	教養・娯楽	39000.0		5.81	
2016-05-18	8	12	3344	ワンダーＣｏ．	株主優待ポイント	ポイントサービス|長期保有特典	82000.0		5.47	
2016-05-18	8	13	3168	黒谷	クオカード	金券	46000.0		5.42	
2016-05-18	8	14	3063	ｊＧｒｏｕｐ	優待食事券	食事券	79000.0		5.41	
2016-05-18	8	15	2736	サダマツ	オリジナルジュエリー、買物優待券	美容・ファッション	223000.0		5.38	
2016-05-18	8	16	7818	トランザクション	株主優待商品	食料品	145000.0		5.37	
2016-05-18	8	17	2157	コシダカＨＤ	自社グループ優待券、カタログギフト	カタログギフト|暮らし	208000.0		5.28	
2016-05-18	8	18	2178	トライＳＴＧ	オリジナル・クオカード	金券	180000.0		5.26	
2016-05-18	8	19	5018	ＭＯＲＥＳＣＯ	クオカード	金券	114000.0		5.23	
2016-05-18	8	20	8609	岡三	証券金融サービス	金融サービス	558000.0		4.48	
2016-05-18	9	1	8848	レオパレス２１	自社リゾートホテル宿泊割引券	交通・旅行|長期保有特典	69000.0		157.93	
2016-05-18	9	2	3747	インタートレード	株主優待割引券	美容・ファッション|長期保有特典	24000.0		48.98	
2016-05-18	9	3	3726	フォーシーズＨＤ	株主優待券	美容・ファッション	31000.0		31.54	
2016-05-18	9	4	2453	ＪＢＲ	自社オリジナルイベント招待券	暮らし|教養・娯楽	23000.0		23.04	
2016-05-18	9	5	2666	オートウェーブ	買物優待券	暮らし	10000.0		16.66	
2016-05-18	9	6	7419	ノジマ	株主優待割引券	暮らし	136000.0		16.25	
2016-05-18	9	7	3598	山喜	買物優待券	美容・ファッション	22000.0		11.36	
2016-05-18	9	8	6412	平和	自社施設優待券	スポーツ	214000.0		10.24	
2016-05-18	9	9	3347	トラスト	Ｊネットレンタカー利用割引券 、三菱ＵＦＪニコスギフトカード	金券|交通・旅行	32000.0		10.09	
2016-05-18	9	10	1518	三井松島	ホテル宿泊割引券	交通・旅行	104000.0		9.61	
2016-05-18	9	11	5261	リソル	自社商品券、株主優待カード	金券	302000.0		9.6	
2016-05-18	9	12	4650	ＳＤエンター	自社レジャー施設優待券	美容・ファッション|教養・娯楽|スポーツ	63000.0		9.47	
2016-05-18	9	13	3245	ディア・ライフ	オリジナル・クオカード	金券	37000.0		9.26	
2016-05-18	9	14	5343	ニッコー	自社取扱商品	暮らし|ポイントサービス	110000.0		9.09	
2016-05-18	9	15	6628	オンキヨー	自社グループクーポン	教養・娯楽	11000.0		8.77	
2016-05-18	9	16	4680	ラウンドワン	自社施設割引券	スポーツ	69000.0		8.67	
2016-05-18	9	17	7524	マルシェ	優待食事券	食事券	82000.0		8.48	
2016-05-18	9	18	9831	ヤマダ電機	自社優待割引券	暮らし|長期保有特典	52000.0		8.01	
2016-05-18	9	19	3167	ＴＯＫＡＩ　ＨＤ	クオカード、ミネラルウォーター	食料品|金券|暮らし|ポイントサービス	67000.0		7.67	
2016-05-18	9	20	3372	関門海	株主優待券	食事券	27000.0		7.32	
2016-05-18	10	1	3318	メガネスーパ	株主優待割引券、クオカード	金券|美容・ファッション	7000.0		6.66	
2016-05-18	10	2	1873	日本ハウスＨＤ	自社製品	食料品	366000.0		6.33	
2016-05-18	10	3	8609	岡三	証券金融サービス	金融サービス	558000.0		4.48	
2016-05-18	10	4	1766	東建コーポ	東北地方ブランド米、ミネラルウォーター	食料品|交通・旅行|暮らし|スポーツ	88000.0		4.42	
2016-05-18	10	5	8617	光世証	証券金融サービス	金融サービス	125000.0		4.0	
2016-05-18	10	6	6097	日本ビューホテル	株主優待割引券	交通・旅行	150000.0		3.97	
2016-05-18	10	7	7640	トップカルチャ	TSUTAYA ギフト券	教養・娯楽|長期保有特典	227000.0		3.73	
2016-05-18	10	8	3308	日本ヘルスケア	家賃優待割引券、介護優待割引券	保育・介護・医療	181000.0		3.65	
2016-05-18	10	9	8917	ファースト住建	自社商品、自社選定商品	食料品|金券	129000.0		3.61	
2016-05-18	10	10	8703	ＫＡＢＵ．ＣＯＭ	証券金融サービス	金融サービス|長期保有特典	34000.0		3.43	
2016-05-18	10	11	3329	東和フード	優待食事券	食事券	190000.0		3.41	
2016-05-18	10	12	9444	トーシン	自社商品券、自社施設利用無料券	金券|スポーツ	54000.0		3.32	
2016-05-18	10	13	9824	泉州電業	オリジナル図書カード	金券	150000.0		3.06	
2016-05-18	10	14	6309	巴工業	自社関連商品	食料品	147000.0		3.04	
2016-05-18	10	15	9603	Ｈ．Ｉ．Ｓ．	株主優待券、自社施設優待券	交通・旅行|教養・娯楽	270000.0		3.03	
2016-05-18	10	16	3038	神戸物産	自社グループ商品	食料品	236000.0		2.95	
2016-05-18	10	17	4355	ロングライフＨＤ	介護優待券、自社グループ製品詰合せ	食料品|保育・介護・医療	30000.0		2.83	
2016-05-18	10	18	2301	学情	オリジナル・クオカード	金券	104000.0		2.78	
2016-05-18	10	19	3361	トーエル	自社取扱商品	食料品	392000.0		2.67	
2016-05-18	10	20	7968	ＴＡＳＡＫＩ	株主優待割引券	美容・ファッション	153000.0		2.6	
2016-05-30	5	1	3645	ＪＭＮＣ	株主優待券	保育・介護・医療			817.15	
2016-05-30	5	2	9855	くろがや	買物優待券	暮らし	37000.0		8.62	
2016-05-30	5	3	2792	ハニーズ	自社商品引換券	美容・ファッション	10000.0		6.73	
2016-05-30	5	4	1766	東建コーポ	東北地方ブランド米、ミネラルウォーター	食料品|交通・旅行|暮らし|スポーツ	85000.0		4.54	
2016-05-30	5	5	8609	岡三	証券金融サービス	金融サービス	569000.0		4.39	
2016-05-30	5	6	9837	モリト	オリジナル・クオカード	金券	79000.0		4.33	
2016-05-30	5	7	8617	光世証	証券金融サービス	金融サービス	131000.0		3.81	
2016-05-30	5	8	9765	オオバ	全国共通おこめ券	金券	43000.0		3.74	
2016-05-30	5	9	4825	ＷＮＩウェザー	自社サービス無料入会	暮らし	366000.0		3.72	
2016-05-30	5	10	7921	宝印刷	株主優待カタログ	カタログギフト|長期保有特典	135000.0		3.67	
2016-05-30	5	11	3230	スター・マイカ	オリジナル・クオカード、生活関連商品	金券|美容・ファッション	160000.0		3.66	
2016-05-30	5	12	6044	三機サービス	クオカード	金券	63000.0		3.64	
2016-05-30	5	13	3297	東武住販	地域特産品	食料品	175000.0		3.42	
2016-05-30	5	14	1419	タマホーム	リフォームサービス優待券、オリジナル・クオカード	金券|暮らし|長期保有特典|社会貢献	44000.0		3.39	
2016-05-30	5	15	3139	ラクト・ジャパン	クオカード	金券	122000.0		3.26	
2016-05-30	5	16	8703	ＫＡＢＵ．ＣＯＭ	証券金融サービス	金融サービス|長期保有特典	36000.0		3.25	
2016-05-30	5	17	3022	山下医	オリジナル・クオカード	金券	174000.0		3.03	
2016-05-30	5	18	6985	ユーシン	クオカード	金券|長期保有特典	69000.0		2.87	
2016-05-30	5	19	3201	ニッケ	株主優待割引券	暮らし			2.72	
2016-05-30	5	20	8908	毎コムネット	自社サービス無料利用権	暮らし	105000.0		2.64	
2016-05-30	6	1	9449	ＧＭＯ	証券金融サービス	金券|金融サービス	131000.0		21.23	
2016-05-30	6	2	9973	小僧寿し	優待割引券	食事券	52000.0		19.23	
2016-05-30	6	3	3140	イデアインター	自社グループ商品	保育・介護・医療	84000.0		10.66	
2016-05-30	6	4	2762	三光ＭＦ	食事優待券、ブランド米	食料品|食事券	94000.0		8.06	
2016-05-30	6	5	7177	ＧＭＯクリック	証券金融サービス	食料品|金融サービス	73000.0		7.12	
2016-05-30	6	6	7813	プラッツ	クオカード	金券|長期保有特典	260000.0		6.65	
2016-05-30	6	7	9966	藤久	買物優待券	暮らし	172000.0		5.32	
2016-05-30	6	8	3660	アイスタイル	株主優待割引券	美容・ファッション	92000.0		5.22	
2016-05-30	6	9	8304	あおぞら	ＪＴＢナイスギフト	金券	376000.0		4.94	
2016-05-30	6	10	3319	ＧＤＯ	スポーツ施設優待券	スポーツ	92000.0		4.9	
2016-05-30	6	11	3028	アルペン	株主優待券	スポーツ	171000.0		4.67	
2016-05-30	6	12	9612	ラックランド	東北地方産品	食料品	174000.0		4.58	
2016-05-30	6	13	7962	キングジム	自社グループ商品	暮らし	85000.0		4.56	
2016-05-30	6	14	1766	東建コーポ	東北地方ブランド米、ミネラルウォーター	食料品|交通・旅行|暮らし|スポーツ	85000.0		4.54	
2016-05-30	6	15	6785	鈴木	地域名産品	食料品	58000.0		4.48	
2016-05-30	6	16	4221	大倉工	自社リゾートホテル宿泊割引券	交通・旅行	321000.0		4.47	
2016-05-30	6	17	8609	岡三	証券金融サービス	金融サービス	569000.0		4.39	
2016-05-30	6	18	9386	日本コンセプト	オリジナル・クオカード、商品カタログ	金券|カタログギフト|長期保有特典	93000.0		4.26	
2016-05-30	6	19	5959	岡部	オリジナル・クオカード	金券	80000.0		4.2	
2016-05-30	6	20	3197	すかいらーく	優待食事券	食事券	130000.0		4.05	
2016-06-01	4	1	6630	ヤーマン	自社商品	美容・ファッション	208000.0		6.52	
2016-06-01	4	2	3318	メガネスーパ	株主優待割引券、クオカード	金券|美容・ファッション	8000.0		6.02	
2016-06-01	4	3	2751	テンポス	優待食事券、買物優待券	食事券|暮らし	174000.0		4.92	
2016-06-01	4	4	1766	東建コーポ	東北地方ブランド米、ミネラルウォーター	食料品|交通・旅行|暮らし|スポーツ	86000.0		4.53	
2016-06-01	4	5	3843	ＦＢ	携帯電話サービス	暮らし	82000.0		4.48	
2016-06-01	4	6	8609	岡三	証券金融サービス	金融サービス	565000.0		4.42	
2016-06-01	4	7	2198	アイ・ケイ・ケイ	優待食事券、株主優待商品	食料品|食事券	61000.0		4.05	
2016-06-01	4	8	6097	日本ビューホテル	株主優待割引券	交通・旅行	153000.0		3.91	
2016-06-01	4	9	8617	光世証	証券金融サービス	金融サービス	128000.0		3.9	
2016-06-01	4	10	2159	ＦＳ	自社グループサービス	暮らし	84000.0		3.74	
2016-06-01	4	11	3308	日本ヘルスケア	家賃優待割引券、介護優待割引券	保育・介護・医療	180000.0		3.66	
2016-06-01	4	12	8917	ファースト住建	自社商品、自社選定商品	食料品|金券	129000.0		3.63	
2016-06-01	4	13	3180	Ｂガレジ	自社オリジナル商品	食料品	98000.0		3.53	
2016-06-01	4	14	3329	東和フード	優待食事券	食事券	190000.0		3.41	
2016-06-01	4	15	9444	トーシン	自社商品券、自社施設利用無料券	金券|スポーツ	55000.0		3.26	
2016-06-01	4	16	8703	ＫＡＢＵ．ＣＯＭ	証券金融サービス	金融サービス|長期保有特典	37000.0		3.21	
2016-06-01	4	17	9603	Ｈ．Ｉ．Ｓ．	株主優待券、自社施設優待券	交通・旅行|教養・娯楽	299000.0		2.74	
2016-06-01	4	18	3361	トーエル	自社取扱商品	食料品	403000.0		2.6	
2016-06-01	4	19	7968	ＴＡＳＡＫＩ	株主優待割引券	美容・ファッション	161000.0		2.48	
2016-06-01	4	20	8360	山梨中銀	株主優待ポイント	金融サービス	404000.0		2.47	
2016-06-18	7	1	8609	岡三	証券金融サービス	金融サービス	483000.0		5.17	
2016-06-18	7	2	1766	東建コーポ	東北地方ブランド米、ミネラルウォーター	食料品|交通・旅行|暮らし|スポーツ	79000.0		5.0	
2016-06-18	7	3	9829	ながの東	買物優待券	暮らし	206000.0		4.85	
2016-06-18	7	4	8617	光世証	証券金融サービス	金融サービス	115000.0		4.34	
2016-06-18	7	5	8142	トーホー	買物割引券、自社製品	食料品|食事券	235000.0		4.25	
2016-06-18	7	6	7590	タカショー	株主優待カタログ、オリジナルカレンダー	カタログギフト|教養・娯楽|カレンダー	43000.0		3.88	
2016-06-18	7	7	3172	ティーライフ	株主優待券	暮らし	97000.0		3.78	
2016-06-18	7	8	8703	ＫＡＢＵ．ＣＯＭ	証券金融サービス	金融サービス|長期保有特典	32000.0		3.73	
2016-06-18	7	9	6654	不二電機工業	クオカード	金券|長期保有特典	134000.0		3.11	
2016-06-18	7	10	7850	総合商研	北海道特産品	食料品|暮らし	755000.0		3.04	
2016-06-18	7	11	9632	スバル興	映画招待券	教養・娯楽	380000.0		2.89	
2016-06-18	7	12	8360	山梨中銀	株主優待ポイント	金融サービス	353000.0		2.83	
2016-06-18	7	13	2353	日駐	自社施設利用無料券	交通・旅行|暮らし	117000.0		2.81	
2016-06-18	7	14	3159	丸善ＣＨＩ	自社商品券	暮らし	36000.0		2.77	
2016-06-18	7	15	3399	山岡家	株主優待券	食事券	127000.0		2.55	
2016-06-18	7	16	8562	福島銀	銀行金融サービス	金融サービス	83000.0		2.41	
2016-06-18	7	17	3421	稲葉製作	オリジナル図書カード、地域特産品	食料品|金券	136000.0		2.34	
2016-06-18	7	18	7614	オーエムツー	優待食事券	食料品|食事券	124000.0		1.92	
2016-06-18	7	19	3539	ジャパンミート	精肉関連商品	食料品	113000.0		1.76	
2016-06-18	7	20	6040	日本スキー	自社レジャー施設優待券	暮らし|スポーツ	151000.0		1.32	
2016-06-18	8	1	4842	ＵＳＥＮ	自社サービス無料券	暮らし	3000.0		1032.64	
2016-06-18	8	2	2404	鉄人化計画	株主優待カード、優待食事券	食事券|暮らし	40000.0		8.86	
2016-06-18	8	3	6025	日本ＰＣサービス	自社サービス利用券	金券	242000.0		8.24	
2016-06-18	8	4	3387	クリレスＨＤ	優待食事券	食事券	90000.0		7.89	
2016-06-18	8	5	3198	ＳＦＰダイニング	優待食事券	金券|美容・ファッション	138000.0		7.35	
2016-06-18	8	6	3222	Ｕ．Ｓ．Ｍ．Ｈ	買物優待券、お米	食料品|暮らし	102000.0		7.19	
2016-06-18	8	7	4745	東京個別	自社グループ受講割引券	教養・娯楽	66000.0		6.64	
2016-06-18	8	8	7520	エコス	株主優待券、ブランド米	食料品|食事券	122000.0		6.5	
2016-06-18	8	9	3174	ハピネス＆Ｄ	株主優待券、自社オリジナル商品	暮らし	70000.0		6.36	
2016-06-18	8	10	9846	天満屋ス	株主優待券、ＶＪＡギフトカード	金券|暮らし	104000.0		6.22	
2016-06-18	8	11	8127	ヤマトインター	自社製品	教養・娯楽	38000.0		5.88	
2016-06-18	8	12	2178	トライＳＴＧ	オリジナル・クオカード	金券	163000.0		5.81	
2016-06-18	8	13	2736	サダマツ	オリジナルジュエリー、買物優待券	美容・ファッション	210000.0		5.71	
2016-06-18	8	14	3063	ｊＧｒｏｕｐ	優待食事券	食事券	76000.0		5.64	
2016-06-18	8	15	5018	ＭＯＲＥＳＣＯ	クオカード	金券	108000.0		5.53	
2016-06-18	8	16	3168	黒谷	クオカード	金券	45000.0		5.49	
2016-06-18	8	17	3344	ワンダーＣｏ．	株主優待ポイント	ポイントサービス|長期保有特典	82000.0		5.43	
2016-06-18	8	18	2157	コシダカＨＤ	自社グループ優待券、カタログギフト	カタログギフト|暮らし	210000.0		5.22	
2016-06-18	8	19	8609	岡三	証券金融サービス	金融サービス	483000.0		5.17	
2016-06-18	8	20	1766	東建コーポ	東北地方ブランド米、ミネラルウォーター	食料品|交通・旅行|暮らし|スポーツ	79000.0		5.0	
2016-06-18	9	1	8848	レオパレス２１	自社リゾートホテル宿泊割引券	交通・旅行|長期保有特典	66000.0		166.05	
2016-06-18	9	2	3747	インタートレード	株主優待割引券	美容・ファッション|長期保有特典	20000.0		57.41	
2016-06-18	9	3	3726	フォーシーズＨＤ	株主優待券	美容・ファッション	32000.0		30.76	
2016-06-18	9	4	2453	ＪＢＲ	自社オリジナルイベント招待券	暮らし|教養・娯楽	22000.0		23.87	
2016-06-18	9	5	2666	オートウェーブ	買物優待券	暮らし	9000.0		18.36	
2016-06-18	9	6	7419	ノジマ	株主優待割引券	暮らし	154000.0		14.41	
2016-06-18	9	7	3598	山喜	買物優待券	美容・ファッション	21000.0		11.79	
2016-06-18	9	8	3245	ディア・ライフ	オリジナル・クオカード	金券	30000.0		11.45	
2016-06-18	9	9	6412	平和	自社施設優待券	スポーツ	202000.0		10.88	
2016-06-18	9	10	3347	トラスト	Ｊネットレンタカー利用割引券 、三菱ＵＦＪニコスギフトカード	金券|交通・旅行	31000.0		10.44	
2016-06-18	9	11	1518	三井松島	ホテル宿泊割引券	交通・旅行	98000.0		10.2	
2016-06-18	9	12	6628	オンキヨー	自社グループクーポン	教養・娯楽	9000.0		10.1	
2016-06-18	9	13	5261	リソル	自社商品券、株主優待カード	金券	296000.0		9.79	
2016-06-18	9	14	4650	ＳＤエンター	自社レジャー施設優待券	美容・ファッション|教養・娯楽|スポーツ	62000.0		9.67	
2016-06-18	9	15	5343	ニッコー	自社取扱商品	暮らし|ポイントサービス	106000.0		9.43	
2016-06-18	9	16	7524	マルシェ	優待食事券	食事券	81000.0		8.57	
2016-06-18	9	17	9831	ヤマダ電機	自社優待割引券	暮らし|長期保有特典	50000.0		8.31	
2016-06-18	9	18	9832	オートバックス	株主優待カード	暮らし	145000.0		8.26	
2016-06-18	9	19	3772	ウェルス	自社投資情報サービス	金融サービス	65000.0		8.24	
2016-06-18	9	20	3167	ＴＯＫＡＩ　ＨＤ	クオカード、ミネラルウォーター	食料品|金券|暮らし|ポイントサービス	64000.0		8.06	
2016-06-18	10	1	3318	メガネスーパ	株主優待割引券、クオカード	金券|美容・ファッション	6000.0		8.19	
2016-06-18	10	2	1873	日本ハウスＨＤ	自社製品	食料品	303000.0		7.65	
2016-06-18	10	3	8609	岡三	証券金融サービス	金融サービス	483000.0		5.17	
2016-06-18	10	4	1766	東建コーポ	東北地方ブランド米、ミネラルウォーター	食料品|交通・旅行|暮らし|スポーツ	79000.0		5.0	
2016-06-18	10	5	6097	日本ビューホテル	株主優待割引券	交通・旅行	136000.0		4.9	
2016-06-18	10	6	8617	光世証	証券金融サービス	金融サービス	115000.0		4.34	
2016-06-18	10	7	8917	ファースト住建	自社商品、自社選定商品	食料品|金券	118000.0		3.95	
2016-06-18	10	8	7640	トップカルチャ	TSUTAYA ギフト券	教養・娯楽|長期保有特典	220000.0		3.85	
2016-06-18	10	9	9444	トーシン	自社商品券、自社施設利用無料券	金券|スポーツ	52000.0		3.81	
2016-06-18	10	10	3308	日本ヘルスケア	家賃優待割引券、介護優待割引券	保育・介護・医療	173000.0		3.81	
2016-06-18	10	11	3038	神戸物産	自社グループ商品	食料品	184000.0		3.79	
2016-06-18	10	12	8703	ＫＡＢＵ．ＣＯＭ	証券金融サービス	金融サービス|長期保有特典	32000.0		3.73	
2016-06-18	10	13	3329	東和フード	優待食事券	食事券	183000.0		3.54	
2016-06-18	10	14	3287	星野	優待宿泊券	交通・旅行	1270000.0		3.24	
2016-06-18	10	15	6309	巴工業	自社関連商品	食料品	144000.0		3.11	
2016-06-18	10	16	4355	ロングライフＨＤ	介護優待券、自社グループ製品詰合せ	食料品|保育・介護・医療	28000.0		3.0	
2016-06-18	10	17	7968	ＴＡＳＡＫＩ	株主優待割引券	美容・ファッション	136000.0		2.92	
2016-06-18	10	18	9603	Ｈ．Ｉ．Ｓ．	株主優待券、自社施設優待券	交通・旅行|教養・娯楽	289000.0		2.83	
2016-06-18	10	19	8360	山梨中銀	株主優待ポイント	金融サービス	353000.0		2.83	
2016-06-18	10	20	9824	泉州電業	オリジナル図書カード	金券	168000.0		2.72	
2016-06-27	12	1	9449	ＧＭＯ	自社グループ割引サービス	金券|金融サービス	99000.0		28.11	
2016-06-27	12	2	9973	小僧寿し	優待割引券	食事券	37000.0		27.02	
2016-06-27	12	3	9439	ＭＨグループ	株主優待券	美容・ファッション|長期保有特典	23000.0		14.44	
2016-06-27	12	4	4840	トライアイズ	買物優待券、株主優待カード	暮らし	25000.0		8.73	
2016-06-27	12	5	4755	楽天	株主優待券	交通・旅行|ポイントサービス|教養・娯楽|スポーツ|金融サービス	101000.0		8.59	
2016-06-27	12	6	2762	三光ＭＦ	食事優待券、ブランド米	食料品|食事券	93000.0		8.11	
2016-06-27	12	7	6078	バリューＨＲ	自社サービス無料券	暮らし|長期保有特典	180000.0		7.75	
2016-06-27	12	8	7177	ＧＭＯクリック	証券金融サービス	食料品|金融サービス	68000.0		7.59	
2016-06-27	12	9	2193	ＣＯＯＫＰＡＤ	自社サイトサービス利用クーポン※2016年12月期優待内容は未定	ポイントサービス	114000.0		6.63	
2016-06-27	12	10	3082	きちり	優待食事券	食事券	57000.0		6.53	
2016-06-27	12	11	2406	アルテＨＤ	株主優待券	美容・ファッション	61000.0		6.52	
2016-06-27	12	12	3302	帝繊維	クオカード、自社製品	金券|暮らし	119000.0		5.87	
2016-06-27	12	13	6789	ローランドＤＧ	世界特産品	食事券	190000.0		5.77	
2016-06-27	12	14	8609	岡三	証券金融サービス	金融サービス	461000.0		5.42	
2016-06-27	12	15	9966	藤久	買物優待券	暮らし	170000.0		5.38	
2016-06-27	12	16	4221	大倉工	自社リゾートホテル宿泊割引券	交通・旅行	267000.0		5.37	
2016-06-27	12	17	8304	あおぞら	ＪＴＢナイスギフト	金券	349000.0		5.33	
2016-06-27	12	18	3319	ＧＤＯ	スポーツ施設優待券	スポーツ	87000.0		5.21	
2016-06-27	12	19	1766	東建コーポ	東北地方ブランド米、ミネラルウォーター	食料品|交通・旅行|暮らし|スポーツ	76000.0		5.19	
2016-06-27	12	20	9612	ラックランド	東北地方産品	食料品	158000.0		5.05	
2016-06-30	5	1	3645	ＪＭＮＣ	株主優待券	保育・介護・医療			947.15	
2016-06-30	5	2	9855	くろがや	買物優待券	暮らし	43000.0		7.4	
2016-06-30	5	3	2792	ハニーズ	自社商品引換券	美容・ファッション	11000.0		6.35	
2016-06-30	5	4	8609	岡三	証券金融サービス	金融サービス	449000.0		5.56	
2016-06-30	5	5	1766	東建コーポ	東北地方ブランド米、ミネラルウォーター	食料品|交通・旅行|暮らし|スポーツ	82000.0		4.8	
2016-06-30	5	6	8617	光世証	証券金融サービス	金融サービス	107000.0		4.67	
2016-06-30	5	7	9837	モリト	オリジナル・クオカード	金券	78000.0		4.42	
2016-06-30	5	8	9765	オオバ	全国共通おこめ券	金券	39000.0		4.15	
2016-06-30	5	9	6044	三機サービス	クオカード	金券	57000.0		4.04	
2016-06-30	5	10	3297	東武住販	地域特産品	食料品	152000.0		3.94	
2016-06-30	5	11	7921	宝印刷	株主優待カタログ	カタログギフト|長期保有特典	130000.0		3.82	
2016-06-30	5	12	3230	スター・マイカ	オリジナル・クオカード、生活関連商品	金券|美容・ファッション	157000.0		3.73	
2016-06-30	5	13	8703	ＫＡＢＵ．ＣＯＭ	証券金融サービス	金融サービス|長期保有特典	32000.0		3.71	
2016-06-30	5	14	1419	タマホーム	リフォームサービス優待券、オリジナル・クオカード	金券|暮らし|長期保有特典|社会貢献	40000.0		3.66	
2016-06-30	5	15	3022	山下医	オリジナル・クオカード	金券	162000.0		3.26	
2016-06-30	5	16	3139	ラクト・ジャパン	クオカード	金券	125000.0		3.18	
2016-06-30	5	17	6985	ユーシン	クオカード	金券|長期保有特典	64000.0		3.08	
2016-06-30	5	18	3201	ニッケ	株主優待割引券	暮らし			2.87	
2016-06-30	5	19	3669	モバクリ	大分県特産品	食料品|金券	35000.0		2.81	
2016-06-30	5	20	8908	毎コムネット	自社サービス無料利用権	暮らし	100000.0		2.8	
2016-06-30	6	1	9449	ＧＭＯ	自社グループ割引サービス	金券|金融サービス	104000.0		26.79	
2016-06-30	6	2	9973	小僧寿し	優待割引券	食事券	41000.0		24.09	
2016-06-30	6	3	3140	イデアインター	自社グループ商品	保育・介護・医療	77000.0		11.68	
2016-06-30	6	4	7813	プラッツ	クオカード	金券|長期保有特典	199000.0		8.68	
2016-06-30	6	5	2762	三光ＭＦ	食事優待券、ブランド米	食料品|食事券	89000.0		8.5	
2016-06-30	6	6	7177	ＧＭＯクリック	証券金融サービス	食料品|金融サービス	69000.0		7.56	
2016-06-30	6	7	3660	アイスタイル	株主優待割引券	美容・ファッション	73000.0		6.59	
2016-06-30	6	8	2180	サニーサイド	株主優待券	食事券	93000.0		5.9	
2016-06-30	6	9	8609	岡三	証券金融サービス	金融サービス	449000.0		5.56	
2016-06-30	6	10	9966	藤久	買物優待券	暮らし	168000.0		5.44	
2016-06-30	6	11	8304	あおぞら	ＪＴＢナイスギフト	金券	351000.0		5.29	
2016-06-30	6	12	9612	ラックランド	東北地方産品	食料品	154000.0		5.18	
2016-06-30	6	13	4221	大倉工	自社リゾートホテル宿泊割引券	交通・旅行	280000.0		5.12	
2016-06-30	6	14	6785	鈴木	地域名産品	食料品	51000.0		5.04	
2016-06-30	6	15	1766	東建コーポ	東北地方ブランド米、ミネラルウォーター	食料品|交通・旅行|暮らし|スポーツ	82000.0		4.8	
2016-06-30	6	16	7962	キングジム	自社グループ商品	暮らし	81000.0		4.77	
2016-06-30	6	17	3028	アルペン	株主優待券	スポーツ	170000.0		4.69	
2016-06-30	6	18	8617	光世証	証券金融サービス	金融サービス	107000.0		4.67	
2016-06-30	6	19	5959	岡部	オリジナル・クオカード	金券	73000.0		4.65	
2016-06-30	6	20	3319	ＧＤＯ	スポーツ施設優待券	スポーツ	100000.0		4.53	
2016-07-02	4	1	3318	メガネスーパ	株主優待割引券、クオカード	金券|美容・ファッション	6000.0		8.19	
2016-07-02	4	2	6630	ヤーマン	自社商品	美容・ファッション	205000.0		6.62	
2016-07-02	4	3	3843	ＦＢ	携帯電話サービス	暮らし	65000.0		5.64	
2016-07-02	4	4	2751	テンポス	優待食事券、買物優待券	食事券|暮らし	157000.0		5.53	
2016-07-02	4	5	8609	岡三	証券金融サービス	金融サービス	458000.0		5.45	
2016-07-02	4	6	6097	日本ビューホテル	株主優待割引券	交通・旅行	131000.0		5.11	
2016-07-02	4	7	1766	東建コーポ	東北地方ブランド米、ミネラルウォーター	食料品|交通・旅行|暮らし|スポーツ	82000.0		4.78	
2016-07-02	4	8	3308	日本ヘルスケア	家賃優待割引券、介護優待割引券	保育・介護・医療	184000.0		4.66	
2016-07-02	4	9	8617	光世証	証券金融サービス	金融サービス	110000.0		4.54	
2016-07-02	4	10	2198	アイ・ケイ・ケイ	優待食事券、株主優待商品	食料品|食事券	55000.0		4.48	
2016-07-02	4	11	2159	ＦＳ	自社グループサービス	暮らし	75000.0		4.21	
2016-07-02	4	12	9444	トーシン	自社商品券、自社施設利用無料券	金券|スポーツ	54000.0		3.69	
2016-07-02	4	13	8703	ＫＡＢＵ．ＣＯＭ	証券金融サービス	金融サービス|長期保有特典	32000.0		3.65	
2016-07-02	4	14	3329	東和フード	優待食事券	食事券	192000.0		3.37	
2016-07-02	4	15	8917	ファースト住建	自社商品、自社選定商品	食料品|金券|長期保有特典	117000.0		3.15	
2016-07-02	4	16	3287	星野	優待宿泊券	交通・旅行	1306000.0		3.15	
2016-07-02	4	17	4989	イハラケミカル	地域特産品、お米券	食料品|金券|長期保有特典	102000.0		3.12	
2016-07-02	4	18	7968	ＴＡＳＡＫＩ	株主優待割引券	美容・ファッション	128000.0		3.12	
2016-07-02	4	19	8360	山梨中銀	株主優待ポイント	金融サービス	370000.0		2.7	
2016-07-02	4	20	3180	Ｂガレジ	自社オリジナル商品	食料品	133000.0		2.67	
2016-07-19	7	1	3455	ＨＣＭ	介護無料相談	保育・介護・医療	107000.0		5.1	
2016-07-19	7	2	9829	ながの東	買物優待券	暮らし	202000.0		4.95	
2016-07-19	7	3	8609	岡三	証券金融サービス	金融サービス	517000.0		4.83	
2016-07-19	7	4	1766	東建コーポ	新潟県ブランド米、ミネラルウォーター	食料品|交通・旅行|暮らし|スポーツ	83000.0		4.72	
2016-07-19	7	5	8617	光世証	証券金融サービス	金融サービス	121000.0		4.13	
2016-07-19	7	6	8142	トーホー	買物割引券、自社製品	食料品|食事券	243000.0		4.1	
2016-07-19	7	7	7590	タカショー	株主優待カタログ、オリジナルカレンダー	カタログギフト|教養・娯楽|カレンダー	42000.0		3.96	
2016-07-19	7	8	3172	ティーライフ	株主優待券	暮らし	101000.0		3.64	
2016-07-19	7	9	8703	ＫＡＢＵ．ＣＯＭ	証券金融サービス	金融サービス|長期保有特典	33000.0		3.54	
2016-07-19	7	10	7850	総合商研	北海道特産品	食料品|暮らし	736000.0		3.12	
2016-07-19	7	11	6654	不二電機工業	クオカード	金券|長期保有特典	140000.0		3.0	
2016-07-19	7	12	9632	スバル興	映画招待券	教養・娯楽	394000.0		2.79	
2016-07-19	7	13	3159	丸善ＣＨＩ	自社商品券	暮らし	38000.0		2.63	
2016-07-19	7	14	3399	山岡家	株主優待券	食事券	129000.0		2.51	
2016-07-19	7	15	8360	山梨中銀	株主優待ポイント	金融サービス	406000.0		2.46	
2016-07-19	7	16	2353	日駐	自社施設利用無料券	交通・旅行|暮らし	140000.0		2.35	
2016-07-19	7	17	3421	稲葉製作	オリジナル図書カード、地域特産品	食料品|金券	137000.0		2.32	
2016-07-19	7	18	8562	福島銀	銀行金融サービス	金融サービス	92000.0		2.17	
2016-07-19	7	19	7614	オーエムツー	優待食事券	食料品|食事券	120000.0		1.98	
2016-07-19	7	20	3539	ジャパンミート	精肉関連商品	食料品	147000.0		1.35	
2016-07-19	8	1	4842	ＵＳＥＮ	自社サービス無料券	暮らし	3000.0		1090.9	
2016-07-19	8	2	2404	鉄人化計画	株主優待カード、優待食事券	食事券|暮らし	40000.0		8.82	
2016-07-19	8	3	6025	日本ＰＣサービス	自社サービス利用券	金券	251000.0		7.95	
2016-07-19	8	4	3222	Ｕ．Ｓ．Ｍ．Ｈ	買物優待券、お米	食料品|暮らし	100000.0		7.39	
2016-07-19	8	5	3198	ＳＦＰダイニング	優待食事券	金券|美容・ファッション	137000.0		7.37	
2016-07-19	8	6	4745	東京個別	自社グループ受講割引券	教養・娯楽	62000.0		7.09	
2016-07-19	8	7	3387	クリレスＨＤ	優待食事券	食事券	106000.0		6.75	
2016-07-19	8	8	7520	エコス	株主優待券、ブランド米	食料品|食事券	124000.0		6.44	
2016-07-19	8	9	9846	天満屋ス	株主優待券、ＶＪＡギフトカード	金券|暮らし	105000.0		6.13	
2016-07-19	8	10	8127	ヤマトインター	自社製品	教養・娯楽	39000.0		5.8	
2016-07-19	8	11	2736	サダマツ	オリジナルジュエリー、買物優待券	美容・ファッション	213000.0		5.63	
2016-07-19	8	12	2157	コシダカＨＤ	自社グループ優待券、カタログギフト	カタログギフト|暮らし	198000.0		5.54	
2016-07-19	8	13	3168	黒谷	クオカード	金券	45000.0		5.44	
2016-07-19	8	14	3063	ｊＧｒｏｕｐ	優待食事券	食事券	80000.0		5.34	
2016-07-19	8	15	3344	ワンダーＣｏ．	株主優待ポイント	ポイントサービス|長期保有特典	85000.0		5.27	
2016-07-19	8	16	5018	ＭＯＲＥＳＣＯ	クオカード	金券	118000.0		5.06	
2016-07-19	8	17	8609	岡三	証券金融サービス	金融サービス	517000.0		4.83	
2016-07-19	8	18	2178	トライＳＴＧ	オリジナル・クオカード	金券	197000.0		4.81	
2016-07-19	8	19	1766	東建コーポ	新潟県ブランド米、ミネラルウォーター	食料品|交通・旅行|暮らし|スポーツ	83000.0		4.72	
2016-07-19	8	20	8251	パルコ	株主優待カード、株主優待券	交通・旅行|暮らし|長期保有特典	87000.0		4.58	
2016-07-19	9	1	8848	レオパレス２１	自社リゾートホテル宿泊割引券	交通・旅行|長期保有特典	75000.0		128.68	
2016-07-19	9	2	3747	インタートレード	株主優待割引券	美容・ファッション|長期保有特典	22000.0		54.54	
2016-07-19	9	3	3726	フォーシーズＨＤ	株主優待券	美容・ファッション	33000.0		30.21	
2016-07-19	9	4	2453	ＪＢＲ	自社オリジナルイベント招待券	暮らし|教養・娯楽	21000.0		24.31	
2016-07-19	9	5	2666	オートウェーブ	買物優待券	暮らし	9000.0		18.18	
2016-07-19	9	6	3598	山喜	買物優待券	美容・ファッション	21000.0		11.57	
2016-07-19	9	7	7419	ノジマ	株主優待割引券	暮らし	195000.0		11.37	
2016-07-19	9	8	3245	ディア・ライフ	オリジナル・クオカード	金券	32000.0		10.71	
2016-07-19	9	9	6628	オンキヨー	自社グループクーポン	教養・娯楽	9000.0		10.41	
2016-07-19	9	10	6412	平和	自社施設優待券	スポーツ	214000.0		10.25	
2016-07-19	9	11	1518	三井松島	ホテル宿泊割引券	交通・旅行	98000.0		10.2	
2016-07-19	9	12	3347	トラスト	Ｊネットレンタカー利用割引券 、三菱ＵＦＪニコスギフトカード	金券|交通・旅行	33000.0		9.85	
2016-07-19	9	13	5261	リソル	自社商品券、株主優待カード	金券	297000.0		9.76	
2016-07-19	9	14	5343	ニッコー	自社取扱商品	暮らし|ポイントサービス	105000.0		9.52	
2016-07-19	9	15	4650	ＳＤエンター	自社レジャー施設優待券	美容・ファッション|教養・娯楽|スポーツ	64000.0		9.3	
2016-07-19	9	16	3772	ウェルス	自社投資情報サービス	金融サービス	60000.0		8.89	
2016-07-19	9	17	7524	マルシェ	優待食事券	食事券	82000.0		8.5	
2016-07-19	9	18	9832	オートバックス	株主優待カード	暮らし	148000.0		8.06	
2016-07-19	9	19	4680	ラウンドワン	自社施設割引券	スポーツ	74000.0		8.05	
2016-07-19	9	20	3167	ＴＯＫＡＩ　ＨＤ	クオカード、ミネラルウォーター	食料品|金券|暮らし|ポイントサービス	66000.0		7.78	
2016-07-19	10	1	3318	メガネスーパ	株主優待割引券、クオカード	金券|美容・ファッション	6000.0		7.24	
2016-07-19	10	2	1873	日本ハウスＨＤ	自社製品	食料品	353000.0		6.57	
2016-07-19	10	3	6097	日本ビューホテル	株主優待割引券	交通・旅行	124000.0		5.38	
2016-07-19	10	4	8609	岡三	証券金融サービス	金融サービス	517000.0		4.83	
2016-07-19	10	5	1766	東建コーポ	新潟県ブランド米、ミネラルウォーター	食料品|交通・旅行|暮らし|スポーツ	83000.0		4.72	
2016-07-19	10	6	3308	日本ヘルスケア	家賃優待割引券、介護優待割引券	保育・介護・医療	189000.0		4.54	
2016-07-19	10	7	8617	光世証	証券金融サービス	金融サービス	121000.0		4.13	
2016-07-19	10	8	7640	トップカルチャ	TSUTAYA ギフト券	教養・娯楽|長期保有特典	229000.0		3.71	
2016-07-19	10	9	9444	トーシン	自社商品券、自社施設利用無料券	金券|スポーツ	54000.0		3.7	
2016-07-19	10	10	8703	ＫＡＢＵ．ＣＯＭ	証券金融サービス	金融サービス|長期保有特典	33000.0		3.54	
2016-07-19	10	11	7968	ＴＡＳＡＫＩ	株主優待割引券	美容・ファッション	117000.0		3.4	
2016-07-19	10	12	3329	東和フード	優待食事券	食事券	192000.0		3.38	
2016-07-19	10	13	3287	星野	優待宿泊券	交通・旅行	1250000.0		3.29	
2016-07-19	10	14	3038	神戸物産	自社グループ商品	食料品	213000.0		3.27	
2016-07-19	10	15	8917	ファースト住建	自社商品、自社選定商品	食料品|金券|長期保有特典	122000.0		3.03	
2016-07-19	10	16	6309	巴工業	自社関連商品	食料品	155000.0		2.89	
2016-07-19	10	17	9603	Ｈ．Ｉ．Ｓ．	株主優待券、自社施設優待券	交通・旅行|教養・娯楽	290000.0		2.82	
2016-07-19	10	18	9824	泉州電業	オリジナル図書カード	金券	166000.0		2.76	
2016-07-19	10	19	4355	ロングライフＨＤ	介護優待券、自社グループ製品詰合せ	食料品|保育・介護・医療	31000.0		2.69	
2016-07-19	10	20	3361	トーエル	自社取扱商品	食料品	410000.0		2.56	
2016-07-28	12	1	9973	小僧寿し	優待割引券	食事券	40000.0		25.0	
2016-07-28	12	2	9449	ＧＭＯ	自社グループ割引サービス	金券|金融サービス	131000.0		21.22	
2016-07-28	12	3	9439	ＭＨグループ	株主優待券	美容・ファッション|長期保有特典	23000.0		14.13	
2016-07-28	12	4	2762	三光ＭＦ	食事優待券、ブランド米	食料品|食事券	90000.0		8.39	
2016-07-28	12	5	4840	トライアイズ	買物優待券、株主優待カード	暮らし	27000.0		7.94	
2016-07-28	12	6	4755	楽天	株主優待券	交通・旅行|ポイントサービス|教養・娯楽|スポーツ|金融サービス	116000.0		7.49	
2016-07-28	12	7	6078	バリューＨＲ	自社サービス無料券	暮らし|長期保有特典	190000.0		7.36	
2016-07-28	12	8	7177	ＧＭＯクリック	証券金融サービス	食料品|金融サービス	71000.0		7.34	
2016-07-28	12	9	2406	アルテＨＤ	株主優待券	美容・ファッション	64000.0		6.17	
2016-07-28	12	10	3082	きちり	優待食事券	食事券	60000.0		6.15	
2016-07-28	12	11	2193	ＣＯＯＫＰＡＤ	自社サイトサービス利用クーポン※2016年12月期優待内容は未定	ポイントサービス	141000.0		5.36	
2016-07-28	12	12	9966	藤久	買物優待券	暮らし	171000.0		5.36	
2016-07-28	12	13	5105	洋ゴム	クオカード	金券	103000.0		5.3	
2016-07-28	12	14	3319	ＧＤＯ	スポーツ施設優待券	スポーツ	86000.0		5.23	
2016-07-28	12	15	6789	ローランドＤＧ	世界特産品	食事券	210000.0		5.22	
2016-07-28	12	16	8304	あおぞら	ＪＴＢナイスギフト	金券	364000.0		5.11	
2016-07-28	12	17	9612	ラックランド	東北地方産品	食料品	157000.0		5.08	
2016-07-28	12	18	3302	帝繊維	クオカード、自社製品	金券|暮らし	139000.0		5.01	
2016-07-28	12	19	8609	岡三	証券金融サービス	金融サービス	504000.0		4.96	
2016-07-28	12	20	4221	大倉工	自社リゾートホテル宿泊割引券	交通・旅行	301000.0		4.76	
2016-07-30	2	1	4842	ＵＳＥＮ	自社サービス無料券	暮らし	3000.0		1077.39	
2016-07-30	2	2	8175	ベスト電	株主優待割引券	暮らし	10000.0		49.51	
2016-07-30	2	3	8257	山陽百貨	株主優待券、優待食事券	食事券	14000.0		31.57	
2016-07-30	2	4	4645	市進ＨＤ	自社グループ受講割引券	教養・娯楽	182000.0		8.21	
2016-07-30	2	5	3222	Ｕ．Ｓ．Ｍ．Ｈ	買物優待券、お米	食料品|暮らし	99000.0		7.46	
2016-07-30	2	6	4745	東京個別	自社グループ受講割引券	教養・娯楽	61000.0		7.11	
2016-07-30	2	7	3198	ＳＦＰダイニング	優待食事券	金券|美容・ファッション	142000.0		7.1	
2016-07-30	2	8	9876	コックス	株主優待カード	暮らし	28000.0		7.04	
2016-07-30	2	9	3387	クリレスＨＤ	優待食事券	食事券	106000.0		6.75	
2016-07-30	2	10	7512	イオン北海	株主優待券	暮らし	51000.0		6.74	
2016-07-30	2	11	7520	エコス	株主優待券、ブランド米	食料品|食事券	119000.0		6.69	
2016-07-30	2	12	7603	マックハウス	買物優待券	美容・ファッション	77000.0		6.49	
2016-07-30	2	13	3384	アークコア	クオカード	金券	31000.0		6.33	
2016-07-30	2	14	8201	さが美	買物優待割引券	暮らし	80000.0		6.25	
2016-07-30	2	15	9846	天満屋ス	株主優待券、ＶＪＡギフトカード	金券|暮らし	106000.0		6.09	
2016-07-30	2	16	2930	北の達人	自社商品詰合せ	美容・ファッション	44000.0		6.09	
2016-07-30	2	17	9381	エーアイテイー	株主優待商品	暮らし	86000.0		5.81	
2016-07-30	2	18	3086	Ｊフロント	買物優待カード、株主優待カード、買物優待券	暮らし|教養・娯楽|長期保有特典	119000.0		5.59	
2016-07-30	2	19	2686	ジーフット	株主優待券	美容・ファッション	70000.0		5.51	
2016-07-30	2	20	8287	ＭＶ西日本	株主優待券、地域特産品	食料品|暮らし	155000.0		5.48	
2016-07-30	3	1	8848	レオパレス２１	自社リゾートホテル宿泊割引券	交通・旅行|長期保有特典	74000.0		131.46	
2016-07-30	3	2	7593	ＶＴＨＤ	レンタカー利用割引券、カタログギフト	カタログギフト|交通・旅行	54000.0		76.41	
2016-07-30	3	3	8107	キムラタン	自社製品ライセンスキー、株主優待券	暮らし	7000.0		71.42	
2016-07-30	3	4	4765	モーニングスター	自社投資情報サービス	美容・ファッション|金融サービス	28000.0		53.49	
2016-07-30	3	5	2453	ＪＢＲ	自社オリジナルイベント招待券	暮らし|教養・娯楽	22000.0		23.76	
2016-07-30	3	6	2666	オートウェーブ	買物優待券	暮らし	10000.0		18.0	
2016-07-30	3	7	4712	アドアーズ	自社サロンチケ ット	美容・ファッション	238000.0		17.64	
2016-07-30	3	8	4777	ガーラ	自社アプリ仮想通貨	教養・娯楽	29000.0		17.24	
2016-07-30	3	9	3187	サンワカンパニー	買物優待割引券	暮らし	203000.0		15.76	
2016-07-30	3	10	9788	ナック	自社優待品	美容・ファッション	87000.0		14.34	
2016-07-30	3	11	8881	日神不	自社施設利用無料券	暮らし	35000.0		14.16	
2016-07-30	3	12	9760	進学会	自社グループ受講優待券	教養・娯楽	48000.0		12.44	
2016-07-30	3	13	7419	ノジマ	株主優待割引券	暮らし	179000.0		12.36	
2016-07-30	3	14	3598	山喜	買物優待券	美容・ファッション	21000.0		11.41	
2016-07-30	3	15	3205	ダイドー	自社取扱品	美容・ファッション	44000.0		11.31	
2016-07-30	3	16	6412	平和	自社施設優待券	スポーツ	211000.0		10.4	
2016-07-30	3	17	6628	オンキヨー	自社グループクーポン	教養・娯楽	9000.0		10.2	
2016-07-30	3	18	1518	三井松島	ホテル宿泊割引券	交通・旅行	99000.0		10.1	
2016-07-30	3	19	5261	リソル	自社商品券、株主優待カード	金券	303000.0		9.57	
2016-07-30	3	20	5343	ニッコー	自社取扱商品	暮らし|ポイントサービス	105000.0		9.52	
2016-07-31	5	1	3645	ＪＭＮＣ	株主優待券	保育・介護・医療			1182.74	
2016-07-31	5	2	9855	くろがや	買物優待券	暮らし	50000.0		6.29	
2016-07-31	5	3	3297	東武住販	地域特産品	食料品	126000.0		5.14	
2016-07-31	5	4	2792	ハニーズ	自社商品引換券	美容・ファッション	13000.0		5.07	
2016-07-31	5	5	8609	岡三	証券金融サービス	金融サービス	524000.0		4.77	
2016-07-31	5	6	1766	東建コーポ	新潟県ブランド米、ミネラルウォーター	食料品|交通・旅行|暮らし|スポーツ	86000.0		4.59	
2016-07-31	5	7	7921	宝印刷	株主優待カタログ	カタログギフト|長期保有特典	143000.0		4.52	
2016-07-31	5	8	9837	モリト	オリジナル・クオカード	金券	78000.0		4.39	
2016-07-31	5	9	4825	ＷＮＩウェザー	自社サービス無料入会	暮らし	318000.0		4.29	
2016-07-31	5	10	8617	光世証	証券金融サービス	金融サービス	118000.0		4.23	
2016-07-31	5	11	6044	三機サービス	クオカード	金券	60000.0		4.13	
2016-07-31	5	12	9765	オオバ	全国共通おこめ券	金券	41000.0		3.99	
2016-07-31	5	13	3022	山下医	オリジナル・クオカード	金券	164000.0		3.65	
2016-07-31	5	14	8703	ＫＡＢＵ．ＣＯＭ	証券金融サービス	金融サービス|長期保有特典	34000.0		3.47	
2016-07-31	5	15	3230	スター・マイカ	オリジナル・クオカード、生活関連商品	金券|美容・ファッション	179000.0		3.28	
2016-07-31	5	16	3139	ラクト・ジャパン	クオカード	金券	124000.0		3.2	
2016-07-31	5	17	1419	タマホーム	リフォームサービス優待券、オリジナル・クオカード	金券|暮らし|長期保有特典|社会貢献	47000.0		3.17	
2016-07-31	5	18	6985	ユーシン	クオカード	金券|長期保有特典	64000.0		3.08	
2016-07-31	5	19	8908	毎コムネット	自社サービス無料利用権	暮らし	100000.0		2.97	
2016-07-31	5	20	3201	ニッケ	株主優待割引券	暮らし			2.83	
2016-07-31	6	1	9973	小僧寿し	優待割引券	食事券	40000.0		25.0	
2016-07-31	6	2	9449	ＧＭＯ	自社グループ割引サービス	金券|金融サービス	134000.0		20.76	
2016-07-31	6	3	3140	イデアインター	自社グループ商品	保育・介護・医療	74000.0		12.01	
2016-07-31	6	4	7813	プラッツ	クオカード	金券|長期保有特典	194000.0		8.9	
2016-07-31	6	5	2762	三光ＭＦ	食事優待券、ブランド米	食料品|食事券	90000.0		8.39	
2016-07-31	6	6	7177	ＧＭＯクリック	証券金融サービス	食料品|金融サービス	70000.0		7.37	
2016-07-31	6	7	2180	サニーサイド	株主優待券	食事券	90000.0		6.1	
2016-07-31	6	8	9966	藤久	買物優待券	暮らし	171000.0		5.36	
2016-07-31	6	9	3319	ＧＤＯ	スポーツ施設優待券	スポーツ	86000.0		5.28	
2016-07-31	6	10	3660	アイスタイル	株主優待割引券	美容・ファッション	92000.0		5.23	
2016-07-31	6	11	6785	鈴木	地域名産品	食料品	50000.0		5.1	
2016-07-31	6	12	9612	ラックランド	東北地方産品	食料品	157000.0		5.06	
2016-07-31	6	13	8304	あおぞら	ＪＴＢナイスギフト	金券	379000.0		4.9	
2016-07-31	6	14	8609	岡三	証券金融サービス	金融サービス	524000.0		4.77	
2016-07-31	6	15	4221	大倉工	自社リゾートホテル宿泊割引券	交通・旅行	303000.0		4.73	
2016-07-31	6	16	1766	東建コーポ	新潟県ブランド米、ミネラルウォーター	食料品|交通・旅行|暮らし|スポーツ	86000.0		4.59	
2016-07-31	6	17	7962	キングジム	自社グループ商品	暮らし	85000.0		4.58	
2016-07-31	6	18	6171	土木管理総合試験所	自社企画品、クオカード	食料品|金券	68000.0		4.55	
2016-07-31	6	19	3178	チムニー	優待食事券、自社オリジナル商品	食料品|食事券	270000.0		4.54	
2016-07-31	6	20	3028	アルペン	株主優待券	スポーツ	177000.0		4.49	
2016-08-02	4	1	3318	メガネスーパ	株主優待割引券、クオカード	金券|美容・ファッション	6000.0		8.06	
2016-08-02	4	2	6630	ヤーマン	自社商品	美容・ファッション	185000.0		7.34	
2016-08-02	4	3	6097	日本ビューホテル	株主優待割引券	交通・旅行	125000.0		5.32	
2016-08-02	4	4	8609	岡三	証券金融サービス	金融サービス	496000.0		5.04	
2016-08-02	4	5	1766	東建コーポ	新潟県ブランド米、ミネラルウォーター	食料品|交通・旅行|暮らし|スポーツ	83000.0		4.74	
2016-08-02	4	6	3308	日本ヘルスケア	家賃優待割引券、介護優待割引券	保育・介護・医療	187000.0		4.58	
2016-08-02	4	7	3843	フリービット	携帯電話サービス	暮らし	81000.0		4.55	
2016-08-02	4	8	2159	ＦＳ	自社グループサービス	暮らし	72000.0		4.5	
2016-08-02	4	9	2198	アイ・ケイ・ケイ	優待食事券、株主優待商品	食料品|食事券	55000.0		4.48	
2016-08-02	4	10	2751	テンポス	優待食事券、買物優待券	食事券|暮らし	161000.0		4.39	
2016-08-02	4	11	8617	光世証	証券金融サービス	金融サービス	114000.0		4.38	
2016-08-02	4	12	9444	トーシン	自社商品券、自社施設利用無料券	金券|スポーツ	53000.0		3.77	
2016-08-02	4	13	8703	ＫＡＢＵ．ＣＯＭ	証券金融サービス	金融サービス|長期保有特典	33000.0		3.62	
2016-08-02	4	14	3329	東和フード	優待食事券	食事券	195000.0		3.32	
2016-08-02	4	15	7968	ＴＡＳＡＫＩ	株主優待割引券	美容・ファッション	122000.0		3.27	
2016-08-02	4	16	3287	星野	優待宿泊券	交通・旅行	1262000.0		3.26	
2016-08-02	4	17	4989	イハラケミカル	地域特産品、お米券	食料品|金券|長期保有特典	101000.0		3.15	
2016-08-02	4	18	8917	ファースト住建	自社商品、自社選定商品	食料品|金券|長期保有特典	121000.0		3.05	
2016-08-02	4	19	9603	Ｈ．Ｉ．Ｓ．	株主優待券、自社施設優待券	交通・旅行|教養・娯楽	275000.0		2.97	
2016-08-02	4	20	3361	トーエル	自社取扱商品	食料品	404000.0		2.59	
2016-08-20	7	1	1766	東建コーポ	新潟県ブランド米、ミネラルウォーター	食料品|交通・旅行|暮らし|スポーツ	77000.0		5.12	
2016-08-20	7	2	3455	ＨＣＭ	介護無料相談	保育・介護・医療	107000.0		5.07	
2016-08-20	7	3	9829	ながの東	買物優待券	暮らし	200000.0		5.0	
2016-08-20	7	4	8609	岡三	証券金融サービス	金融サービス	511000.0		4.89	
2016-08-20	7	5	8142	トーホー	買物割引券、自社製品	食料品|食事券	223000.0		4.47	
2016-08-20	7	6	8617	光世証	証券金融サービス	金融サービス	115000.0		4.34	
2016-08-20	7	7	7590	タカショー	株主優待カタログ、オリジナルカレンダー	カタログギフト|教養・娯楽|カレンダー	41000.0		4.05	
2016-08-20	7	8	3172	ティーライフ	株主優待券	暮らし	93000.0		3.95	
2016-08-20	7	9	7850	総合商研	北海道特産品	食料品|暮らし	615000.0		3.74	
2016-08-20	7	10	8703	ＫＡＢＵ．ＣＯＭ	証券金融サービス	金融サービス|長期保有特典	33000.0		3.6	
2016-08-20	7	11	6654	不二電機工業	クオカード	金券|長期保有特典	127000.0		3.29	
2016-08-20	7	12	3399	山岡家	株主優待券	食料品|食事券	124000.0		3.15	
2016-08-20	7	13	3159	丸善ＣＨＩ	自社商品券	暮らし	33000.0		2.95	
2016-08-20	7	14	9632	スバル興	映画招待券	教養・娯楽	383000.0		2.87	
2016-08-20	7	15	2353	日駐	自社施設利用無料券	交通・旅行|暮らし	123000.0		2.67	
2016-08-20	7	16	3421	稲葉製作	オリジナル図書カード、地域特産品	食料品|金券	124000.0		2.57	
2016-08-20	7	17	2590	ＤｙＤｏ	自社グループ製品詰合せ	食料品	498000.0		2.41	
2016-08-20	7	18	8360	山梨中銀	株主優待ポイント	金融サービス	421000.0		2.37	
2016-08-20	7	19	8562	福島銀	銀行金融サービス	金融サービス	90000.0		2.22	
2016-08-20	7	20	7614	オーエムツー	優待食事券	食料品|食事券	110000.0		2.16	
2016-08-20	8	1	4842	ＵＳＥＮ	自社サービス無料券	暮らし	3000.0		1140.98	
2016-08-20	8	2	6025	日本ＰＣサービス	自社サービス利用券	暮らし	214000.0		9.34	
2016-08-20	8	3	2404	鉄人化計画	株主優待カード、優待食事券	食事券|暮らし	40000.0		8.95	
2016-08-20	8	4	3222	Ｕ．Ｓ．Ｍ．Ｈ	買物優待券、お米	食料品|暮らし	95000.0		7.74	
2016-08-20	8	5	4745	東京個別	自社グループ受講割引券	教養・娯楽	57000.0		7.61	
2016-08-20	8	6	3198	ＳＦＰダイニング	優待食事券	金券|美容・ファッション	140000.0		7.22	
2016-08-20	8	7	3387	クリレスＨＤ	優待食事券	食事券	100000.0		7.14	
2016-08-20	8	8	7520	エコス	株主優待券、ブランド米	食料品|食事券	121000.0		6.6	
2016-08-20	8	9	9846	天満屋ス	株主優待券、ＶＪＡギフトカード	金券|暮らし	106000.0		6.08	
2016-08-20	8	10	8127	ヤマトインター	自社製品	教養・娯楽	38000.0		5.85	
2016-08-20	8	11	2157	コシダカＨＤ	自社グループ優待券、カタログギフト	カタログギフト|暮らし	188000.0		5.83	
2016-08-20	8	12	3063	ｊＧｒｏｕｐ	優待食事券	食事券	79000.0		5.38	
2016-08-20	8	13	3168	黒谷	クオカード	金券	46000.0		5.36	
2016-08-20	8	14	3344	ワンダーＣｏ．	株主優待ポイント	カタログギフト|ポイントサービス|長期保有特典|社会貢献	84000.0		5.3	
2016-08-20	8	15	1766	東建コーポ	新潟県ブランド米、ミネラルウォーター	食料品|交通・旅行|暮らし|スポーツ	77000.0		5.12	
2016-08-20	8	16	2178	トライＳＴＧ	オリジナル・クオカード	金券	189000.0		5.0	
2016-08-20	8	17	8609	岡三	証券金融サービス	金融サービス	511000.0		4.89	
2016-08-20	8	18	3048	ビックカメラ	買物優待券	暮らし|長期保有特典	82000.0		4.86	
2016-08-20	8	19	5018	ＭＯＲＥＳＣＯ	クオカード	金券	127000.0		4.71	
2016-08-20	8	20	4668	明光ネット	オリジナル・クオカード	金券|長期保有特典	95000.0		4.6	
2016-08-20	9	1	8848	レオパレス２１	自社リゾートホテル宿泊割引券	交通・旅行|長期保有特典	67000.0		144.1	
2016-08-20	9	2	3747	インタートレード	株主優待割引券	美容・ファッション|長期保有特典	21000.0		55.3	
2016-08-20	9	3	3772	ウェルス	自社投資情報サービス	金融サービス	76000.0		35.81	
2016-08-20	9	4	3726	フォーシーズＨＤ	株主優待券	美容・ファッション	34000.0		29.24	
2016-08-20	9	5	2453	ＪＢＲ	自社オリジナルイベント招待券	暮らし|教養・娯楽	22000.0		23.76	
2016-08-20	9	6	2666	オートウェーブ	買物優待券	暮らし	10000.0		18.0	
2016-08-20	9	7	7419	ノジマ	株主優待割引券	暮らし	125000.0		17.72	
2016-08-20	9	8	3598	山喜	買物優待券	美容・ファッション	22000.0		11.26	
2016-08-20	9	9	6412	平和	自社施設優待券	スポーツ	212000.0		10.33	
2016-08-20	9	10	6628	オンキヨー	自社グループクーポン	教養・娯楽	9000.0		10.3	
2016-08-20	9	11	3347	トラスト	Ｊネットレンタカー利用割引券 、三菱ＵＦＪニコスギフトカード	金券|交通・旅行	32000.0		10.03	
2016-08-20	9	12	1518	三井松島	ホテル宿泊割引券	交通・旅行	104000.0		9.61	
2016-08-20	9	13	5343	ニッコー	自社取扱商品	暮らし|ポイントサービス	104000.0		9.61	
2016-08-20	9	14	5261	リソル	自社商品券、株主優待カード	金券	309000.0		9.38	
2016-08-20	9	15	4650	ＳＤエンター	自社レジャー施設優待券	美容・ファッション|教養・娯楽|スポーツ	65000.0		9.17	
2016-08-20	9	16	9832	オートバックス	株主優待カード	暮らし	141000.0		8.62	
2016-08-20	9	17	4680	ラウンドワン	自社施設割引券	スポーツ	70000.0		8.52	
2016-08-20	9	18	9831	ヤマダ電機	自社優待割引券	暮らし|長期保有特典	49000.0		8.46	
2016-08-20	9	19	7524	マルシェ	優待食事券	食事券	82000.0		8.44	
2016-08-20	9	20	9035	第一交通	株主優待タクシー利用券	食料品|交通・旅行	114000.0		7.53	
2016-08-20	10	1	3318	メガネスーパ	株主優待割引券、クオカード	美容・ファッション	6000.0		666.66	
2016-08-20	10	2	1873	日本ハウスＨＤ	自社製品	食料品	356000.0		6.51	
2016-08-20	10	3	6097	日本ビューホテル	株主優待割引券	交通・旅行	122000.0		5.46	
2016-08-20	10	4	1766	東建コーポ	新潟県ブランド米、ミネラルウォーター	食料品|交通・旅行|暮らし|スポーツ	77000.0		5.12	
2016-08-20	10	5	8609	岡三	証券金融サービス	金融サービス	511000.0		4.89	
2016-08-20	10	6	3308	日本ヘルスケア	家賃優待割引券、介護優待割引券	保育・介護・医療	185000.0		4.63	
2016-08-20	10	7	8617	光世証	証券金融サービス	金融サービス	115000.0		4.34	
2016-08-20	10	8	7640	トップカルチャ	TSUTAYA ギフト券	教養・娯楽|長期保有特典	228000.0		3.72	
2016-08-20	10	9	9444	トーシン	自社商品券、自社施設利用無料券	金券|スポーツ	53000.0		3.71	
2016-08-20	10	10	8703	ＫＡＢＵ．ＣＯＭ	証券金融サービス	金融サービス|長期保有特典	33000.0		3.6	
2016-08-20	10	11	3038	神戸物産	自社グループ商品	食料品	204000.0		3.42	
2016-08-20	10	12	3287	星野	優待宿泊券	交通・旅行	1233000.0		3.33	
2016-08-20	10	13	9603	Ｈ．Ｉ．Ｓ．	株主優待券、自社施設優待券	交通・旅行|教養・娯楽	255000.0		3.2	
2016-08-20	10	14	7968	ＴＡＳＡＫＩ	株主優待割引券	美容・ファッション	126000.0		3.15	
2016-08-20	10	15	8917	ファースト住建	自社商品、自社選定商品	食料品|金券|長期保有特典	118000.0		3.12	
2016-08-20	10	16	6309	巴工業	自社関連商品	食料品	145000.0		3.09	
2016-08-20	10	17	9824	泉州電業	オリジナル・クオカード	金券	156000.0		2.94	
2016-08-20	10	18	4355	ロングライフＨＤ	介護優待券、自社グループ製品詰合せ	食料品|保育・介護・医療	32000.0		2.59	
2016-08-20	10	19	2910	ロックフィルド	買物優待券、自社工場見学会	食事券|教養・娯楽	137000.0		2.54	
2016-08-20	10	20	2301	学情	オリジナル・クオカード	金券	114000.0		2.54	
2016-08-29	12	1	3807	フィスコ	自社アプリ無料クーポン	金融サービス	27000.0		47.85	
2016-08-29	12	2	9973	小僧寿し	優待割引券	食事券	41000.0		24.39	
2016-08-29	12	3	9449	ＧＭＯ	自社グループ割引サービス	金券|金融サービス	142000.0		19.52	
2016-08-29	12	4	9439	ＭＨグループ	株主優待券	美容・ファッション|長期保有特典	23000.0		14.1	
2016-08-29	12	5	7177	ＧＭＯクリック	証券金融サービス	金融サービス	69000.0		11.78	
2016-08-29	12	6	2762	三光ＭＦ	食事優待券、精米	食料品|食事券	91000.0		8.31	
2016-08-29	12	7	4840	トライアイズ	買物優待券、株主優待カード	暮らし	27000.0		8.03	
2016-08-29	12	8	2193	ＣＯＯＫＰＡＤ	自社サイトサービス利用クーポン※2016年12月期優待内容は未定	ポイントサービス	97000.0		7.83	
2016-08-29	12	9	3319	ＧＤＯ	スポーツ施設優待券	スポーツ	60000.0		7.49	
2016-08-29	12	10	6078	バリューＨＲ	自社サービス無料券	暮らし|長期保有特典	191000.0		7.29	
2016-08-29	12	11	4755	楽天	株主優待券	交通・旅行|ポイントサービス|教養・娯楽|スポーツ|金融サービス	127000.0		6.87	
2016-08-29	12	12	4221	大倉工	自社リゾートホテル宿泊割引券	交通・旅行	336000.0		6.31	
2016-08-29	12	13	3082	きちり	優待食事券	食事券	62000.0		6.01	
2016-08-29	12	14	2406	アルテＨＤ	株主優待券	美容・ファッション	68000.0		5.87	
2016-08-29	12	15	6789	ローランドＤＧ	世界特産品	食事券	215000.0		5.6	
2016-08-29	12	16	3302	帝繊維	クオカード、自社製品	金券|暮らし	131000.0		5.32	
2016-08-29	12	17	8304	あおぞら	ＪＴＢナイスギフト	金券	357000.0		5.21	
2016-08-29	12	18	1766	東建コーポ	新潟県ブランド米、ミネラルウォーター	食料品|交通・旅行|暮らし|スポーツ	76000.0		5.18	
2016-08-29	12	19	8609	岡三	証券金融サービス	金融サービス	489000.0		5.11	
2016-08-29	12	20	9386	日本コンセプト	オリジナル・クオカード、商品カタログ	金券|カタログギフト|長期保有特典	78000.0		5.09	
2016-08-30	2	1	4842	ＵＳＥＮ	自社サービス無料券	暮らし	3000.0		1129.87	
2016-08-30	2	2	8175	ベスト電	株主優待割引券	暮らし	10000.0		47.66	
2016-08-30	2	3	8257	山陽百貨	株主優待券、優待食事券	食事券	13000.0		32.16	
2016-08-30	2	4	4645	市進ＨＤ	自社グループ受講割引券	教養・娯楽	155000.0		9.64	
2016-08-30	2	5	4745	東京個別	自社グループ受講割引券	教養・娯楽	55000.0		7.98	
2016-08-30	2	6	3222	Ｕ．Ｓ．Ｍ．Ｈ	買物優待券、お米	食料品|暮らし	94000.0		7.83	
2016-08-30	2	7	3387	クリレスＨＤ	優待食事券	食事券	96000.0		7.41	
2016-08-30	2	8	3198	ＳＦＰダイニング	優待食事券	金券|美容・ファッション	137000.0		7.37	
2016-08-30	2	9	9876	コックス	株主優待カード	暮らし	28000.0		7.14	
2016-08-30	2	10	3057	ゼットン	優待食事券、公共施設入場券	食事券|教養・娯楽	77000.0		7.01	
2016-08-30	2	11	7520	エコス	株主優待券、ブランド米	食料品|食事券	114000.0		6.97	
2016-08-30	2	12	7603	マックハウス	買物優待券	美容・ファッション	74000.0		6.74	
2016-08-30	2	13	7512	イオン北海	株主優待券	暮らし	52000.0		6.61	
2016-08-30	2	14	2930	北の達人	自社商品詰合せ	美容・ファッション	42000.0		6.4	
2016-08-30	2	15	8201	さが美	買物優待割引券	暮らし	79000.0		6.32	
2016-08-30	2	16	9846	天満屋ス	株主優待券、ＶＪＡギフトカード	金券|暮らし	103000.0		6.29	
2016-08-30	2	17	3384	アークコア	クオカード	金券	31000.0		6.29	
2016-08-30	2	18	9381	エーアイテイー	株主優待商品	暮らし	82000.0		6.05	
2016-08-30	2	19	2662	ダイユーエイト	自社商品券、ＪＣＢギフトカード	金券|暮らし	62000.0		5.78	
2016-08-30	2	20	3086	Ｊフロント	買物優待カード、株主優待カード、買物優待券	暮らし|教養・娯楽|長期保有特典	116000.0		5.73	
2016-08-30	3	1	8848	レオパレス２１	自社リゾートホテル宿泊割引券	交通・旅行|長期保有特典	68000.0		142.83	
2016-08-30	3	2	7593	ＶＴＨＤ	レンタカー利用割引券、カタログギフト	カタログギフト|交通・旅行	44000.0		93.93	
2016-08-30	3	3	8107	キムラタン	自社製品ライセンスキー、株主優待券	暮らし	7000.0		71.42	
2016-08-30	3	4	4765	モーニングスター	自社投資情報サービス	美容・ファッション|金融サービス	28000.0		54.82	
2016-08-30	3	5	3772	ウェルス	自社投資情報サービス	金融サービス	82000.0		33.13	
2016-08-30	3	6	3187	サンワカンパニー	買物優待割引券	暮らし	169000.0		18.87	
2016-08-30	3	7	7419	ノジマ	株主優待割引券	暮らし	120000.0		18.43	
2016-08-30	3	8	2666	オートウェーブ	買物優待券	暮らし	9000.0		18.18	
2016-08-30	3	9	4777	ガーラ	自社アプリ仮想通貨	教養・娯楽	31000.0		15.77	
2016-08-30	3	10	9788	ナック	自社優待品	美容・ファッション	84000.0		14.72	
2016-08-30	3	11	3205	ダイドー	自社取扱品	美容・ファッション	42000.0		14.25	
2016-08-30	3	12	8881	日神不	自社施設利用無料券	暮らし	35000.0		14.24	
2016-08-30	3	13	4712	アドアーズ	自社サロンチケ ット	美容・ファッション	310000.0		13.54	
2016-08-30	3	14	9760	進学会	自社グループ受講優待券	教養・娯楽	49000.0		12.09	
2016-08-30	3	15	3598	山喜	買物優待券	美容・ファッション	22000.0		11.16	
2016-08-30	3	16	6628	オンキヨー	自社グループクーポン	教養・娯楽	9000.0		10.3	
2016-08-30	3	17	6412	平和	自社施設優待券	スポーツ	217000.0		10.1	
2016-08-30	3	18	3347	トラスト	Ｊネットレンタカー利用割引券 、三菱ＵＦＪニコスギフトカード	金券|交通・旅行	32000.0		10.06	
2016-08-30	3	19	5343	ニッコー	自社取扱商品	暮らし|ポイントサービス	106000.0		9.43	
2016-08-30	3	20	9475	昭文社	自社出版物	教養・娯楽	54000.0		9.26	
2016-08-31	5	1	9855	くろがや	買物優待券	暮らし	46000.0		6.83	
2016-08-31	5	2	2792	ハニーズ	自社商品引換券	美容・ファッション	12000.0		5.6	
2016-08-31	5	3	1766	東建コーポ	新潟県ブランド米、ミネラルウォーター	食料品|交通・旅行|暮らし|スポーツ	76000.0		5.17	
2016-08-31	5	4	3297	東武住販	地域特産品	食料品	130000.0		4.96	
2016-08-31	5	5	7921	宝印刷	株主優待カタログ	カタログギフト|長期保有特典	134000.0		4.81	
2016-08-31	5	6	8609	岡三	証券金融サービス	金融サービス	526000.0		4.75	
2016-08-31	5	7	4825	ＷＮＩウェザー	自社サービス無料入会	暮らし	299000.0		4.55	
2016-08-31	5	8	9837	モリト	オリジナル・クオカード	金券	79000.0		4.34	
2016-08-31	5	9	8617	光世証	証券金融サービス	金融サービス	119000.0		4.2	
2016-08-31	5	10	9765	オオバ	全国共通おこめ券	金券	39000.0		4.14	
2016-08-31	5	11	6044	三機サービス	クオカード	金券	62000.0		3.99	
2016-08-31	5	12	3230	スター・マイカ	オリジナル・クオカード、生活関連商品	金券|美容・ファッション	161000.0		3.66	
2016-08-31	5	13	3022	山下医	オリジナル・クオカード	金券	168000.0		3.55	
2016-08-31	5	14	8703	ＫＡＢＵ．ＣＯＭ	証券金融サービス	金融サービス|長期保有特典	33000.0		3.55	
2016-08-31	5	15	3139	ラクト・ジャパン	オリジナル・クオカード	金券	119000.0		3.35	
2016-08-31	5	16	8908	毎コムネット	自社サービス無料利用権	暮らし	99000.0		3.02	
2016-08-31	5	17	1419	タマホーム	リフォームサービス優待券、オリジナル・クオカード	金券|暮らし|長期保有特典|社会貢献	50000.0		3.0	
2016-08-31	5	18	3201	ニッケ	株主優待割引券	暮らし			2.92	
2016-08-31	5	19	6985	ユーシン	クオカード	金券|長期保有特典	68000.0		2.91	
2016-08-31	5	20	3160	大光	クオカード、自社商品券	金券|暮らし	76000.0		2.73	
2016-08-31	6	1	3807	フィスコ	自社アプリ無料クーポン	金融サービス	28000.0		46.83	
2016-08-31	6	2	9973	小僧寿し	優待割引券	食事券	41000.0		24.09	
2016-08-31	6	3	9449	ＧＭＯ	自社グループ割引サービス	金券|金融サービス	145000.0		19.1	
2016-08-31	6	4	7177	ＧＭＯクリック	証券金融サービス	金融サービス	69000.0		11.77	
2016-08-31	6	5	2180	サニーサイド	株主優待券	食事券	79000.0		9.43	
2016-08-31	6	6	2762	三光ＭＦ	食事優待券、精米	食料品|食事券	91000.0		8.27	
2016-08-31	6	7	3140	イデアインター	自社グループ商品	カタログギフト	73000.0		8.16	
2016-08-31	6	8	3319	ＧＤＯ	スポーツ施設優待券	スポーツ	61000.0		7.35	
2016-08-31	6	9	3660	アイスタイル	株主優待割引券	美容・ファッション	69000.0		7.01	
2016-08-31	6	10	4221	大倉工	自社リゾートホテル宿泊割引券	交通・旅行	338000.0		6.27	
2016-08-31	6	11	1766	東建コーポ	新潟県ブランド米、ミネラルウォーター	食料品|交通・旅行|暮らし|スポーツ	74000.0		5.33	
2016-08-31	6	12	6785	鈴木	地域名産品	食料品	49000.0		5.26	
2016-08-31	6	13	8304	あおぞら	ＪＴＢナイスギフト	金券	361000.0		5.15	
2016-08-31	6	14	8011	三陽商	株主優待セール	美容・ファッション	159000.0		5.03	
2016-08-31	6	15	9386	日本コンセプト	オリジナル・クオカード、商品カタログ	金券|カタログギフト|長期保有特典	79000.0		5.0	
2016-08-31	6	16	8609	岡三	証券金融サービス	金融サービス	511000.0		4.89	
2016-08-31	6	17	6171	土木管理総合試験所	自社企画品、クオカード	食料品|金券	63000.0		4.85	
2016-08-31	6	18	3178	チムニー	優待食事券、自社オリジナル商品	食料品|食事券	259000.0		4.74	
2016-08-31	6	19	9612	ラックランド	東北地方産品	食料品	169000.0		4.71	
2016-08-31	6	20	7962	キングジム	自社グループ商品	暮らし	83000.0		4.64	
2016-09-03	4	1	3318	メガネスーパ	株主優待割引券、クオカード	美容・ファッション	6000.0		655.73	
2016-09-03	4	2	6630	ヤーマン	自社商品	美容・ファッション	240000.0		5.66	
2016-09-03	4	3	6097	日本ビューホテル	株主優待割引券	交通・旅行	125000.0		5.35	
2016-09-03	4	4	1766	東建コーポ	新潟県ブランド米、ミネラルウォーター	食料品|交通・旅行|暮らし|スポーツ	77000.0		5.07	
2016-09-03	4	5	3308	日本ヘルスケア	家賃優待割引券、介護優待割引券	保育・介護・医療	172000.0		4.98	
2016-09-03	4	6	8609	岡三	証券金融サービス	金融サービス	528000.0		4.73	
2016-09-03	4	7	2751	テンポス	優待食事券、買物優待券	食事券|暮らし	156000.0		4.55	
2016-09-03	4	8	2159	ＦＳ	自社グループサービス	暮らし	73000.0		4.42	
2016-09-03	4	9	3843	フリービット	携帯電話サービス	暮らし	84000.0		4.36	
2016-09-03	4	10	2198	アイ・ケイ・ケイ	優待食事券、株主優待商品	食料品|食事券	57000.0		4.34	
2016-09-03	4	11	8617	光世証	証券金融サービス	金融サービス	123000.0		4.06	
2016-09-03	4	12	9444	トーシン	自社商品券、自社施設利用無料券	金券|スポーツ	54000.0		3.67	
2016-09-03	4	13	4989	イハラケミカル	地域特産品、おこめ券	食料品|金券|長期保有特典	87000.0		3.65	
2016-09-03	4	14	8703	ＫＡＢＵ．ＣＯＭ	証券金融サービス	金融サービス|長期保有特典	33000.0		3.54	
2016-09-03	4	15	3180	Ｂガレジ	自社オリジナル商品	食料品	107000.0		3.3	
2016-09-03	4	16	3287	星野	優待宿泊券	交通・旅行	1260000.0		3.26	
2016-09-03	4	17	7968	ＴＡＳＡＫＩ	株主優待割引券	美容・ファッション	125000.0		3.18	
2016-09-03	4	18	9603	Ｈ．Ｉ．Ｓ．	株主優待券、自社施設優待券	交通・旅行|教養・娯楽	261000.0		3.14	
2016-09-03	4	19	8917	ファースト住建	自社商品、自社選定商品	食料品|金券|長期保有特典	126000.0		2.91	
2016-09-03	4	20	2910	ロックフィルド	買物優待券、自社工場見学会	食事券|教養・娯楽	138000.0		2.53	
2016-09-20	7	1	1766	東建コーポ	新潟県ブランド米、ミネラルウォーター	食料品|交通・旅行|暮らし|スポーツ	74000.0		5.29	
2016-09-20	7	2	8609	岡三	証券金融サービス	金融サービス	512000.0		4.88	
2016-09-20	7	3	9829	ながの東	買物優待券	暮らし	207000.0		4.83	
2016-09-20	7	4	8142	トーホー	買物割引券、自社製品	食料品|食事券	229000.0		4.36	
2016-09-20	7	5	3455	ＨＣＭ	介護無料相談	保育・介護・医療	107000.0		4.34	
2016-09-20	7	6	8617	光世証	証券金融サービス	金融サービス	115000.0		4.34	
2016-09-20	7	7	7590	タカショー	株主優待カタログ、オリジナルカレンダー	カタログギフト|教養・娯楽|カレンダー	41000.0		4.1	
2016-09-20	7	8	3172	ティーライフ	株主優待券	暮らし	101000.0		3.74	
2016-09-20	7	9	8703	ＫＡＢＵ．ＣＯＭ	証券金融サービス	金融サービス|長期保有特典	33000.0		3.61	
2016-09-20	7	10	7850	総合商研	北海道特産品	食料品|暮らし	687000.0		3.34	
2016-09-20	7	11	3399	山岡家	株主優待券	食料品|食事券	120000.0		3.26	
2016-09-20	7	12	6654	不二電機工業	クオカード	金券|長期保有特典	134000.0		3.13	
2016-09-20	7	13	9632	スバル興	映画招待券	教養・娯楽	397000.0		2.77	
2016-09-20	7	14	3421	稲葉製作	オリジナル図書カード、地域特産品	食料品|金券	122000.0		2.76	
2016-09-20	7	15	3159	丸善ＣＨＩ	自社商品券	暮らし	36000.0		2.71	
2016-09-20	7	16	3539	ジャパンミート	精肉関連商品	食料品	118000.0		2.53	
2016-09-20	7	17	2353	日駐	自社施設利用無料券	交通・旅行|暮らし	139000.0		2.51	
2016-09-20	7	18	7614	オーエムツー	優待食事券	食料品|食事券	109000.0		2.19	
2016-09-20	7	19	8562	福島銀	銀行金融サービス	金融サービス	91000.0		2.19	
2016-09-20	7	20	2590	ＤｙＤｏ	自社グループ製品詰合せ	食料品	546000.0		2.19	
2016-09-20	8	1	4842	ＵＳＥＮ	自社サービス無料券	暮らし	3000.0		1133.55	
2016-09-20	8	2	6025	日本ＰＣサービス	自社サービス利用券	暮らし	188000.0		10.63	
2016-09-20	8	3	2404	鉄人化計画	株主優待カード、優待食事券	食事券|暮らし	40000.0		9.0	
2016-09-20	8	4	4745	東京個別	自社グループ受講割引券	教養・娯楽	55000.0		7.88	
2016-09-20	8	5	3222	Ｕ．Ｓ．Ｍ．Ｈ	買物優待券、お米	食料品|暮らし	98000.0		7.53	
2016-09-20	8	6	7520	エコス	株主優待券、ブランド米	食料品|食事券	107000.0		7.4	
2016-09-20	8	7	3198	ＳＦＰダイニング	優待食事券	金券|美容・ファッション	138000.0		7.33	
2016-09-20	8	8	3387	クリレスＨＤ	優待食事券	食事券	102000.0		7.02	
2016-09-20	8	9	2157	コシダカＨＤ	自社グループ優待券、カタログギフト	カタログギフト|暮らし	169000.0		6.47	
2016-09-20	8	10	9846	天満屋ス	株主優待券、ＶＪＡギフトカード	金券|暮らし	103000.0		6.26	
2016-09-20	8	11	8127	ヤマトインター	自社製品	教養・娯楽	38000.0		5.83	
2016-09-20	8	12	3168	黒谷	クオカード	金券	44000.0		5.65	
2016-09-20	8	13	3063	ｊＧｒｏｕｐ	優待食事券	食事券	76000.0		5.62	
2016-09-20	8	14	3344	ワンダーＣｏ．	株主優待ポイント	カタログギフト|ポイントサービス|長期保有特典|社会貢献	80000.0		5.59	
2016-09-20	8	15	1766	東建コーポ	新潟県ブランド米、ミネラルウォーター	食料品|交通・旅行|暮らし|スポーツ	74000.0		5.29	
2016-09-20	8	16	2178	トライＳＴＧ	オリジナル・クオカード	金券	189000.0		5.02	
2016-09-20	8	17	5018	ＭＯＲＥＳＣＯ	クオカード	金券	121000.0		4.95	
2016-09-20	8	18	7514	ヒマラヤ	株主優待割引券	教養・娯楽	81000.0		4.93	
2016-09-20	8	19	8609	岡三	証券金融サービス	金融サービス	512000.0		4.88	
2016-09-20	8	20	3048	ビックカメラ	買物優待券	暮らし|長期保有特典	84000.0		4.75	
2016-09-20	9	1	8848	レオパレス２１	自社リゾートホテル宿泊割引券	交通・旅行|長期保有特典	67000.0		145.18	
2016-09-20	9	2	3747	インタートレード	株主優待割引券	美容・ファッション|長期保有特典	19000.0		61.22	
2016-09-20	9	3	3772	ウェルス	自社投資情報サービス	金融サービス	79000.0		34.33	
2016-09-20	9	4	2453	ＪＢＲ	自社オリジナルイベント招待券	暮らし|教養・娯楽	19000.0		27.04	
2016-09-20	9	5	3726	フォーシーズＨＤ	株主優待券	美容・ファッション	39000.0		25.51	
2016-09-20	9	6	6181	パートナーＡ	自社サービス利用券	金券|暮らし	121000.0		24.79	
2016-09-20	9	7	2666	オートウェーブ	買物優待券	暮らし	10000.0		17.82	
2016-09-20	9	8	7419	ノジマ	株主優待割引券	暮らし	128000.0		17.23	
2016-09-20	9	9	3598	山喜	買物優待券	美容・ファッション	22000.0		11.26	
2016-09-20	9	10	7185	ヒロセ通商	自社キャンペーン商品	食料品	105000.0		10.98	
2016-09-20	9	11	3347	トラスト	Ｊネットレンタカー利用割引券 、三菱ＵＦＪニコスギフトカード	金券|交通・旅行	31000.0		10.54	
2016-09-20	9	12	6628	オンキヨー	自社グループクーポン	教養・娯楽	10000.0		10.0	
2016-09-20	9	13	6412	平和	自社施設優待券	スポーツ	228000.0		9.61	
2016-09-20	9	14	5343	ニッコー	自社取扱商品	暮らし|ポイントサービス	109000.0		9.17	
2016-09-20	9	15	4650	ＳＤエンター	自社レジャー施設優待券	美容・ファッション|教養・娯楽|スポーツ	66000.0		9.05	
2016-09-20	9	16	5261	リソル	自社商品券、株主優待カード	金券	322000.0		9.0	
2016-09-20	9	17	7524	マルシェ	優待食事券	食料品|食事券|社会貢献	83000.0		8.4	
2016-09-20	9	18	4680	ラウンドワン	自社施設割引券	スポーツ	71000.0		8.4	
2016-09-20	9	19	1518	三井松島	ホテル宿泊割引券	交通・旅行	120000.0		8.33	
2016-09-20	9	20	9831	ヤマダ電機	自社優待割引券	暮らし|長期保有特典	50000.0		8.26	
2016-09-20	10	1	3318	メガネスーパ	株主優待割引券、クオカード	美容・ファッション	5000.0		727.27	
2016-09-20	10	2	1873	日本ハウスＨＤ	自社製品	食料品	382000.0		6.07	
2016-09-20	10	3	6097	日本ビューホテル	株主優待割引券	交通・旅行	125000.0		5.33	
2016-09-20	10	4	1766	東建コーポ	新潟県ブランド米、ミネラルウォーター	食料品|交通・旅行|暮らし|スポーツ	74000.0		5.29	
2016-09-20	10	5	8609	岡三	証券金融サービス	金融サービス	512000.0		4.88	
2016-09-20	10	6	3308	日本ヘルスケア	家賃優待割引券、介護優待割引券	保育・介護・医療	184000.0		4.65	
2016-09-20	10	7	8617	光世証	証券金融サービス	金融サービス	115000.0		4.34	
2016-09-20	10	8	9444	トーシン	自社商品券、自社施設利用無料券	スポーツ	54000.0		3.64	
2016-09-20	10	9	8703	ＫＡＢＵ．ＣＯＭ	証券金融サービス	金融サービス|長期保有特典	33000.0		3.61	
2016-09-20	10	10	7640	トップカルチャ	TSUTAYA ギフト券	教養・娯楽|長期保有特典	235000.0		3.61	
2016-09-20	10	11	3287	星野	優待宿泊券	交通・旅行	1263000.0		3.25	
2016-09-20	10	12	9603	Ｈ．Ｉ．Ｓ．	株主優待券、自社施設優待券	交通・旅行|教養・娯楽	260000.0		3.14	
2016-09-20	10	13	3038	神戸物産	自社グループ商品	食料品	222000.0		3.14	
2016-09-20	10	14	9824	泉州電業	オリジナル・クオカード	金券	150000.0		3.05	
2016-09-20	10	15	7968	ＴＡＳＡＫＩ	株主優待割引券	美容・ファッション	135000.0		2.96	
2016-09-20	10	16	6309	巴工業	自社関連商品	食料品	152000.0		2.95	
2016-09-20	10	17	8917	ファースト住建	自社商品、自社選定商品	食料品|金券|長期保有特典	126000.0		2.93	
2016-09-20	10	18	2301	学情	オリジナル・クオカード	金券	103000.0		2.79	
2016-09-20	10	19	7856	萩原工業	オリジナルカタログ	金券|カタログギフト|長期保有特典	216000.0		2.77	
2016-09-20	10	20	4355	ロングライフＨＤ	介護優待券、自社グループ製品詰合せ	食料品|保育・介護・医療	34000.0		2.49	
2016-09-29	2	1	4842	ＵＳＥＮ	自社サービス無料券	暮らし	3000.0		1122.58	
2016-09-29	2	2	8175	ベスト電	株主優待割引券	暮らし	10000.0		47.22	
2016-09-29	2	3	8257	山陽百貨	株主優待券、優待食事券	食事券	13000.0		32.18	
2016-09-29	2	4	4645	市進ＨＤ	自社グループ受講割引券	教養・娯楽	169000.0		8.87	
2016-09-29	2	5	4745	東京個別	自社グループ受講割引券	教養・娯楽	56000.0		7.74	
2016-09-29	2	6	3222	Ｕ．Ｓ．Ｍ．Ｈ	買物優待券、お米	食料品|暮らし	100000.0		7.35	
2016-09-29	2	7	3198	ＳＦＰダイニング	優待食事券	金券|美容・ファッション	140000.0		7.25	
2016-09-29	2	8	3057	ゼットン	優待食事券、公共施設入場券	食事券|教養・娯楽	76000.0		7.11	
2016-09-29	2	9	7520	エコス	株主優待券、ブランド米	食料品|食事券	112000.0		7.11	
2016-09-29	2	10	9876	コックス	株主優待カード	暮らし	28000.0		7.06	
2016-09-29	2	11	3387	クリレスＨＤ	優待食事券	食事券	103000.0		6.93	
2016-09-29	2	12	7603	マックハウス	買物優待券	美容・ファッション	74000.0		6.74	
2016-09-29	2	13	7512	イオン北海	株主優待券	暮らし	54000.0		6.44	
2016-09-29	2	14	9846	天満屋ス	株主優待券、ＶＪＡギフトカード	金券|暮らし	104000.0		6.24	
2016-09-29	2	15	3384	アークコア	クオカード	金券	33000.0		6.02	
2016-09-29	2	16	2930	北の達人	自社商品詰合せ	美容・ファッション	46000.0		5.9	
2016-09-29	2	17	2662	ダイユーエイト	自社商品券、ＪＣＢギフトカード	金券|暮らし	62000.0		5.78	
2016-09-29	2	18	9381	エーアイテイー	株主優待商品	カタログギフト	87000.0		5.7	
2016-09-29	2	19	3063	ｊＧｒｏｕｐ	優待食事券	食事券	76000.0		5.6	
2016-09-29	2	20	2686	ジーフット	株主優待券	美容・ファッション	71000.0		5.49	
2016-09-29	3	1	8848	レオパレス２１	自社リゾートホテル宿泊割引券	交通・旅行|長期保有特典	67000.0		144.74	
2016-09-29	3	2	8107	キムラタン	自社製品ライセンスキー、株主優待券	暮らし	6000.0		83.33	
2016-09-29	3	3	7593	ＶＴＨＤ	レンタカー利用割引券、カタログギフト	カタログギフト|交通・旅行	53000.0		77.69	
2016-09-29	3	4	4765	モーニングスター	自社投資情報サービス	美容・ファッション|金融サービス	28000.0		56.0	
2016-09-29	3	5	7419	ノジマ	株主優待割引券	暮らし	126000.0		17.48	
2016-09-29	3	6	2666	オートウェーブ	買物優待券	暮らし	10000.0		17.3	
2016-09-29	3	7	3187	サンワカンパニー	買物優待割引券	暮らし	195000.0		16.36	
2016-09-29	3	8	4777	ガーラ	自社アプリ仮想通貨	教養・娯楽	31000.0		15.92	
2016-09-29	3	9	4712	アドアーズ	自社サロンチケ ット	美容・ファッション	278000.0		15.1	
2016-09-29	3	10	3205	ダイドー	自社取扱品	美容・ファッション	41000.0		14.59	
2016-09-29	3	11	8881	日神不	自社施設利用無料券	暮らし	34000.0		14.49	
2016-09-29	3	12	9788	ナック	自社優待品	美容・ファッション	88000.0		14.18	
2016-09-29	3	13	9760	進学会	自社グループ受講優待券	教養・娯楽	51000.0		11.6	
2016-09-29	3	14	3598	山喜	買物優待券	美容・ファッション	21000.0		11.57	
2016-09-29	3	15	9367	大東港運	オリジナル・クオカード	金券	36000.0		10.49	
2016-09-29	3	16	3347	トラスト	Ｊネットレンタカー利用割引券 、三菱ＵＦＪニコスギフトカード	金券|交通・旅行	32000.0		10.31	
2016-09-29	3	17	6628	オンキヨー	自社グループクーポン	教養・娯楽	10000.0		9.9	
2016-09-29	3	18	6412	平和	自社施設優待券	スポーツ	226000.0		9.71	
2016-09-29	3	19	4837	シダックス	株主優待券	教養・娯楽	41000.0		9.63	
2016-09-29	3	20	5343	ニッコー	自社取扱商品	暮らし|ポイントサービス	105000.0		9.52	
2016-09-29	12	1	3807	フィスコ	自社アプリ無料クーポン	金融サービス	29000.0		45.39	
2016-09-29	12	2	9973	小僧寿し	優待割引券	食事券	40000.0		24.69	
2016-09-29	12	3	9449	ＧＭＯ	自社グループ割引サービス	暮らし|金融サービス	141000.0		19.71	
2016-09-29	12	4	9439	ＭＨグループ	株主優待券	美容・ファッション|長期保有特典	23000.0		13.86	
2016-09-29	12	5	7177	ＧＭＯクリック	証券金融サービス	金融サービス	72000.0		11.38	
2016-09-29	12	6	2762	三光ＭＦ	食事優待券、精米	食料品|食事券	93000.0		8.15	
2016-09-29	12	7	2193	ＣＯＯＫＰＡＤ	自社サイトサービス利用クーポン※2016年12月期優待内容は未定	ポイントサービス	98000.0		7.73	
2016-09-29	12	8	4840	トライアイズ	買物優待券、株主優待カード	暮らし	29000.0		7.56	
2016-09-29	12	9	6078	バリューＨＲ	自社サービス無料券	暮らし|長期保有特典	206000.0		6.76	
2016-09-29	12	10	4755	楽天	株主優待券	交通・旅行|ポイントサービス|教養・娯楽|スポーツ|金融サービス	135000.0		6.48	
2016-09-29	12	11	4221	大倉工	自社リゾートホテル宿泊割引券	交通・旅行	367000.0		5.77	
2016-09-29	12	12	3319	ＧＤＯ	スポーツ施設優待券	スポーツ	79000.0		5.7	
2016-09-29	12	13	3082	きちり	優待食事券	食事券	66000.0		5.66	
2016-09-29	12	14	2406	アルテＨＤ	株主優待券	美容・ファッション	70000.0		5.65	
2016-09-29	12	15	8304	あおぞら	ＪＴＢナイスギフト	金券	349000.0		5.33	
2016-09-29	12	16	6789	ローランドＤＧ	世界特産品	カタログギフト	229000.0		5.26	
2016-09-29	12	17	1766	東建コーポ	新潟県ブランド米、ミネラルウォーター	食料品|交通・旅行|暮らし|スポーツ	76000.0		5.14	
2016-09-29	12	18	8011	三陽商	株主優待セール	美容・ファッション	163000.0		4.9	
2016-09-29	12	19	8609	岡三	証券金融サービス	金融サービス	519000.0		4.81	
2016-09-29	12	20	9386	日本コンセプト	オリジナル・クオカード、商品カタログ	金券|カタログギフト|長期保有特典	86000.0		4.63	
2016-10-02	5	1	9855	くろがや	買物優待券	暮らし	51000.0		6.21	
2016-10-02	5	2	2792	ハニーズ	自社商品引換券	美容・ファッション	11000.0		5.9	
2016-10-02	5	3	1766	東建コーポ	新潟県ブランド米、ミネラルウォーター	食料品|交通・旅行|暮らし|スポーツ	75000.0		5.26	
2016-10-02	5	4	8609	岡三	証券金融サービス	金融サービス	515000.0		4.85	
2016-10-02	5	5	7921	宝印刷	株主優待カタログ	カタログギフト|長期保有特典	136000.0		4.75	
2016-10-02	5	6	4825	ＷＮＩウェザー	自社サービス無料入会	暮らし	303000.0		4.5	
2016-10-02	5	7	3297	東武住販	地域特産品	食料品	144000.0		4.5	
2016-10-02	5	8	8617	光世証	証券金融サービス	金融サービス	113000.0		4.42	
2016-10-02	5	9	9837	モリト	オリジナル・クオカード	金券	80000.0		4.28	
2016-10-02	5	10	9765	オオバ	全国共通おこめ券	金券	42000.0		3.88	
2016-10-02	5	11	6044	三機サービス	クオカード	金券	66000.0		3.76	
2016-10-02	5	12	8703	ＫＡＢＵ．ＣＯＭ	証券金融サービス	金融サービス|長期保有特典	33000.0		3.55	
2016-10-02	5	13	3022	山下医	オリジナル・クオカード	金券	176000.0		3.4	
2016-10-02	5	14	3230	スター・マイカ	オリジナル・クオカード、生活関連商品	金券|美容・ファッション	173000.0		3.39	
2016-10-02	5	15	8908	毎コムネット	自社サービス無料利用権	暮らし	102000.0		2.92	
2016-10-02	5	16	1419	タマホーム	リフォームサービス優待券、オリジナル・クオカード	金券|暮らし|長期保有特典|社会貢献	51000.0		2.91	
2016-10-02	5	17	3139	ラクト・ジャパン	オリジナル・クオカード	金券	138000.0		2.88	
2016-10-02	5	18	3201	ニッケ	株主優待割引券	暮らし			2.85	
2016-10-02	5	19	6985	ユーシン	クオカード	金券|長期保有特典	72000.0		2.76	
2016-10-02	5	20	3160	大光	クオカード、自社商品券	金券|暮らし	77000.0		2.71	
2016-10-02	6	1	3807	フィスコ	自社アプリ無料クーポン	金融サービス	29000.0		45.54	
2016-10-02	6	2	9973	小僧寿し	優待割引券	食事券	41000.0		24.39	
2016-10-02	6	3	9449	ＧＭＯ	自社グループ割引サービス	暮らし|金融サービス	134000.0		20.66	
2016-10-02	6	4	7177	ＧＭＯクリック	証券金融サービス	金融サービス	72000.0		11.34	
2016-10-02	6	5	2180	サニーサイド	株主優待券	食事券	86000.0		8.67	
2016-10-02	6	6	2762	三光ＭＦ	食事優待券、精米	食料品|食事券	93000.0		8.12	
2016-10-02	6	7	3140	イデアインター	自社グループ商品	カタログギフト	75000.0		7.91	
2016-10-02	6	8	3660	アイスタイル	株主優待割引券	美容・ファッション	81000.0		5.92	
2016-10-02	6	9	4221	大倉工	自社リゾートホテル宿泊割引券	交通・旅行	372000.0		5.7	
2016-10-02	6	10	3319	ＧＤＯ	スポーツ施設優待券	スポーツ	81000.0		5.6	
2016-10-02	6	11	8304	あおぞら	ＪＴＢナイスギフト	金券	347000.0		5.36	
2016-10-02	6	12	1766	東建コーポ	新潟県ブランド米、ミネラルウォーター	食料品|交通・旅行|暮らし|スポーツ	75000.0		5.26	
2016-10-02	6	13	6785	鈴木	地域名産品	食料品	53000.0		4.89	
2016-10-02	6	14	8609	岡三	証券金融サービス	金融サービス	515000.0		4.85	
2016-10-02	6	15	8011	三陽商	株主優待セール	美容・ファッション	167000.0		4.79	
2016-10-02	6	16	7962	キングジム	自社グループ商品	暮らし	84000.0		4.61	
2016-10-02	6	17	9386	日本コンセプト	オリジナル・クオカード、商品カタログ	金券|カタログギフト|長期保有特典	87000.0		4.58	
2016-10-02	6	18	9612	ラックランド	東北地方産品	食料品	175000.0		4.56	
2016-10-02	6	19	8617	光世証	証券金融サービス	金融サービス	113000.0		4.42	
2016-10-02	6	20	9966	藤久	買物優待券	暮らし	173000.0		4.39	
2016-10-03	4	1	3318	メガネスーパ	株主優待割引券、クオカード	美容・ファッション	5000.0		677.96	
2016-10-03	4	2	1766	東建コーポ	新潟県ブランド米、ミネラルウォーター	食料品|交通・旅行|暮らし|スポーツ	74000.0		5.28	
2016-10-03	4	3	6097	日本ビューホテル	株主優待割引券	交通・旅行	131000.0		5.09	
2016-10-03	4	4	8609	岡三	証券金融サービス	金融サービス	515000.0		4.85	
2016-10-03	4	5	3308	日本ヘルスケア	家賃優待割引券、介護優待割引券	保育・介護・医療	179000.0		4.79	
2016-10-03	4	6	3843	フリービット	携帯電話サービス	暮らし	83000.0		4.43	
2016-10-03	4	7	8617	光世証	証券金融サービス	金融サービス	115000.0		4.34	
2016-10-03	4	8	2751	テンポス	優待食事券、買物優待券	食事券|暮らし	168000.0		4.22	
2016-10-03	4	9	2198	アイ・ケイ・ケイ	優待食事券、株主優待商品	食料品|食事券	63000.0		3.94	
2016-10-03	4	10	2159	ＦＳ	自社グループサービス	暮らし	87000.0		3.71	
2016-10-03	4	11	6630	ヤーマン	自社商品	美容・ファッション	371000.0		3.66	
2016-10-03	4	12	8703	ＫＡＢＵ．ＣＯＭ	証券金融サービス	金融サービス|長期保有特典	33000.0		3.59	
2016-10-03	4	13	4989	イハラケミカル	地域特産品、おこめ券	食料品|金券|長期保有特典	89000.0		3.56	
2016-10-03	4	14	9444	トーシン	自社商品券、自社施設利用無料券	スポーツ	56000.0		3.54	
2016-10-03	4	15	9603	Ｈ．Ｉ．Ｓ．	株主優待券、自社施設優待券	交通・旅行|教養・娯楽	264000.0		3.09	
2016-10-03	4	16	8917	ファースト住建	自社商品、自社選定商品	食料品|金券|長期保有特典	133000.0		2.77	
2016-10-03	4	17	3180	Ｂガレジ	自社オリジナル商品	食料品	132000.0		2.68	
2016-10-03	4	18	7968	ＴＡＳＡＫＩ	株主優待割引券	美容・ファッション	153000.0		2.6	
2016-10-03	4	19	3361	トーエル	自社取扱商品	食料品	454000.0		2.31	
2016-10-03	4	20	2910	ロックフィルド	買物優待券、自社工場見学会	食事券|教養・娯楽	151000.0		2.31	
2016-10-22	7	1	1766	東建コーポ	新潟県ブランド米、ミネラルウォーター	食料品|交通・旅行|暮らし|スポーツ	76000.0		5.17	
2016-10-22	7	2	9829	ながの東	買物優待券	暮らし	208000.0		4.8	
2016-10-22	7	3	8609	岡三	証券金融サービス	金融サービス	523000.0		4.78	
2016-10-22	7	4	3455	ＨＣＭ	介護無料相談	保育・介護・医療	108000.0		4.32	
2016-10-22	7	5	8617	光世証	証券金融サービス	金融サービス	118000.0		4.23	
2016-10-22	7	6	8142	トーホー	買物割引券、自社製品	食料品|食事券	244000.0		4.08	
2016-10-22	7	7	7590	タカショー	株主優待カタログ、オリジナルカレンダー	カタログギフト|教養・娯楽|カレンダー	42000.0		4.02	
2016-10-22	7	8	8703	ＫＡＢＵ．ＣＯＭ	証券金融サービス	金融サービス|長期保有特典	32000.0		3.64	
2016-10-22	7	9	7850	総合商研	北海道特産品	食料品|暮らし	693000.0		3.31	
2016-10-22	7	10	3399	山岡家	株主優待券	食料品|食事券	122000.0		3.2	
2016-10-22	7	11	6654	不二電機工業	クオカード	金券|長期保有特典	137000.0		3.06	
2016-10-22	7	12	3172	ティーライフ	株主優待券	暮らし	137000.0		2.77	
2016-10-22	7	13	3159	丸善ＣＨＩ	自社商品券	暮らし	36000.0		2.73	
2016-10-22	7	14	9632	スバル興	映画招待券	教養・娯楽	412000.0		2.67	
2016-10-22	7	15	3421	稲葉製作	オリジナル図書カード、地域特産品	食料品|金券	131000.0		2.59	
2016-10-22	7	16	2353	日駐	自社施設利用無料券	交通・旅行|暮らし	142000.0		2.46	
2016-10-22	7	17	2590	ＤｙＤｏ	自社グループ製品詰合せ	食料品	567000.0		2.11	
2016-10-22	7	18	8562	福島銀	銀行金融サービス	金融サービス	96000.0		2.08	
2016-10-22	7	19	7614	オーエムツー	優待食事券	食料品|食事券	117000.0		2.05	
2016-10-22	7	20	3539	ジャパンミート	精肉関連商品	食料品	146000.0		2.04	
2016-10-22	8	1	4842	ＵＳＥＮ	自社サービス無料券	暮らし	3000.0		1055.45	
2016-10-22	8	2	6025	日本ＰＣサービス	自社サービス利用券	暮らし	210000.0		9.52	
2016-10-22	8	3	4745	東京個別	自社グループ受講割引券	教養・娯楽	54000.0		8.07	
2016-10-22	8	4	3222	Ｕ．Ｓ．Ｍ．Ｈ	買物優待券、お米	食料品|暮らし	94000.0		7.83	
2016-10-22	8	5	2404	鉄人化計画	株主優待カード、優待食事券	食事券|暮らし	39000.0		7.65	
2016-10-22	8	6	3387	クリレスＨＤ	優待食事券	食事券	99000.0		7.17	
2016-10-22	8	7	7520	エコス	株主優待券、ブランド米	食料品|食事券	118000.0		6.75	
2016-10-22	8	8	2157	コシダカＨＤ	自社グループ優待券、カタログギフト	カタログギフト|暮らし	170000.0		6.56	
2016-10-22	8	9	3198	ＳＦＰダイニング	優待食事券	金券|美容・ファッション	157000.0		6.44	
2016-10-22	8	10	9846	天満屋ス	株主優待券、ＶＪＡギフトカード	金券|暮らし	106000.0		6.09	
2016-10-22	8	11	7445	ライトオン	買物優待券	美容・ファッション	100000.0		5.98	
2016-10-22	8	12	8127	ヤマトインター	自社製品	教養・娯楽	38000.0		5.7	
2016-10-22	8	13	3063	ｊＧｒｏｕｐ	優待食事券	食事券	77000.0		5.53	
2016-10-22	8	14	3344	ワンダーＣｏ．	株主優待ポイント	カタログギフト|ポイントサービス|長期保有特典|社会貢献	81000.0		5.52	
2016-10-22	8	15	3045	カワサキ	ハンカチ、自社製品	暮らし	122000.0		5.29	
2016-10-22	8	16	1766	東建コーポ	新潟県ブランド米、ミネラルウォーター	食料品|交通・旅行|暮らし|スポーツ	76000.0		5.17	
2016-10-22	8	17	7514	ヒマラヤ	株主優待割引券	教養・娯楽	80000.0		4.97	
2016-10-22	8	18	4668	明光ネット	オリジナル・クオカード	金券|長期保有特典	98000.0		4.89	
2016-10-22	8	19	2178	トライＳＴＧ	オリジナル・クオカード	金券	197000.0		4.81	
2016-10-22	8	20	3048	ビックカメラ	買物優待券	暮らし|長期保有特典	87000.0		4.79	
2016-10-22	9	1	8848	レオパレス２１	自社リゾートホテル宿泊割引券	交通・旅行|長期保有特典	67000.0		144.1	
2016-10-22	9	2	3747	インタートレード	株主優待割引券	美容・ファッション|長期保有特典	22000.0		53.33	
2016-10-22	9	3	3726	フォーシーズＨＤ	株主優待券	美容・ファッション	37000.0		26.45	
2016-10-22	9	4	2453	ＪＢＲ	自社サービス優待券	暮らし|教養・娯楽	24000.0		22.08	
2016-10-22	9	5	6181	パートナーＡ	自社サービス利用券	金券|暮らし	152000.0		19.73	
2016-10-22	9	6	7419	ノジマ	株主優待割引券	暮らし	126000.0		17.6	
2016-10-22	9	7	2666	オートウェーブ	買物優待券	暮らし	10000.0		17.47	
2016-10-22	9	8	3598	山喜	買物優待券	美容・ファッション	21000.0		11.79	
2016-10-22	9	9	3347	トラスト	Ｊネットレンタカー利用割引券 、三菱ＵＦＪニコスギフトカード	金券|交通・旅行	32000.0		10.09	
2016-10-22	9	10	6628	オンキヨー	自社グループクーポン	教養・娯楽	10000.0		9.61	
2016-10-22	9	11	5343	ニッコー	自社取扱商品	暮らし|ポイントサービス	104000.0		9.61	
2016-10-22	9	12	4650	ＳＤエンター	自社レジャー施設優待券	美容・ファッション|教養・娯楽|スポーツ	64000.0		9.34	
2016-10-22	9	13	6412	平和	自社施設優待券	スポーツ	236000.0		9.3	
2016-10-22	9	14	5261	リソル	自社商品券、株主優待カード	金券	314000.0		9.23	
2016-10-22	9	15	7185	ヒロセ通商	自社キャンペーン商品	食料品	126000.0		9.18	
2016-10-22	9	16	7524	マルシェ	優待食事券	食料品|食事券|社会貢献	82000.0		8.5	
2016-10-22	9	17	4680	ラウンドワン	自社施設割引券	スポーツ	70000.0		8.47	
2016-10-22	9	18	1518	三井松島	ホテル宿泊割引券	交通・旅行	119000.0		8.39	
2016-10-22	9	19	9832	オートバックス	株主優待カード	暮らし	149000.0		8.19	
2016-10-22	9	20	9831	ヤマダ電機	自社優待割引券	暮らし|長期保有特典	53000.0		7.85	
2016-10-22	10	1	3318	メガネスーパ	株主優待割引券、クオカード	美容・ファッション	5000.0		689.65	
2016-10-22	10	2	1873	日本ハウスＨＤ	自社製品	食料品	433000.0		5.35	
2016-10-22	10	3	1766	東建コーポ	新潟県ブランド米、ミネラルウォーター	食料品|交通・旅行|暮らし|スポーツ	76000.0		5.17	
2016-10-22	10	4	6097	日本ビューホテル	株主優待割引券	交通・旅行	130000.0		5.11	
2016-10-22	10	5	8609	岡三	証券金融サービス	金融サービス	523000.0		4.78	
2016-10-22	10	6	3308	日本ヘルスケア	家賃優待割引券、介護優待割引券	保育・介護・医療	180000.0		4.76	
2016-10-22	10	7	8617	光世証	証券金融サービス	金融サービス	118000.0		4.23	
2016-10-22	10	8	8703	ＫＡＢＵ．ＣＯＭ	証券金融サービス	金融サービス|長期保有特典	32000.0		3.64	
2016-10-22	10	9	9444	トーシン	自社商品券、自社施設利用無料券	スポーツ	56000.0		3.55	
2016-10-22	10	10	7640	トップカルチャ	TSUTAYA ギフト券	教養・娯楽|長期保有特典	242000.0		3.5	
2016-10-22	10	11	9603	Ｈ．Ｉ．Ｓ．	株主優待券、自社施設優待券	交通・旅行|教養・娯楽	271000.0		3.01	
2016-10-22	10	12	6309	巴工業	自社関連商品	食料品	158000.0		2.83	
2016-10-22	10	13	8917	ファースト住建	自社商品、自社選定商品	食料品|金券|長期保有特典	135000.0		2.73	
2016-10-22	10	14	9824	泉州電業	オリジナル・クオカード	金券	171000.0		2.67	
2016-10-22	10	15	7968	ＴＡＳＡＫＩ	株主優待割引券	美容・ファッション	150000.0		2.66	
2016-10-22	10	16	2301	学情	オリジナル・クオカード	金券	114000.0		2.52	
2016-10-22	10	17	7856	萩原工業	オリジナルカタログ	金券|カタログギフト|長期保有特典	246000.0		2.43	
2016-10-22	10	18	4355	ロングライフＨＤ	介護優待券、自社グループ製品詰合せ	食料品|保育・介護・医療	35000.0		2.42	
2016-10-22	10	19	2910	ロックフィルド	買物優待券、自社工場見学会	食事券|教養・娯楽	150000.0		2.32	
2016-10-22	10	20	3329	東和フード	優待食事券	食料品|食事券	197000.0		2.27	
2016-10-30	12	1	3807	フィスコ	自社アプリ無料クーポン	金融サービス	28000.0		47.0	
2016-10-30	12	2	9973	小僧寿し	優待割引券	食事券	42000.0		23.81	
2016-10-30	12	3	9449	ＧＭＯ	自社グループ割引サービス	暮らし|金融サービス	140000.0		19.8	
2016-10-30	12	4	9439	ＭＨグループ	株主優待券	美容・ファッション|長期保有特典	27000.0		12.22	
2016-10-30	12	5	7177	ＧＭＯクリック	証券金融サービス	金融サービス	78000.0		10.5	
2016-10-30	12	6	2762	三光ＭＦ	食事優待券、精米	食料品|食事券	94000.0		8.0	
2016-10-30	12	7	2193	ＣＯＯＫＰＡＤ	自社サイトサービス利用クーポン※2016年12月期優待内容は未定	ポイントサービス	100000.0		7.55	
2016-10-30	12	8	4840	トライアイズ	買物優待券、株主優待カード	暮らし	30000.0		7.3	
2016-10-30	12	9	4755	楽天	株主優待券	交通・旅行|ポイントサービス|教養・娯楽|スポーツ|金融サービス	124000.0		7.05	
2016-10-30	12	10	6078	バリューＨＲ	自社サービス無料券	暮らし|長期保有特典	214000.0		6.51	
2016-10-30	12	11	2406	アルテＨＤ	株主優待券	美容・ファッション	70000.0		5.67	
2016-10-30	12	12	3319	ＧＤＯ	スポーツ施設優待券	スポーツ	83000.0		5.44	
2016-10-30	12	13	3082	きちり	優待食事券	食事券	69000.0		5.38	
2016-10-30	12	14	8304	あおぞら	ＪＴＢナイスギフト	金券	346000.0		5.37	
2016-10-30	12	15	1766	東建コーポ	新潟県ブランド米、ミネラルウォーター	食料品|交通・旅行|暮らし|スポーツ	76000.0		5.19	
2016-10-30	12	16	4221	大倉工	自社リゾートホテル宿泊割引券	交通・旅行	416000.0		5.09	
2016-10-30	12	17	6789	ローランドＤＧ	世界特産品	カタログギフト	246000.0		4.9	
2016-10-30	12	18	8011	三陽商	株主優待セール	美容・ファッション	173000.0		4.62	
2016-10-30	12	19	3302	帝繊維	クオカード、自社製品	金券|暮らし	157000.0		4.44	
2016-10-30	12	20	8609	岡三	証券金融サービス	金融サービス	565000.0		4.42	
2016-10-31	2	1	4842	ＵＳＥＮ	自社サービス無料券	暮らし	3000.0		1058.66	
2016-10-31	2	2	8175	ベスト電	株主優待割引券	暮らし	13000.0		38.05	
2016-10-31	2	3	8257	山陽百貨	株主優待券、優待食事券	食事券	13000.0		32.72	
2016-10-31	2	4	4745	東京個別	自社グループ受講割引券	教養・娯楽	55000.0		7.9	
2016-10-31	2	5	3222	Ｕ．Ｓ．Ｍ．Ｈ	買物優待券、お米	食料品|暮らし	95000.0		7.79	
2016-10-31	2	6	9876	コックス	株主優待カード	暮らし	26000.0		7.54	
2016-10-31	2	7	3387	クリレスＨＤ	優待食事券	食事券	99000.0		7.2	
2016-10-31	2	8	3057	ゼットン	優待食事券、公共施設入場券	食事券|教養・娯楽	79000.0		6.89	
2016-10-31	2	9	3198	ＳＦＰダイニング	優待食事券	金券|美容・ファッション	154000.0		6.58	
2016-10-31	2	10	4645	市進ＨＤ	自社グループ受講割引券	教養・娯楽	227000.0		6.56	
2016-10-31	2	11	7603	マックハウス	買物優待券	美容・ファッション	76000.0		6.55	
2016-10-31	2	12	7512	イオン北海	株主優待券	暮らし	53000.0		6.51	
2016-10-31	2	13	7520	エコス	株主優待券、ブランド米	食料品|食事券	124000.0		6.44	
2016-10-31	2	14	9846	天満屋ス	株主優待券、ＶＪＡギフトカード	金券|暮らし	107000.0		6.07	
2016-10-31	2	15	2930	北の達人	自社商品詰合せ	美容・ファッション	46000.0		5.93	
2016-10-31	2	16	2662	ダイユーエイト	自社商品券、ＪＣＢギフトカード	金券|暮らし	62000.0		5.78	
2016-10-31	2	17	3384	アークコア	クオカード	金券	35000.0		5.61	
2016-10-31	2	18	3063	ｊＧｒｏｕｐ	優待食事券	食事券	77000.0		5.52	
2016-10-31	2	19	9381	エーアイテイー	株主優待商品	カタログギフト	94000.0		5.31	
2016-10-31	2	20	1766	東建コーポ	新潟県ブランド米、ミネラルウォーター	食料品|交通・旅行|暮らし|スポーツ	76000.0		5.19	
2016-10-31	3	1	8848	レオパレス２１	自社リゾートホテル宿泊割引券	交通・旅行|長期保有特典	67000.0		143.47	
2016-10-31	3	2	7593	ＶＴＨＤ	レンタカー利用割引券、カタログギフト	カタログギフト|交通・旅行	56000.0		73.98	
2016-10-31	3	3	8107	キムラタン	自社製品ライセンスキー、株主優待券	暮らし	8000.0		62.5	
2016-10-31	3	4	4765	モーニングスター	自社投資情報サービス	美容・ファッション|金融サービス	30000.0		52.26	
2016-10-31	3	5	2666	オートウェーブ	買物優待券	暮らし	10000.0		16.82	
2016-10-31	3	6	7419	ノジマ	株主優待割引券	暮らし	133000.0		16.68	
2016-10-31	3	7	4712	アドアーズ	自社サロンチケ ット	美容・ファッション	264000.0		15.91	
2016-10-31	3	8	4777	ガーラ	自社アプリ仮想通貨	教養・娯楽	33000.0		14.88	
2016-10-31	3	9	3205	ダイドー	自社取扱品	美容・ファッション	41000.0		14.56	
2016-10-31	3	10	3187	サンワカンパニー	買物優待割引券	暮らし	224000.0		14.25	
2016-10-31	3	11	9788	ナック	自社優待品	美容・ファッション	89000.0		13.96	
2016-10-31	3	12	8881	日神不	自社施設利用無料券	暮らし	38000.0		12.92	
2016-10-31	3	13	9760	進学会	自社グループ受講優待券	教養・娯楽	49000.0		12.19	
2016-10-31	3	14	3598	山喜	買物優待券	美容・ファッション	21000.0		11.79	
2016-10-31	3	15	3347	トラスト	Ｊネットレンタカー利用割引券 、三菱ＵＦＪニコスギフトカード	金券|交通・旅行	30000.0		10.78	
2016-10-31	3	16	9367	大東港運	オリジナル・クオカード	金券	35000.0		10.73	
2016-10-31	3	17	5343	ニッコー	自社取扱商品	暮らし|ポイントサービス	103000.0		9.7	
2016-10-31	3	18	4837	シダックス	株主優待券	教養・娯楽	42000.0		9.43	
2016-10-31	3	19	4650	ＳＤエンター	自社レジャー施設優待券	美容・ファッション|教養・娯楽|スポーツ	64000.0		9.31	
2016-10-31	3	20	8613	丸三証	水産加工品、新潟県ブランド米	食料品	87000.0		9.13	
2016-11-02	5	1	9855	くろがや	買物優待券	暮らし	54000.0		5.84	
2016-11-02	5	2	2792	ハニーズ	自社商品引換券	美容・ファッション	12000.0		5.78	
2016-11-02	5	3	1766	東建コーポ	新潟県ブランド米、ミネラルウォーター	食料品|交通・旅行|暮らし|スポーツ	76000.0		5.17	
2016-11-02	5	4	8609	岡三	証券金融サービス	金融サービス	540000.0		4.63	
2016-11-02	5	5	3297	東武住販	地域特産品	食料品	147000.0		4.41	
2016-11-02	5	6	7921	宝印刷	株主優待カタログ	カタログギフト|長期保有特典	147000.0		4.41	
2016-11-02	5	7	9837	モリト	オリジナル・クオカード	金券	80000.0		4.27	
2016-11-02	5	8	8617	光世証	証券金融サービス	金融サービス	119000.0		4.2	
2016-11-02	5	9	4825	ＷＮＩウェザー	自社サービス無料入会	暮らし	328000.0		4.15	
2016-11-02	5	10	9765	オオバ	全国共通おこめ券	金券	43000.0		3.73	
2016-11-02	5	11	8703	ＫＡＢＵ．ＣＯＭ	証券金融サービス	金融サービス|長期保有特典	32000.0		3.71	
2016-11-02	5	12	3022	山下医	オリジナル・クオカード	金券	171000.0		3.49	
2016-11-02	5	13	3230	スター・マイカ	オリジナル・クオカード、生活関連商品	金券|美容・ファッション	179000.0		3.29	
2016-11-02	5	14	6044	三機サービス	クオカード	金券	77000.0		3.21	
2016-11-02	5	15	3139	ラクト・ジャパン	オリジナル・クオカード	金券	141000.0		2.82	
2016-11-02	5	16	8908	毎コムネット	自社サービス無料利用権	暮らし	107000.0		2.8	
2016-11-02	5	17	3201	ニッケ	株主優待割引券	暮らし			2.71	
2016-11-02	5	18	6985	ユーシン	クオカード	金券|長期保有特典	74000.0		2.7	
2016-11-02	5	19	1419	タマホーム	リフォームサービス優待券、オリジナル・クオカード	金券|暮らし|長期保有特典|社会貢献	55000.0		2.68	
2016-11-02	5	20	2462	ジェイコムＨＤ	クオカード、老人ホーム入居優待	金券|保育・介護・医療	192000.0		2.59	
2016-11-02	6	1	3807	フィスコ	自社アプリ無料クーポン	金融サービス	27000.0		48.55	
2016-11-02	6	2	9973	小僧寿し	優待割引券	食事券	41000.0		24.39	
2016-11-02	6	3	9449	ＧＭＯ	自社グループ割引サービス	暮らし|金融サービス	133000.0		20.87	
2016-11-02	6	4	7177	ＧＭＯクリック	証券金融サービス	金融サービス	75000.0		10.92	
2016-11-02	6	5	2180	サニーサイド	株主優待券	食事券	86000.0		8.68	
2016-11-02	6	6	2762	三光ＭＦ	食事優待券、精米	食料品|食事券	95000.0		7.95	
2016-11-02	6	7	3140	イデアインター	自社グループ商品	カタログギフト	75000.0		7.93	
2016-11-02	6	8	3660	アイスタイル	株主優待割引券	美容・ファッション	76000.0		6.3	
2016-11-02	6	9	3319	ＧＤＯ	スポーツ施設優待券	スポーツ	78000.0		5.79	
2016-11-02	6	10	8304	あおぞら	ＪＴＢナイスギフト	金券	342000.0		5.43	
2016-11-02	6	11	4221	大倉工	自社リゾートホテル宿泊割引券	交通・旅行	400000.0		5.3	
2016-11-02	6	12	1766	東建コーポ	新潟県ブランド米、ミネラルウォーター	食料品|交通・旅行|暮らし|スポーツ	76000.0		5.17	
2016-11-02	6	13	6785	鈴木	地域名産品	食料品	52000.0		4.99	
2016-11-02	6	14	8011	三陽商	株主優待セール	美容・ファッション	162000.0		4.93	
2016-11-02	6	15	7962	キングジム	自社グループ商品	暮らし	83000.0		4.66	
2016-11-02	6	16	8609	岡三	証券金融サービス	金融サービス	540000.0		4.63	
2016-11-02	6	17	9612	ラックランド	東北地方産品	食料品	174000.0		4.59	
2016-11-02	6	18	9966	藤久	買物優待券	暮らし	170000.0		4.44	
2016-11-02	6	19	9386	日本コンセプト	オリジナル・クオカード、商品カタログ	金券|カタログギフト|長期保有特典	92000.0		4.3	
2016-11-02	6	20	8617	光世証	証券金融サービス	金融サービス	119000.0		4.2	
