{
  "total_return": 0.5821513624157673,
  "annualized_return": 921871337716.4257,
  "annualized_volatility": 3.6049677935059843,
  "sharpe_ratio": 255722489220.86948,
  "max_drawdown": 0.0,
  "win_rate": 0.6666666666666666,
  "profit_factor": 7.7043034360723786,
  "total_trades": 7,
  "winning_trades": 2,
  "losing_trades": 1,
  "total_commission": 10615.507614179993,
  "total_dividend": 0.0,
  "final_value": 15821513.624157673
}